Transaction Type Index,Transaction Name,Start Time (microseconds),Latency (microseconds),Worker Id (start number),Phase Id (index in config file)
3,DepositChecking,1764751700.145632,4601,0,1
3,DepositChecking,1764751700.155351,4347,0,1
3,DepositChecking,1764751700.165347,4527,0,1
6,WriteCheck,1764751700.175386,5776,0,1
4,SendPayment,1764751700.185448,5781,0,1
2,Balance,1764751700.195508,2927,0,1
3,DepositChecking,1764751700.205402,4021,0,1
4,SendPayment,1764751700.215435,5232,0,1
3,DepositChecking,1764751700.225454,3628,0,1
2,Balance,1764751700.235392,2039,0,1
1,Amalgamate,1764751700.245369,5906,0,1
6,WriteCheck,1764751700.255399,5270,0,1
2,Balance,1764751700.265311,1205,0,1
1,Amalgamate,1764751700.275334,5337,0,1
6,WriteCheck,1764751700.285537,4271,0,1
6,WriteCheck,1764751700.295323,4331,0,1
1,Amalgamate,1764751700.305343,4681,0,1
4,SendPayment,1764751700.315312,4757,0,1
6,WriteCheck,1764751700.325475,4499,0,1
1,Amalgamate,1764751700.335368,5424,0,1
3,DepositChecking,1764751700.345316,4049,0,1
4,SendPayment,1764751700.355297,4417,0,1
1,Amalgamate,1764751700.365320,5188,0,1
2,Balance,1764751700.375409,1631,0,1
1,Amalgamate,1764751700.385365,5583,0,1
4,SendPayment,1764751700.395340,5567,0,1
1,Amalgamate,1764751700.405394,4795,0,1
3,DepositChecking,1764751700.415491,4010,0,1
5,TransactSavings,1764751700.425519,4302,0,1
4,SendPayment,1764751700.435319,3866,0,1
1,Amalgamate,1764751700.445357,4580,0,1
5,TransactSavings,1764751700.455418,4563,0,1
1,Amalgamate,1764751700.465607,4309,0,1
2,Balance,1764751700.475307,1528,0,1
5,TransactSavings,1764751700.485364,4269,0,1
6,WriteCheck,1764751700.495340,4211,0,1
1,Amalgamate,1764751700.505310,4599,0,1
1,Amalgamate,1764751700.515372,4461,0,1
3,DepositChecking,1764751700.525402,3388,0,1
5,TransactSavings,1764751700.535353,4252,0,1
1,Amalgamate,1764751700.545362,4911,0,1
4,SendPayment,1764751700.555352,4092,0,1
5,TransactSavings,1764751700.565316,3868,0,1
6,WriteCheck,1764751700.575391,4456,0,1
2,Balance,1764751700.585417,1206,0,1
5,TransactSavings,1764751700.595283,4129,0,1
3,DepositChecking,1764751700.605370,4010,0,1
2,Balance,1764751700.615530,1453,0,1
1,Amalgamate,1764751700.625358,4194,0,1
3,DepositChecking,1764751700.635402,4093,0,1
4,SendPayment,1764751700.645297,4503,0,1
1,Amalgamate,1764751700.655294,4484,0,1
6,WriteCheck,1764751700.665300,4375,0,1
4,SendPayment,1764751700.675316,3906,0,1
1,Amalgamate,1764751700.685348,4003,0,1
6,WriteCheck,1764751700.695396,4474,0,1
5,TransactSavings,1764751700.705378,4334,0,1
1,Amalgamate,1764751700.715371,4531,0,1
6,WriteCheck,1764751700.725280,4529,0,1
2,Balance,1764751700.735332,1758,0,1
6,WriteCheck,1764751700.745456,4774,0,1
4,SendPayment,1764751700.755404,4786,0,1
6,WriteCheck,1764751700.765386,3907,0,1
5,TransactSavings,1764751700.775476,4032,0,1
4,SendPayment,1764751700.785379,4586,0,1
1,Amalgamate,1764751700.795299,3915,0,1
3,DepositChecking,1764751700.805417,3918,0,1
4,SendPayment,1764751700.815321,3474,0,1
2,Balance,1764751700.825505,1297,0,1
5,TransactSavings,1764751700.835343,3457,0,1
3,DepositChecking,1764751700.845326,4033,0,1
4,SendPayment,1764751700.855402,8492,0,1
2,Balance,1764751700.865481,1677,0,1
4,SendPayment,1764751700.875558,3979,0,1
4,SendPayment,1764751700.885313,4452,0,1
3,DepositChecking,1764751700.895299,3207,0,1
4,SendPayment,1764751700.905333,4597,0,1
2,Balance,1764751700.915303,1016,0,1
2,Balance,1764751700.925306,998,0,1
2,Balance,1764751700.935291,908,0,1
4,SendPayment,1764751700.945384,4702,0,1
4,SendPayment,1764751700.955468,4563,0,1
4,SendPayment,1764751700.965384,3907,0,1
6,WriteCheck,1764751700.975324,5073,0,1
4,SendPayment,1764751700.985336,4403,0,1
1,Amalgamate,1764751700.995324,4131,0,1
1,Amalgamate,1764751701.005385,3921,0,1
5,TransactSavings,1764751701.015334,3775,0,1
4,SendPayment,1764751701.025553,4972,0,1
2,Balance,1764751701.035435,1013,0,1
5,TransactSavings,1764751701.045359,4141,0,1
2,Balance,1764751701.055560,972,0,1
3,DepositChecking,1764751701.065395,3429,0,1
3,DepositChecking,1764751701.075373,4057,0,1
6,WriteCheck,1764751701.085328,3924,0,1
4,SendPayment,1764751701.095384,3727,0,1
1,Amalgamate,1764751701.105497,4305,0,1
6,WriteCheck,1764751701.115469,4145,0,1
5,TransactSavings,1764751701.125502,3993,0,1
4,SendPayment,1764751701.135364,4244,0,1
6,WriteCheck,1764751701.145318,3850,0,1
2,Balance,1764751701.155410,913,0,1
3,DepositChecking,1764751701.165442,3606,0,1
6,WriteCheck,1764751701.175364,4023,0,1
4,SendPayment,1764751701.185440,3757,0,1
6,WriteCheck,1764751701.195321,3826,0,1
4,SendPayment,1764751701.205361,3780,0,1
4,SendPayment,1764751701.215457,3787,0,1
5,TransactSavings,1764751701.225421,4198,0,1
1,Amalgamate,1764751701.235464,4178,0,1
6,WriteCheck,1764751701.245510,3844,0,1
3,DepositChecking,1764751701.255361,3316,0,1
3,DepositChecking,1764751701.265328,3339,0,1
6,WriteCheck,1764751701.275306,3983,0,1
4,SendPayment,1764751701.285428,3853,0,1
4,SendPayment,1764751701.295418,3654,0,1
5,TransactSavings,1764751701.306254,3551,0,1
4,SendPayment,1764751701.315375,3654,0,1
1,Amalgamate,1764751701.325312,4481,0,1
3,DepositChecking,1764751701.335388,3933,0,1
5,TransactSavings,1764751701.345330,3870,0,1
3,DepositChecking,1764751701.355360,3815,0,1
4,SendPayment,1764751701.365340,4399,0,1
3,DepositChecking,1764751701.375337,3637,0,1
4,SendPayment,1764751701.385485,4317,0,1
1,Amalgamate,1764751701.395330,4728,0,1
3,DepositChecking,1764751701.405440,3927,0,1
1,Amalgamate,1764751701.415440,4552,0,1
4,SendPayment,1764751701.425306,3555,0,1
1,Amalgamate,1764751701.435295,3595,0,1
4,SendPayment,1764751701.445335,3760,0,1
1,Amalgamate,1764751701.455306,3692,0,1
5,TransactSavings,1764751701.465665,3511,0,1
2,Balance,1764751701.475378,985,0,1
4,SendPayment,1764751701.485379,5044,0,1
1,Amalgamate,1764751701.495328,3947,0,1
6,WriteCheck,1764751701.505400,3840,0,1
3,DepositChecking,1764751701.515411,3847,0,1
5,TransactSavings,1764751701.525343,3988,0,1
4,SendPayment,1764751701.535371,3841,0,1
1,Amalgamate,1764751701.545333,3671,0,1
4,SendPayment,1764751701.555347,4122,0,1
4,SendPayment,1764751701.565346,3835,0,1
6,WriteCheck,1764751701.575319,3695,0,1
4,SendPayment,1764751701.585295,4761,0,1
4,SendPayment,1764751701.595278,4072,0,1
3,DepositChecking,1764751701.605315,4112,0,1
4,SendPayment,1764751701.615302,4277,0,1
3,DepositChecking,1764751701.625313,3803,0,1
4,SendPayment,1764751701.635355,3757,0,1
4,SendPayment,1764751701.645316,3791,0,1
4,SendPayment,1764751701.655363,3914,0,1
5,TransactSavings,1764751701.665433,3819,0,1
3,DepositChecking,1764751701.675375,3386,0,1
1,Amalgamate,1764751701.685287,3972,0,1
3,DepositChecking,1764751701.695348,4841,0,1
4,SendPayment,1764751701.705387,4435,0,1
1,Amalgamate,1764751701.715320,3955,0,1
1,Amalgamate,1764751701.725340,4759,0,1
1,Amalgamate,1764751701.735308,4569,0,1
3,DepositChecking,1764751701.745331,3759,0,1
1,Amalgamate,1764751701.755364,4658,0,1
6,WriteCheck,1764751701.765331,4544,0,1
5,TransactSavings,1764751701.775318,3402,0,1
4,SendPayment,1764751701.785364,4296,0,1
4,SendPayment,1764751701.795351,3484,0,1
6,WriteCheck,1764751701.805395,3580,0,1
3,DepositChecking,1764751701.815396,5224,0,1
1,Amalgamate,1764751701.825306,4240,0,1
1,Amalgamate,1764751701.835326,4015,0,1
2,Balance,1764751701.845343,1227,0,1
2,Balance,1764751701.855426,1047,0,1
3,DepositChecking,1764751701.865285,3318,0,1
2,Balance,1764751701.875395,1152,0,1
6,WriteCheck,1764751701.885381,4310,0,1
1,Amalgamate,1764751701.895540,4025,0,1
1,Amalgamate,1764751701.905467,4357,0,1
6,WriteCheck,1764751701.915356,4117,0,1
1,Amalgamate,1764751701.925323,3992,0,1
4,SendPayment,1764751701.935358,4549,0,1
6,WriteCheck,1764751701.945339,4407,0,1
4,SendPayment,1764751701.955412,3771,0,1
2,Balance,1764751701.965365,889,0,1
2,Balance,1764751701.975574,1301,0,1
2,Balance,1764751701.985452,875,0,1
3,DepositChecking,1764751701.995458,4357,0,1
6,WriteCheck,1764751702.005697,4266,0,1
1,Amalgamate,1764751702.015444,4652,0,1
2,Balance,1764751702.025473,1109,0,1
3,DepositChecking,1764751702.035330,4044,0,1
5,TransactSavings,1764751702.045371,3875,0,1
1,Amalgamate,1764751702.055424,3962,0,1
4,SendPayment,1764751702.065339,3631,0,1
2,Balance,1764751702.075351,1283,0,1
6,WriteCheck,1764751702.085377,3984,0,1
4,SendPayment,1764751702.095302,4097,0,1
4,SendPayment,1764751702.105450,4831,0,1
1,Amalgamate,1764751702.115325,4020,0,1
1,Amalgamate,1764751702.125317,5159,0,1
1,Amalgamate,1764751702.135395,4706,0,1
6,WriteCheck,1764751702.145381,4098,0,1
4,SendPayment,1764751702.155347,3648,0,1
1,Amalgamate,1764751702.165328,4109,0,1
4,SendPayment,1764751702.175324,3869,0,1
3,DepositChecking,1764751702.185374,3613,0,1
2,Balance,1764751702.195536,1250,0,1
3,DepositChecking,1764751702.205457,3841,0,1
6,WriteCheck,1764751702.215553,4572,0,1
1,Amalgamate,1764751702.225436,3991,0,1
2,Balance,1764751702.235375,1046,0,1
5,TransactSavings,1764751702.245352,5131,0,1
4,SendPayment,1764751702.255470,4165,0,1
3,DepositChecking,1764751702.265352,3524,0,1
5,TransactSavings,1764751702.275493,3945,0,1
6,WriteCheck,1764751702.285381,4400,0,1
6,WriteCheck,1764751702.295347,3572,0,1
6,WriteCheck,1764751702.305417,3617,0,1
3,DepositChecking,1764751702.315350,3610,0,1
1,Amalgamate,1764751702.325346,3745,0,1
4,SendPayment,1764751702.335335,3495,0,1
6,WriteCheck,1764751702.345342,3901,0,1
4,SendPayment,1764751702.355494,3591,0,1
3,DepositChecking,1764751702.365458,2936,0,1
1,Amalgamate,1764751702.375357,3481,0,1
3,DepositChecking,1764751702.385443,3336,0,1
2,Balance,1764751702.395409,1124,0,1
6,WriteCheck,1764751702.405442,3618,0,1
4,SendPayment,1764751702.415403,4218,0,1
4,SendPayment,1764751702.425354,3435,0,1
6,WriteCheck,1764751702.435339,3470,0,1
6,WriteCheck,1764751702.445282,3772,0,1
6,WriteCheck,1764751702.455315,3529,0,1
4,SendPayment,1764751702.465271,3839,0,1
3,DepositChecking,1764751702.475464,3372,0,1
5,TransactSavings,1764751702.485359,4042,0,1
5,TransactSavings,1764751702.495311,4274,0,1
6,WriteCheck,1764751702.505464,3855,0,1
6,WriteCheck,1764751702.515502,4448,0,1
3,DepositChecking,1764751702.525376,3168,0,1
1,Amalgamate,1764751702.535437,5166,0,1
1,Amalgamate,1764751702.545353,3967,0,1
2,Balance,1764751702.555383,1366,0,1
4,SendPayment,1764751702.565465,4905,0,1
1,Amalgamate,1764751702.575366,4431,0,1
1,Amalgamate,1764751702.585473,3898,0,1
3,DepositChecking,1764751702.595489,3206,0,1
2,Balance,1764751702.605438,1574,0,1
3,DepositChecking,1764751702.615298,3422,0,1
1,Amalgamate,1764751702.625314,4288,0,1
1,Amalgamate,1764751702.635334,4204,0,1
3,DepositChecking,1764751702.645322,4100,0,1
2,Balance,1764751702.655302,1219,0,1
4,SendPayment,1764751702.665326,3766,0,1
2,Balance,1764751702.675303,933,0,1
3,DepositChecking,1764751702.685406,4098,0,1
5,TransactSavings,1764751702.695396,3765,0,1
5,TransactSavings,1764751702.705308,3606,0,1
5,TransactSavings,1764751702.715444,3663,0,1
3,DepositChecking,1764751702.725350,3516,0,1
4,SendPayment,1764751702.735457,3436,0,1
4,SendPayment,1764751702.745333,3599,0,1
6,WriteCheck,1764751702.755321,4074,0,1
4,SendPayment,1764751702.765311,3635,0,1
3,DepositChecking,1764751702.775336,3621,0,1
1,Amalgamate,1764751702.785446,3852,0,1
2,Balance,1764751702.795341,1179,0,1
4,SendPayment,1764751702.805359,3911,0,1
3,DepositChecking,1764751702.815395,3539,0,1
2,Balance,1764751702.825331,1365,0,1
6,WriteCheck,1764751702.835337,3169,0,1
6,WriteCheck,1764751702.845306,4116,0,1
1,Amalgamate,1764751702.855513,4337,0,1
4,SendPayment,1764751702.865617,3389,0,1
4,SendPayment,1764751702.875371,3876,0,1
2,Balance,1764751702.885298,1009,0,1
2,Balance,1764751702.895565,1265,0,1
2,Balance,1764751702.905363,1098,0,1
6,WriteCheck,1764751702.915332,3974,0,1
6,WriteCheck,1764751702.925397,3971,0,1
5,TransactSavings,1764751702.935373,4226,0,1
4,SendPayment,1764751702.945305,3979,0,1
4,SendPayment,1764751702.955337,3798,0,1
3,DepositChecking,1764751702.965311,3549,0,1
4,SendPayment,1764751702.975298,3779,0,1
1,Amalgamate,1764751702.985289,4217,0,1
4,SendPayment,1764751702.995416,4028,0,1
3,DepositChecking,1764751703.005332,4037,0,1
3,DepositChecking,1764751703.015384,3622,0,1
3,DepositChecking,1764751703.025315,3497,0,1
1,Amalgamate,1764751703.035375,6119,0,1
2,Balance,1764751703.045375,1594,0,1
1,Amalgamate,1764751703.055368,4563,0,1
5,TransactSavings,1764751703.065374,3641,0,1
4,SendPayment,1764751703.075341,3689,0,1
6,WriteCheck,1764751703.085539,3855,0,1
4,SendPayment,1764751703.095362,3474,0,1
4,SendPayment,1764751703.105399,3957,0,1
2,Balance,1764751703.115282,944,0,1
4,SendPayment,1764751703.125271,3715,0,1
4,SendPayment,1764751703.135301,3584,0,1
2,Balance,1764751703.145294,927,0,1
3,DepositChecking,1764751703.155327,3293,0,1
1,Amalgamate,1764751703.165487,4013,0,1
3,DepositChecking,1764751703.175396,3488,0,1
6,WriteCheck,1764751703.185326,4029,0,1
5,TransactSavings,1764751703.195400,3590,0,1
1,Amalgamate,1764751703.205494,3759,0,1
5,TransactSavings,1764751703.215361,3499,0,1
5,TransactSavings,1764751703.225596,3480,0,1
4,SendPayment,1764751703.235328,4007,0,1
4,SendPayment,1764751703.245297,4111,0,1
6,WriteCheck,1764751703.255425,3670,0,1
2,Balance,1764751703.265313,1315,0,1
6,WriteCheck,1764751703.275512,3962,0,1
3,DepositChecking,1764751703.285286,3131,0,1
1,Amalgamate,1764751703.295343,4326,0,1
4,SendPayment,1764751703.305320,3753,0,1
6,WriteCheck,1764751703.315449,3576,0,1
5,TransactSavings,1764751703.325294,4013,0,1
3,DepositChecking,1764751703.335440,3363,0,1
6,WriteCheck,1764751703.345344,3555,0,1
4,SendPayment,1764751703.355292,4461,0,1
6,WriteCheck,1764751703.365286,3998,0,1
3,DepositChecking,1764751703.375275,3161,0,1
1,Amalgamate,1764751703.385299,3854,0,1
3,DepositChecking,1764751703.395384,3573,0,1
2,Balance,1764751703.405611,759,0,1
1,Amalgamate,1764751703.415325,4015,0,1
6,WriteCheck,1764751703.425326,4507,0,1
1,Amalgamate,1764751703.435574,3668,0,1
4,SendPayment,1764751703.445499,3988,0,1
1,Amalgamate,1764751703.455471,6288,0,1
1,Amalgamate,1764751703.465396,4369,0,1
4,SendPayment,1764751703.475428,3842,0,1
6,WriteCheck,1764751703.485356,4285,0,1
1,Amalgamate,1764751703.495331,3944,0,1
6,WriteCheck,1764751703.505350,3966,0,1
3,DepositChecking,1764751703.515331,3546,0,1
6,WriteCheck,1764751703.525393,4099,0,1
3,DepositChecking,1764751703.535331,3420,0,1
5,TransactSavings,1764751703.545386,3616,0,1
3,DepositChecking,1764751703.555572,3225,0,1
5,TransactSavings,1764751703.565507,3332,0,1
5,TransactSavings,1764751703.575306,3907,0,1
3,DepositChecking,1764751703.585418,3995,0,1
4,SendPayment,1764751703.595361,3464,0,1
4,SendPayment,1764751703.605393,4606,0,1
4,SendPayment,1764751703.615392,3332,0,1
2,Balance,1764751703.625367,928,0,1
2,Balance,1764751703.635371,1239,0,1
1,Amalgamate,1764751703.645321,4364,0,1
4,SendPayment,1764751703.655317,4092,0,1
5,TransactSavings,1764751703.665338,4166,0,1
4,SendPayment,1764751703.675300,3239,0,1
3,DepositChecking,1764751703.685297,3177,0,1
2,Balance,1764751703.695335,944,0,1
3,DepositChecking,1764751703.705386,3301,0,1
1,Amalgamate,1764751703.715315,4397,0,1
4,SendPayment,1764751703.725312,3681,0,1
2,Balance,1764751703.735428,1045,0,1
1,Amalgamate,1764751703.745407,3974,0,1
1,Amalgamate,1764751703.755430,4845,0,1
4,SendPayment,1764751703.765372,3951,0,1
3,DepositChecking,1764751703.775371,3219,0,1
5,TransactSavings,1764751703.785306,3821,0,1
3,DepositChecking,1764751703.795390,3607,0,1
2,Balance,1764751703.805326,1432,0,1
2,Balance,1764751703.815302,1044,0,1
3,DepositChecking,1764751703.825412,3554,0,1
5,TransactSavings,1764751703.835296,3751,0,1
4,SendPayment,1764751703.845350,3833,0,1
4,SendPayment,1764751703.855297,4035,0,1
1,Amalgamate,1764751703.865512,3609,0,1
6,WriteCheck,1764751703.875489,3648,0,1
4,SendPayment,1764751703.885416,3916,0,1
3,DepositChecking,1764751703.895278,3190,0,1
4,SendPayment,1764751703.905449,3261,0,1
3,DepositChecking,1764751703.915298,3595,0,1
4,SendPayment,1764751703.925494,4328,0,1
1,Amalgamate,1764751703.935348,3578,0,1
6,WriteCheck,1764751703.945250,3936,0,1
6,WriteCheck,1764751703.955326,3725,0,1
3,DepositChecking,1764751703.965380,3258,0,1
3,DepositChecking,1764751703.975329,3418,0,1
3,DepositChecking,1764751703.985642,3300,0,1
3,DepositChecking,1764751703.995556,3333,0,1
4,SendPayment,1764751704.005319,3819,0,1
1,Amalgamate,1764751704.015344,3869,0,1
5,TransactSavings,1764751704.025268,3523,0,1
4,SendPayment,1764751704.035366,3801,0,1
4,SendPayment,1764751704.045290,3973,0,1
2,Balance,1764751704.055413,1145,0,1
5,TransactSavings,1764751704.065269,3536,0,1
6,WriteCheck,1764751704.075340,4663,0,1
3,DepositChecking,1764751704.085278,3059,0,1
5,TransactSavings,1764751704.095326,3403,0,1
2,Balance,1764751704.105353,919,0,1
2,Balance,1764751704.115396,931,0,1
6,WriteCheck,1764751704.125321,4047,0,1
6,WriteCheck,1764751704.135321,3841,0,1
5,TransactSavings,1764751704.145312,4122,0,1
5,TransactSavings,1764751704.155305,3371,0,1
3,DepositChecking,1764751704.165275,3458,0,1
5,TransactSavings,1764751704.175312,3920,0,1
3,DepositChecking,1764751704.185336,3275,0,1
1,Amalgamate,1764751704.195393,3986,0,1
3,DepositChecking,1764751704.205291,3217,0,1
6,WriteCheck,1764751704.215280,3744,0,1
1,Amalgamate,1764751704.225381,3656,0,1
2,Balance,1764751704.235318,1012,0,1
5,TransactSavings,1764751704.245279,3475,0,1
4,SendPayment,1764751704.255322,3985,0,1
3,DepositChecking,1764751704.265341,4323,0,1
1,Amalgamate,1764751704.275299,3847,0,1
4,SendPayment,1764751704.285278,3662,0,1
4,SendPayment,1764751704.295430,4015,0,1
2,Balance,1764751704.305384,1010,0,1
5,TransactSavings,1764751704.315300,3605,0,1
1,Amalgamate,1764751704.325420,3848,0,1
5,TransactSavings,1764751704.335280,3849,0,1
3,DepositChecking,1764751704.345312,3279,0,1
6,WriteCheck,1764751704.355365,3947,0,1
4,SendPayment,1764751704.365295,5472,0,1
5,TransactSavings,1764751704.375308,4492,0,1
2,Balance,1764751704.385286,1167,0,1
4,SendPayment,1764751704.395349,3716,0,1
2,Balance,1764751704.405350,793,0,1
3,DepositChecking,1764751704.415303,3350,0,1
6,WriteCheck,1764751704.425274,3793,0,1
4,SendPayment,1764751704.435304,3536,0,1
4,SendPayment,1764751704.445293,4035,0,1
1,Amalgamate,1764751704.455324,4195,0,1
1,Amalgamate,1764751704.465316,4160,0,1
6,WriteCheck,1764751704.475303,4223,0,1
4,SendPayment,1764751704.485300,4344,0,1
5,TransactSavings,1764751704.495281,3753,0,1
6,WriteCheck,1764751704.505275,3853,0,1
1,Amalgamate,1764751704.515351,4178,0,1
3,DepositChecking,1764751704.525289,3312,0,1
5,TransactSavings,1764751704.535272,3732,0,1
6,WriteCheck,1764751704.545247,4535,0,1
4,SendPayment,1764751704.555292,3660,0,1
2,Balance,1764751704.565283,870,0,1
1,Amalgamate,1764751704.575355,4058,0,1
3,DepositChecking,1764751704.585344,3823,0,1
1,Amalgamate,1764751704.595296,4091,0,1
2,Balance,1764751704.605305,1033,0,1
1,Amalgamate,1764751704.615412,4065,0,1
4,SendPayment,1764751704.625322,4694,0,1
2,Balance,1764751704.635360,1269,0,1
4,SendPayment,1764751704.645375,4176,0,1
6,WriteCheck,1764751704.655284,3607,0,1
5,TransactSavings,1764751704.665448,3803,0,1
4,SendPayment,1764751704.675331,3564,0,1
3,DepositChecking,1764751704.685363,3362,0,1
4,SendPayment,1764751704.695380,4093,0,1
5,TransactSavings,1764751704.705426,3762,0,1
2,Balance,1764751704.715395,892,0,1
1,Amalgamate,1764751704.725387,4457,0,1
6,WriteCheck,1764751704.735354,4126,0,1
4,SendPayment,1764751704.745317,3613,0,1
6,WriteCheck,1764751704.755274,3750,0,1
6,WriteCheck,1764751704.765360,3882,0,1
5,TransactSavings,1764751704.775383,3761,0,1
4,SendPayment,1764751704.785305,3456,0,1
4,SendPayment,1764751704.795305,4362,0,1
6,WriteCheck,1764751704.805296,4333,0,1
3,DepositChecking,1764751704.815379,3229,0,1
6,WriteCheck,1764751704.825306,4015,0,1
6,WriteCheck,1764751704.835281,3892,0,1
2,Balance,1764751704.845310,1046,0,1
6,WriteCheck,1764751704.855280,4460,0,1
2,Balance,1764751704.865356,1091,0,1
3,DepositChecking,1764751704.875291,3626,0,1
4,SendPayment,1764751704.885305,4501,0,1
4,SendPayment,1764751704.895291,3794,0,1
5,TransactSavings,1764751704.905290,3752,0,1
5,TransactSavings,1764751704.915530,3564,0,1
4,SendPayment,1764751704.925351,3783,0,1
6,WriteCheck,1764751704.935273,3681,0,1
1,Amalgamate,1764751704.945265,3598,0,1
6,WriteCheck,1764751704.955368,3705,0,1
5,TransactSavings,1764751704.965269,4728,0,1
4,SendPayment,1764751704.975402,3447,0,1
2,Balance,1764751704.985345,1442,0,1
6,WriteCheck,1764751704.995375,4362,0,1
1,Amalgamate,1764751705.005291,3714,0,1
4,SendPayment,1764751705.015298,3792,0,1
6,WriteCheck,1764751705.025302,3936,0,1
4,SendPayment,1764751705.035297,4067,0,1
3,DepositChecking,1764751705.045356,3397,0,1
3,DepositChecking,1764751705.055280,3311,0,1
5,TransactSavings,1764751705.065696,3257,0,1
1,Amalgamate,1764751705.075351,4732,0,1
5,TransactSavings,1764751705.085320,3697,0,1
1,Amalgamate,1764751705.095280,3512,0,1
4,SendPayment,1764751705.105270,3503,0,1
1,Amalgamate,1764751705.115286,4223,0,1
4,SendPayment,1764751705.125317,3796,0,1
2,Balance,1764751705.135385,997,0,1
1,Amalgamate,1764751705.145273,4134,0,1
2,Balance,1764751705.155308,1017,0,1
1,Amalgamate,1764751705.165320,4050,0,1
3,DepositChecking,1764751705.175288,3787,0,1
4,SendPayment,1764751705.185318,4476,0,1
1,Amalgamate,1764751705.195280,4800,0,1
1,Amalgamate,1764751705.205326,4418,0,1
2,Balance,1764751705.215283,840,0,1
5,TransactSavings,1764751705.225357,11091,0,1
2,Balance,1764751705.236489,1609,0,1
1,Amalgamate,1764751705.245340,4123,0,1
6,WriteCheck,1764751705.255323,4325,0,1
3,DepositChecking,1764751705.265276,3315,0,1
4,SendPayment,1764751705.275259,3681,0,1
6,WriteCheck,1764751705.285309,4530,0,1
1,Amalgamate,1764751705.295298,4444,0,1
1,Amalgamate,1764751705.305273,3982,0,1
1,Amalgamate,1764751705.315263,4331,0,1
6,WriteCheck,1764751705.325307,4199,0,1
5,TransactSavings,1764751705.335269,3552,0,1
2,Balance,1764751705.345429,836,0,1
5,TransactSavings,1764751705.355286,3700,0,1
3,DepositChecking,1764751705.365327,3423,0,1
5,TransactSavings,1764751705.375527,3427,0,1
3,DepositChecking,1764751705.385376,4134,0,1
5,TransactSavings,1764751705.395307,3837,0,1
6,WriteCheck,1764751705.405266,3362,0,1
4,SendPayment,1764751705.415327,4116,0,1
5,TransactSavings,1764751705.425282,3563,0,1
3,DepositChecking,1764751705.435315,3135,0,1
2,Balance,1764751705.445303,1536,0,1
2,Balance,1764751705.455304,1544,0,1
1,Amalgamate,1764751705.465595,3824,0,1
1,Amalgamate,1764751705.475349,4019,0,1
4,SendPayment,1764751705.485352,5238,0,1
5,TransactSavings,1764751705.495354,3178,0,1
4,SendPayment,1764751705.505287,3548,0,1
6,WriteCheck,1764751705.515348,4415,0,1
5,TransactSavings,1764751705.525301,4134,0,1
1,Amalgamate,1764751705.535320,4841,0,1
2,Balance,1764751705.545411,1505,0,1
5,TransactSavings,1764751705.555407,4577,0,1
2,Balance,1764751705.565361,833,0,1
4,SendPayment,1764751705.575296,6305,0,1
6,WriteCheck,1764751705.585508,4137,0,1
6,WriteCheck,1764751705.595337,3674,0,1
4,SendPayment,1764751705.605338,3983,0,1
1,Amalgamate,1764751705.615327,4624,0,1
1,Amalgamate,1764751705.625297,3845,0,1
3,DepositChecking,1764751705.635319,3447,0,1
4,SendPayment,1764751705.645294,3691,0,1
4,SendPayment,1764751705.655423,3713,0,1
5,TransactSavings,1764751705.665438,3457,0,1
6,WriteCheck,1764751705.675404,4098,0,1
4,SendPayment,1764751705.685518,3635,0,1
2,Balance,1764751705.695475,922,0,1
4,SendPayment,1764751705.705365,4168,0,1
2,Balance,1764751705.715286,1126,0,1
1,Amalgamate,1764751705.725397,3841,0,1
6,WriteCheck,1764751705.735396,3866,0,1
6,WriteCheck,1764751705.745396,3932,0,1
5,TransactSavings,1764751705.755271,3359,0,1
2,Balance,1764751705.765285,971,0,1
2,Balance,1764751705.775281,942,0,1
5,TransactSavings,1764751705.785272,3538,0,1
4,SendPayment,1764751705.795362,4582,0,1
2,Balance,1764751705.805349,1044,0,1
3,DepositChecking,1764751705.815391,3633,0,1
4,SendPayment,1764751705.825287,4106,0,1
2,Balance,1764751705.835326,1099,0,1
1,Amalgamate,1764751705.845292,3825,0,1
1,Amalgamate,1764751705.855320,4006,0,1
3,DepositChecking,1764751705.865293,3288,0,1
4,SendPayment,1764751705.875281,3841,0,1
5,TransactSavings,1764751705.885375,4882,0,1
2,Balance,1764751705.895328,889,0,1
4,SendPayment,1764751705.905240,4193,0,1
3,DepositChecking,1764751705.915299,3056,0,1
4,SendPayment,1764751705.925267,3650,0,1
4,SendPayment,1764751705.935494,3749,0,1
4,SendPayment,1764751705.945268,3427,0,1
6,WriteCheck,1764751705.955314,4282,0,1
2,Balance,1764751705.965315,1188,0,1
3,DepositChecking,1764751705.975577,3205,0,1
3,DepositChecking,1764751705.985329,3426,0,1
4,SendPayment,1764751705.995315,3858,0,1
4,SendPayment,1764751706.005289,3471,0,1
4,SendPayment,1764751706.015266,3466,0,1
3,DepositChecking,1764751706.025276,3304,0,1
3,DepositChecking,1764751706.035268,3042,0,1
3,DepositChecking,1764751706.045318,3161,0,1
5,TransactSavings,1764751706.055275,3888,0,1
4,SendPayment,1764751706.065355,3325,0,1
6,WriteCheck,1764751706.075275,3844,0,1
3,DepositChecking,1764751706.085372,3498,0,1
4,SendPayment,1764751706.095617,3336,0,1
3,DepositChecking,1764751706.105287,3359,0,1
2,Balance,1764751706.115287,931,0,1
2,Balance,1764751706.125263,777,0,1
3,DepositChecking,1764751706.135265,3524,0,1
2,Balance,1764751706.145330,1172,0,1
2,Balance,1764751706.155307,801,0,1
4,SendPayment,1764751706.165318,4688,0,1
3,DepositChecking,1764751706.175424,4368,0,1
5,TransactSavings,1764751706.185310,4074,0,1
1,Amalgamate,1764751706.195532,4672,0,1
4,SendPayment,1764751706.205310,3892,0,1
3,DepositChecking,1764751706.215537,3450,0,1
6,WriteCheck,1764751706.225300,3545,0,1
1,Amalgamate,1764751706.235340,4071,0,1
4,SendPayment,1764751706.245281,3516,0,1
1,Amalgamate,1764751706.255492,3615,0,1
4,SendPayment,1764751706.265369,3757,0,1
4,SendPayment,1764751706.275274,3741,0,1
5,TransactSavings,1764751706.285368,3751,0,1
4,SendPayment,1764751706.295314,3924,0,1
3,DepositChecking,1764751706.305374,3835,0,1
4,SendPayment,1764751706.315318,3947,0,1
3,DepositChecking,1764751706.325368,3587,0,1
6,WriteCheck,1764751706.335341,9186,0,1
3,DepositChecking,1764751706.345263,3207,0,1
2,Balance,1764751706.355363,1008,0,1
3,DepositChecking,1764751706.365410,3546,0,1
3,DepositChecking,1764751706.375468,3388,0,1
5,TransactSavings,1764751706.385414,4216,0,1
3,DepositChecking,1764751706.395359,3342,0,1
4,SendPayment,1764751706.405268,3686,0,1
6,WriteCheck,1764751706.415371,4023,0,1
3,DepositChecking,1764751706.425309,3472,0,1
1,Amalgamate,1764751706.435395,3610,0,1
5,TransactSavings,1764751706.445396,3247,0,1
4,SendPayment,1764751706.455299,3712,0,1
1,Amalgamate,1764751706.465504,3607,0,1
4,SendPayment,1764751706.475325,3923,0,1
4,SendPayment,1764751706.485283,4281,0,1
3,DepositChecking,1764751706.495348,3949,0,1
3,DepositChecking,1764751706.505293,3428,0,1
5,TransactSavings,1764751706.515302,4112,0,1
4,SendPayment,1764751706.525327,4342,0,1
3,DepositChecking,1764751706.535321,3444,0,1
2,Balance,1764751706.545358,1510,0,1
2,Balance,1764751706.555383,1130,0,1
5,TransactSavings,1764751706.565313,4749,0,1
4,SendPayment,1764751706.575356,4101,0,1
3,DepositChecking,1764751706.585286,3714,0,1
1,Amalgamate,1764751706.595326,4101,0,1
4,SendPayment,1764751706.605343,3567,0,1
6,WriteCheck,1764751706.615400,3774,0,1
4,SendPayment,1764751706.625338,5440,0,1
4,SendPayment,1764751706.635304,3404,0,1
6,WriteCheck,1764751706.645299,56343,0,1
3,DepositChecking,1764751706.701659,4032,0,1
2,Balance,1764751706.705699,1233,0,1
2,Balance,1764751706.706940,889,0,1
6,WriteCheck,1764751706.707838,3864,0,1
3,DepositChecking,1764751706.711710,3704,0,1
4,SendPayment,1764751706.715426,3863,0,1
1,Amalgamate,1764751706.719296,3548,0,1
5,TransactSavings,1764751706.725275,3552,0,1
5,TransactSavings,1764751706.735354,4042,0,1
1,Amalgamate,1764751706.745409,4076,0,1
2,Balance,1764751706.755380,1002,0,1
1,Amalgamate,1764751706.765350,4631,0,1
4,SendPayment,1764751706.775374,4006,0,1
5,TransactSavings,1764751706.785598,4733,0,1
4,SendPayment,1764751706.795333,4838,0,1
5,TransactSavings,1764751706.805344,3785,0,1
2,Balance,1764751706.815350,1202,0,1
3,DepositChecking,1764751706.825295,3158,0,1
1,Amalgamate,1764751706.835414,4209,0,1
2,Balance,1764751706.845337,968,0,1
5,TransactSavings,1764751706.855296,7022,0,1
4,SendPayment,1764751706.865274,3602,0,1
5,TransactSavings,1764751706.875372,3753,0,1
6,WriteCheck,1764751706.885441,3762,0,1
2,Balance,1764751706.895332,862,0,1
1,Amalgamate,1764751706.905292,4291,0,1
3,DepositChecking,1764751706.915311,3603,0,1
1,Amalgamate,1764751706.925369,54732,0,1
5,TransactSavings,1764751706.980114,4283,0,1
5,TransactSavings,1764751706.984407,3657,0,1
1,Amalgamate,1764751706.988071,3784,0,1
6,WriteCheck,1764751706.991862,4473,0,1
5,TransactSavings,1764751706.996342,3509,0,1
4,SendPayment,1764751706.999859,3347,0,1
6,WriteCheck,1764751707.003213,3382,0,1
6,WriteCheck,1764751707.006601,3519,0,1
2,Balance,1764751707.015274,965,0,1
1,Amalgamate,1764751707.025286,3770,0,1
3,DepositChecking,1764751707.035321,3323,0,1
2,Balance,1764751707.045688,828,0,1
4,SendPayment,1764751707.055355,4424,0,1
4,SendPayment,1764751707.065293,3633,0,1
2,Balance,1764751707.075450,726,0,1
3,DepositChecking,1764751707.085338,3557,0,1
2,Balance,1764751707.095637,1357,0,1
1,Amalgamate,1764751707.105527,3684,0,1
3,DepositChecking,1764751707.115278,3442,0,1
6,WriteCheck,1764751707.125267,3676,0,1
5,TransactSavings,1764751707.135263,3318,0,1
1,Amalgamate,1764751707.145277,3922,0,1
4,SendPayment,1764751707.155504,3521,0,1
1,Amalgamate,1764751707.165368,4293,0,1
1,Amalgamate,1764751707.175368,4997,0,1
5,TransactSavings,1764751707.185312,3757,0,1
5,TransactSavings,1764751707.195297,3933,0,1
1,Amalgamate,1764751707.205280,4217,0,1
2,Balance,1764751707.215296,796,0,1
5,TransactSavings,1764751707.225339,4901,0,1
1,Amalgamate,1764751707.235285,4025,0,1
4,SendPayment,1764751707.245373,3443,0,1
5,TransactSavings,1764751707.255501,3528,0,1
4,SendPayment,1764751707.265424,3924,0,1
1,Amalgamate,1764751707.275277,3910,0,1
4,SendPayment,1764751707.285302,3439,0,1
6,WriteCheck,1764751707.295530,3977,0,1
2,Balance,1764751707.305247,1039,0,1
1,Amalgamate,1764751707.315395,4569,0,1
3,DepositChecking,1764751707.325292,3410,0,1
1,Amalgamate,1764751707.335625,3577,0,1
4,SendPayment,1764751707.345414,3524,0,1
5,TransactSavings,1764751707.355329,3265,0,1
4,SendPayment,1764751707.365279,4222,0,1
4,SendPayment,1764751707.375271,4123,0,1
6,WriteCheck,1764751707.385322,4020,0,1
4,SendPayment,1764751707.395275,13067,0,1
6,WriteCheck,1764751707.408358,6108,0,1
5,TransactSavings,1764751707.415310,56306,0,1
4,SendPayment,1764751707.471629,4850,0,1
5,TransactSavings,1764751707.476491,3469,0,1
4,SendPayment,1764751707.479969,3874,0,1
1,Amalgamate,1764751707.483850,3749,0,1
2,Balance,1764751707.487607,1021,0,1
6,WriteCheck,1764751707.488635,3277,0,1
6,WriteCheck,1764751707.491917,3279,0,1
1,Amalgamate,1764751707.495261,3664,0,1
2,Balance,1764751707.505300,831,0,1
6,WriteCheck,1764751707.515344,4197,0,1
2,Balance,1764751707.525281,1023,0,1
3,DepositChecking,1764751707.535386,3386,0,1
2,Balance,1764751707.545414,972,0,1
2,Balance,1764751707.555340,851,0,1
6,WriteCheck,1764751707.565310,3622,0,1
1,Amalgamate,1764751707.575375,4341,0,1
2,Balance,1764751707.585308,1292,0,1
4,SendPayment,1764751707.595338,3859,0,1
3,DepositChecking,1764751707.605327,3748,0,1
3,DepositChecking,1764751707.615281,3836,0,1
6,WriteCheck,1764751707.625314,3782,0,1
5,TransactSavings,1764751707.635350,3758,0,1
6,WriteCheck,1764751707.645291,4232,0,1
4,SendPayment,1764751707.655284,4051,0,1
3,DepositChecking,1764751707.665277,3690,0,1
6,WriteCheck,1764751707.675337,4132,0,1
5,TransactSavings,1764751707.685314,3530,0,1
2,Balance,1764751707.695284,941,0,1
4,SendPayment,1764751707.705302,3591,0,1
4,SendPayment,1764751707.715331,4983,0,1
6,WriteCheck,1764751707.725400,3706,0,1
2,Balance,1764751707.735317,1085,0,1
4,SendPayment,1764751707.745415,3729,0,1
6,WriteCheck,1764751707.755353,3320,0,1
1,Amalgamate,1764751707.765283,3942,0,1
6,WriteCheck,1764751707.775381,3626,0,1
4,SendPayment,1764751707.785405,3313,0,1
2,Balance,1764751707.795317,787,0,1
2,Balance,1764751707.805295,1092,0,1
4,SendPayment,1764751707.815317,3995,0,1
1,Amalgamate,1764751707.825388,3763,0,1
5,TransactSavings,1764751707.835361,3677,0,1
4,SendPayment,1764751707.845312,3693,0,1
5,TransactSavings,1764751707.855485,3127,0,1
4,SendPayment,1764751707.865274,3484,0,1
3,DepositChecking,1764751707.875287,3509,0,1
1,Amalgamate,1764751707.885678,3362,0,1
5,TransactSavings,1764751707.895384,3291,0,1
3,DepositChecking,1764751707.905344,3361,0,1
4,SendPayment,1764751707.915455,3183,0,1
1,Amalgamate,1764751707.925278,3772,0,1
5,TransactSavings,1764751707.935274,3431,0,1
6,WriteCheck,1764751707.945320,3382,0,1
3,DepositChecking,1764751707.955299,3279,0,1
6,WriteCheck,1764751707.965281,3557,0,1
2,Balance,1764751707.975415,858,0,1
6,WriteCheck,1764751707.985277,3914,0,1
3,DepositChecking,1764751707.995370,3261,0,1
5,TransactSavings,1764751708.005462,3459,0,1
6,WriteCheck,1764751708.015517,4014,0,1
5,TransactSavings,1764751708.025271,3791,0,1
5,TransactSavings,1764751708.035263,3597,0,1
5,TransactSavings,1764751708.045376,3236,0,1
2,Balance,1764751708.055308,977,0,1
5,TransactSavings,1764751708.065300,3618,0,1
3,DepositChecking,1764751708.075307,3198,0,1
5,TransactSavings,1764751708.085393,4151,0,1
4,SendPayment,1764751708.095358,3635,0,1
1,Amalgamate,1764751708.105418,3892,0,1
4,SendPayment,1764751708.115416,3963,0,1
2,Balance,1764751708.125362,866,0,1
1,Amalgamate,1764751708.135494,3967,0,1
4,SendPayment,1764751708.145333,3872,0,1
4,SendPayment,1764751708.155388,3472,0,1
3,DepositChecking,1764751708.165443,3622,0,1
4,SendPayment,1764751708.175289,3751,0,1
4,SendPayment,1764751708.185288,3971,0,1
2,Balance,1764751708.195272,813,0,1
3,DepositChecking,1764751708.205347,3609,0,1
2,Balance,1764751708.215366,978,0,1
4,SendPayment,1764751708.225311,3513,0,1
5,TransactSavings,1764751708.235344,4002,0,1
6,WriteCheck,1764751708.245267,3525,0,1
3,DepositChecking,1764751708.255260,3113,0,1
2,Balance,1764751708.265269,805,0,1
4,SendPayment,1764751708.275328,3749,0,1
4,SendPayment,1764751708.285347,4073,0,1
6,WriteCheck,1764751708.295336,3821,0,1
4,SendPayment,1764751708.305587,4015,0,1
1,Amalgamate,1764751708.315330,3628,0,1
5,TransactSavings,1764751708.325273,3559,0,1
6,WriteCheck,1764751708.335317,3773,0,1
6,WriteCheck,1764751708.345267,4100,0,1
4,SendPayment,1764751708.355257,3987,0,1
4,SendPayment,1764751708.365323,4303,0,1
2,Balance,1764751708.375393,751,0,1
5,TransactSavings,1764751708.385384,3853,0,1
1,Amalgamate,1764751708.395265,4839,0,1
2,Balance,1764751708.405262,935,0,1
3,DepositChecking,1764751708.415291,3457,0,1
3,DepositChecking,1764751708.425273,3329,0,1
4,SendPayment,1764751708.435233,3537,0,1
3,DepositChecking,1764751708.445328,3852,0,1
4,SendPayment,1764751708.455584,3687,0,1
2,Balance,1764751708.465311,973,0,1
6,WriteCheck,1764751708.475587,4616,0,1
1,Amalgamate,1764751708.485377,4834,0,1
3,DepositChecking,1764751708.495321,3353,0,1
4,SendPayment,1764751708.505448,3968,0,1
3,DepositChecking,1764751708.515344,2977,0,1
3,DepositChecking,1764751708.525365,3385,0,1
2,Balance,1764751708.535272,1073,0,1
1,Amalgamate,1764751708.545325,3934,0,1
2,Balance,1764751708.555332,1309,0,1
5,TransactSavings,1764751708.565440,3169,0,1
5,TransactSavings,1764751708.575287,3355,0,1
2,Balance,1764751708.585300,1157,0,1
5,TransactSavings,1764751708.595278,3218,0,1
2,Balance,1764751708.605304,1210,0,1
4,SendPayment,1764751708.615370,4144,0,1
6,WriteCheck,1764751708.625347,3769,0,1
5,TransactSavings,1764751708.635297,3846,0,1
6,WriteCheck,1764751708.645292,3936,0,1
4,SendPayment,1764751708.655396,3673,0,1
4,SendPayment,1764751708.665347,4255,0,1
5,TransactSavings,1764751708.675354,4177,0,1
5,TransactSavings,1764751708.685342,3490,0,1
3,DepositChecking,1764751708.695324,3549,0,1
3,DepositChecking,1764751708.705345,3780,0,1
4,SendPayment,1764751708.715315,4139,0,1
6,WriteCheck,1764751708.725300,3879,0,1
3,DepositChecking,1764751708.735416,3652,0,1
1,Amalgamate,1764751708.745361,3691,0,1
6,WriteCheck,1764751708.755312,4024,0,1
5,TransactSavings,1764751708.765362,4453,0,1
6,WriteCheck,1764751708.775344,4833,0,1
6,WriteCheck,1764751708.785358,5115,0,1
2,Balance,1764751708.795380,1315,0,1
1,Amalgamate,1764751708.805391,5810,0,1
2,Balance,1764751708.815403,1662,0,1
3,DepositChecking,1764751708.825343,4845,0,1
5,TransactSavings,1764751708.835342,6665,0,1
2,Balance,1764751708.845811,1846,0,1
6,WriteCheck,1764751708.855371,5090,0,1
3,DepositChecking,1764751708.865507,4103,0,1
4,SendPayment,1764751708.875360,4416,0,1
4,SendPayment,1764751708.885340,4354,0,1
5,TransactSavings,1764751708.895367,3731,0,1
4,SendPayment,1764751708.905337,4369,0,1
5,TransactSavings,1764751708.915405,3481,0,1
3,DepositChecking,1764751708.925373,3315,0,1
3,DepositChecking,1764751708.935334,4301,0,1
3,DepositChecking,1764751708.945418,3566,0,1
4,SendPayment,1764751708.955321,3953,0,1
5,TransactSavings,1764751708.965308,4010,0,1
5,TransactSavings,1764751708.975549,3635,0,1
4,SendPayment,1764751708.985406,3973,0,1
4,SendPayment,1764751708.995310,48487,0,1
1,Amalgamate,1764751709.043821,4677,0,1
4,SendPayment,1764751709.048518,4158,0,1
6,WriteCheck,1764751709.052696,3570,0,1
4,SendPayment,1764751709.056278,3800,0,1
6,WriteCheck,1764751709.060129,3867,0,1
6,WriteCheck,1764751709.064016,3555,0,1
2,Balance,1764751709.067581,722,0,1
1,Amalgamate,1764751709.075311,4252,0,1
4,SendPayment,1764751709.085324,4480,0,1
4,SendPayment,1764751709.095329,3492,0,1
1,Amalgamate,1764751709.105320,4554,0,1
3,DepositChecking,1764751709.115303,3531,0,1
4,SendPayment,1764751709.125343,3622,0,1
4,SendPayment,1764751709.135600,4503,0,1
6,WriteCheck,1764751709.145370,3913,0,1
6,WriteCheck,1764751709.155332,5996,0,1
1,Amalgamate,1764751709.165389,4423,0,1
3,DepositChecking,1764751709.175348,6305,0,1
6,WriteCheck,1764751709.185372,4062,0,1
4,SendPayment,1764751709.195284,4275,0,1
2,Balance,1764751709.205328,1481,0,1
2,Balance,1764751709.215387,1153,0,1
3,DepositChecking,1764751709.225329,4795,0,1
1,Amalgamate,1764751709.235421,4415,0,1
5,TransactSavings,1764751709.245360,4290,0,1
3,DepositChecking,1764751709.255331,4980,0,1
1,Amalgamate,1764751709.265394,5266,0,1
1,Amalgamate,1764751709.275324,5227,0,1
1,Amalgamate,1764751709.285510,4876,0,1
5,TransactSavings,1764751709.295412,4077,0,1
3,DepositChecking,1764751709.305345,4406,0,1
1,Amalgamate,1764751709.315583,5331,0,1
6,WriteCheck,1764751709.325386,4530,0,1
5,TransactSavings,1764751709.335332,4811,0,1
4,SendPayment,1764751709.345403,4262,0,1
2,Balance,1764751709.355399,1347,0,1
2,Balance,1764751709.365378,1905,0,1
1,Amalgamate,1764751709.375482,4695,0,1
5,TransactSavings,1764751709.385402,3857,0,1
4,SendPayment,1764751709.395392,4321,0,1
4,SendPayment,1764751709.405344,3951,0,1
3,DepositChecking,1764751709.415359,3859,0,1
5,TransactSavings,1764751709.425376,4570,0,1
2,Balance,1764751709.435444,1130,0,1
2,Balance,1764751709.445368,1804,0,1
6,WriteCheck,1764751709.455411,4897,0,1
3,DepositChecking,1764751709.465367,4165,0,1
5,TransactSavings,1764751709.475477,4469,0,1
5,TransactSavings,1764751709.485361,5184,0,1
6,WriteCheck,1764751709.495401,4818,0,1
3,DepositChecking,1764751709.505421,4488,0,1
1,Amalgamate,1764751709.515434,5356,0,1
4,SendPayment,1764751709.525340,5161,0,1
6,WriteCheck,1764751709.535353,4835,0,1
3,DepositChecking,1764751709.545455,4693,0,1
3,DepositChecking,1764751709.555473,4529,0,1
2,Balance,1764751709.565346,1848,0,1
1,Amalgamate,1764751709.575389,58199,0,1
2,Balance,1764751709.633612,1191,0,1
5,TransactSavings,1764751709.634815,4229,0,1
4,SendPayment,1764751709.639057,56226,0,1
4,SendPayment,1764751709.695299,3876,0,1
3,DepositChecking,1764751709.699192,3645,0,1
1,Amalgamate,1764751709.702856,5533,0,1
3,DepositChecking,1764751709.708410,6075,0,1
6,WriteCheck,1764751709.714508,4949,0,1
5,TransactSavings,1764751709.719479,3717,0,1
6,WriteCheck,1764751709.723215,3554,0,1
4,SendPayment,1764751709.726783,4121,0,1
1,Amalgamate,1764751709.730924,5350,0,1
6,WriteCheck,1764751709.736289,4032,0,1
4,SendPayment,1764751709.740343,4033,0,1
4,SendPayment,1764751709.744397,3893,0,1
4,SendPayment,1764751709.748311,4047,0,1
3,DepositChecking,1764751709.752375,3170,0,1
3,DepositChecking,1764751709.755561,3187,0,1
4,SendPayment,1764751709.765360,4357,0,1
4,SendPayment,1764751709.775332,4003,0,1
5,TransactSavings,1764751709.785366,3809,0,1
1,Amalgamate,1764751709.795420,5317,0,1
1,Amalgamate,1764751709.805310,3950,0,1
1,Amalgamate,1764751709.815402,3771,0,1
2,Balance,1764751709.825371,1232,0,1
4,SendPayment,1764751709.835382,4205,0,1
1,Amalgamate,1764751709.845398,3985,0,1
1,Amalgamate,1764751709.855389,4109,0,1
4,SendPayment,1764751709.865313,3938,0,1
4,SendPayment,1764751709.875357,3651,0,1
3,DepositChecking,1764751709.885606,3657,0,1
4,SendPayment,1764751709.895372,3737,0,1
4,SendPayment,1764751709.905394,4347,0,1
4,SendPayment,1764751709.915452,4027,0,1
2,Balance,1764751709.925330,1165,0,1
4,SendPayment,1764751709.935353,4088,0,1
1,Amalgamate,1764751709.945417,4121,0,1
1,Amalgamate,1764751709.955310,3995,0,1
4,SendPayment,1764751709.965357,4028,0,1
6,WriteCheck,1764751709.975382,3912,0,1
1,Amalgamate,1764751709.985421,3893,0,1
1,Amalgamate,1764751709.995582,4591,0,1
5,TransactSavings,1764751710.005521,3786,0,1
1,Amalgamate,1764751710.015340,5234,0,1
4,SendPayment,1764751710.025303,4166,0,1
1,Amalgamate,1764751710.035417,4206,0,1
2,Balance,1764751710.045322,1440,0,1
3,DepositChecking,1764751710.055324,4001,0,1
6,WriteCheck,1764751710.065476,4486,0,1
5,TransactSavings,1764751710.075309,3250,0,1
3,DepositChecking,1764751710.085284,3336,0,1
3,DepositChecking,1764751710.095352,3235,0,1
3,DepositChecking,1764751710.105275,3300,0,1
4,SendPayment,1764751710.115280,3592,0,1
3,DepositChecking,1764751710.125547,3503,0,1
4,SendPayment,1764751710.135322,3497,0,1
6,WriteCheck,1764751710.145350,3473,0,1
2,Balance,1764751710.155362,838,0,1
2,Balance,1764751710.165285,843,0,1
2,Balance,1764751710.175292,850,0,1
1,Amalgamate,1764751710.185335,3930,0,1
5,TransactSavings,1764751710.195272,3299,0,1
4,SendPayment,1764751710.205289,3551,0,1
5,TransactSavings,1764751710.215362,3892,0,1
6,WriteCheck,1764751710.225335,4458,0,1
2,Balance,1764751710.235614,1707,0,1
4,SendPayment,1764751710.245329,5086,0,1
4,SendPayment,1764751710.255319,4247,0,1
5,TransactSavings,1764751710.265296,4072,0,1
5,TransactSavings,1764751710.275368,3625,0,1
1,Amalgamate,1764751710.285376,3916,0,1
4,SendPayment,1764751710.295440,3621,0,1
1,Amalgamate,1764751710.305296,3823,0,1
3,DepositChecking,1764751710.315338,4397,0,1
5,TransactSavings,1764751710.325519,3495,0,1
4,SendPayment,1764751710.335335,3785,0,1
6,WriteCheck,1764751710.345274,3889,0,1
4,SendPayment,1764751710.355333,4753,0,1
2,Balance,1764751710.365376,1027,0,1
2,Balance,1764751710.375442,945,0,1
2,Balance,1764751710.385999,1052,0,1
6,WriteCheck,1764751710.395308,4108,0,1
5,TransactSavings,1764751710.405298,4311,0,1
4,SendPayment,1764751710.415276,3966,0,1
1,Amalgamate,1764751710.425339,4694,0,1
3,DepositChecking,1764751710.435434,3234,0,1
2,Balance,1764751710.445419,1017,0,1
6,WriteCheck,1764751710.455349,4931,0,1
5,TransactSavings,1764751710.465427,3600,0,1
4,SendPayment,1764751710.475309,3658,0,1
3,DepositChecking,1764751710.485368,3841,0,1
4,SendPayment,1764751710.495291,3889,0,1
4,SendPayment,1764751710.505421,4136,0,1
5,TransactSavings,1764751710.515306,4058,0,1
3,DepositChecking,1764751710.525301,3652,0,1
4,SendPayment,1764751710.535296,3908,0,1
4,SendPayment,1764751710.545388,3739,0,1
4,SendPayment,1764751710.555281,4000,0,1
5,TransactSavings,1764751710.565254,3327,0,1
1,Amalgamate,1764751710.575285,4229,0,1
2,Balance,1764751710.585383,1150,0,1
3,DepositChecking,1764751710.595365,3713,0,1
4,SendPayment,1764751710.605563,4232,0,1
4,SendPayment,1764751710.615371,3717,0,1
1,Amalgamate,1764751710.625322,3608,0,1
1,Amalgamate,1764751710.635282,4380,0,1
4,SendPayment,1764751710.645269,3772,0,1
4,SendPayment,1764751710.655364,3650,0,1
5,TransactSavings,1764751710.665382,3273,0,1
3,DepositChecking,1764751710.675275,3879,0,1
5,TransactSavings,1764751710.685261,4078,0,1
6,WriteCheck,1764751710.695344,4313,0,1
5,TransactSavings,1764751710.705295,3269,0,1
4,SendPayment,1764751710.715277,4569,0,1
6,WriteCheck,1764751710.725253,3921,0,1
1,Amalgamate,1764751710.735408,4383,0,1
4,SendPayment,1764751710.745327,3925,0,1
2,Balance,1764751710.755262,1074,0,1
5,TransactSavings,1764751710.765278,3755,0,1
5,TransactSavings,1764751710.775261,3562,0,1
4,SendPayment,1764751710.785262,3856,0,1
6,WriteCheck,1764751710.795274,4083,0,1
6,WriteCheck,1764751710.805318,4600,0,1
6,WriteCheck,1764751710.815348,4071,0,1
1,Amalgamate,1764751710.825293,4344,0,1
6,WriteCheck,1764751710.835294,3574,0,1
4,SendPayment,1764751710.845348,3450,0,1
2,Balance,1764751710.855366,917,0,1
3,DepositChecking,1764751710.865312,3470,0,1
1,Amalgamate,1764751710.875269,3532,0,1
6,WriteCheck,1764751710.885345,3562,0,1
4,SendPayment,1764751710.895427,3524,0,1
6,WriteCheck,1764751710.905547,3611,0,1
1,Amalgamate,1764751710.915259,4179,0,1
4,SendPayment,1764751710.925315,3696,0,1
5,TransactSavings,1764751710.935448,3395,0,1
2,Balance,1764751710.945398,807,0,1
2,Balance,1764751710.955584,821,0,1
6,WriteCheck,1764751710.965406,3397,0,1
4,SendPayment,1764751710.975321,3418,0,1
1,Amalgamate,1764751710.985272,3653,0,1
4,SendPayment,1764751710.995296,3246,0,1
3,DepositChecking,1764751711.005315,4099,0,1
6,WriteCheck,1764751711.015289,4163,0,1
1,Amalgamate,1764751711.025283,3623,0,1
2,Balance,1764751711.035391,802,0,1
4,SendPayment,1764751711.045404,3309,0,1
3,DepositChecking,1764751711.055275,3198,0,1
2,Balance,1764751711.065269,781,0,1
6,WriteCheck,1764751711.075273,3387,0,1
5,TransactSavings,1764751711.085252,3292,0,1
2,Balance,1764751711.095415,752,0,1
2,Balance,1764751711.105268,1097,0,1
5,TransactSavings,1764751711.115257,3438,0,1
1,Amalgamate,1764751711.125248,3906,0,1
1,Amalgamate,1764751711.135251,4227,0,1
4,SendPayment,1764751711.145366,3495,0,1
3,DepositChecking,1764751711.155406,4308,0,1
1,Amalgamate,1764751711.165273,101401,0,1
3,DepositChecking,1764751711.266689,3837,0,1
2,Balance,1764751711.270536,1192,0,1
1,Amalgamate,1764751711.271733,5318,0,1
2,Balance,1764751711.277057,759,0,1
1,Amalgamate,1764751711.277821,3746,0,1
6,WriteCheck,1764751711.281586,4358,0,1
4,SendPayment,1764751711.285950,3763,0,1
6,WriteCheck,1764751711.289721,3574,0,1
2,Balance,1764751711.293301,797,0,1
2,Balance,1764751711.294104,727,0,1
1,Amalgamate,1764751711.294836,4565,0,1
2,Balance,1764751711.299409,891,0,1
6,WriteCheck,1764751711.300306,3306,0,1
1,Amalgamate,1764751711.305303,4054,0,1
2,Balance,1764751711.315437,1278,0,1
1,Amalgamate,1764751711.325319,4468,0,1
2,Balance,1764751711.335321,961,0,1
1,Amalgamate,1764751711.345261,3972,0,1
3,DepositChecking,1764751711.355319,3400,0,1
6,WriteCheck,1764751711.365341,3565,0,1
1,Amalgamate,1764751711.375237,3666,0,1
5,TransactSavings,1764751711.386025,3624,0,1
4,SendPayment,1764751711.395388,3529,0,1
2,Balance,1764751711.405242,708,0,1
5,TransactSavings,1764751711.415227,3994,0,1
4,SendPayment,1764751711.425286,3545,0,1
6,WriteCheck,1764751711.435231,3404,0,1
2,Balance,1764751711.445278,943,0,1
3,DepositChecking,1764751711.455232,3425,0,1
4,SendPayment,1764751711.465400,3301,0,1
1,Amalgamate,1764751711.475257,7145,0,1
4,SendPayment,1764751711.485525,5141,0,1
4,SendPayment,1764751711.495253,3734,0,1
3,DepositChecking,1764751711.505287,4331,0,1
1,Amalgamate,1764751711.515263,4279,0,1
4,SendPayment,1764751711.525281,3760,0,1
5,TransactSavings,1764751711.535265,4564,0,1
5,TransactSavings,1764751711.545273,3912,0,1
5,TransactSavings,1764751711.555273,3492,0,1
5,TransactSavings,1764751711.565417,3772,0,1
4,SendPayment,1764751711.575323,4312,0,1
6,WriteCheck,1764751711.585270,3759,0,1
4,SendPayment,1764751711.595292,4290,0,1
5,TransactSavings,1764751711.605358,5639,0,1
4,SendPayment,1764751711.615352,4200,0,1
4,SendPayment,1764751711.625275,3867,0,1
3,DepositChecking,1764751711.635324,4641,0,1
2,Balance,1764751711.645363,1048,0,1
1,Amalgamate,1764751711.655279,4269,0,1
3,DepositChecking,1764751711.665366,3484,0,1
4,SendPayment,1764751711.675325,4763,0,1
3,DepositChecking,1764751711.685305,4011,0,1
6,WriteCheck,1764751711.695301,3685,0,1
1,Amalgamate,1764751711.705319,4865,0,1
2,Balance,1764751711.715340,1153,0,1
6,WriteCheck,1764751711.725267,4059,0,1
1,Amalgamate,1764751711.735301,3975,0,1
3,DepositChecking,1764751711.745307,3729,0,1
4,SendPayment,1764751711.755277,7567,0,1
2,Balance,1764751711.765291,1008,0,1
6,WriteCheck,1764751711.775403,9126,0,1
1,Amalgamate,1764751711.785314,4400,0,1
4,SendPayment,1764751711.795282,4997,0,1
2,Balance,1764751711.805347,945,0,1
4,SendPayment,1764751711.815310,25805,0,1
2,Balance,1764751711.841135,1131,0,1
1,Amalgamate,1764751711.842278,10591,0,1
4,SendPayment,1764751711.852886,3608,0,1
6,WriteCheck,1764751711.856506,3148,0,1
4,SendPayment,1764751711.865269,3477,0,1
3,DepositChecking,1764751711.875325,50654,0,1
2,Balance,1764751711.925992,847,0,1
3,DepositChecking,1764751711.926846,3109,0,1
4,SendPayment,1764751711.929964,4016,0,1
3,DepositChecking,1764751711.933987,3109,0,1
6,WriteCheck,1764751711.937103,3423,0,1
5,TransactSavings,1764751711.940534,3353,0,1
6,WriteCheck,1764751711.945260,3776,0,1
4,SendPayment,1764751711.955265,3529,0,1
5,TransactSavings,1764751711.965272,3244,0,1
4,SendPayment,1764751711.975268,3148,0,1
4,SendPayment,1764751711.985234,3552,0,1
6,WriteCheck,1764751711.995270,3481,0,1
3,DepositChecking,1764751712.005312,3246,0,1
2,Balance,1764751712.015447,863,0,1
5,TransactSavings,1764751712.025315,3862,0,1
6,WriteCheck,1764751712.035240,4051,0,1
5,TransactSavings,1764751712.045243,3509,0,1
1,Amalgamate,1764751712.055282,4272,0,1
2,Balance,1764751712.065245,1235,0,1
3,DepositChecking,1764751712.075217,3583,0,1
5,TransactSavings,1764751712.085354,3694,0,1
5,TransactSavings,1764751712.095268,3353,0,1
1,Amalgamate,1764751712.105414,3702,0,1
1,Amalgamate,1764751712.115240,3714,0,1
4,SendPayment,1764751712.125300,3835,0,1
5,TransactSavings,1764751712.135398,3467,0,1
3,DepositChecking,1764751712.145387,3134,0,1
2,Balance,1764751712.155232,743,0,1
6,WriteCheck,1764751712.165397,3496,0,1
2,Balance,1764751712.175481,716,0,1
4,SendPayment,1764751712.185274,3896,0,1
6,WriteCheck,1764751712.195306,3770,0,1
2,Balance,1764751712.205266,905,0,1
4,SendPayment,1764751712.215282,3998,0,1
3,DepositChecking,1764751712.225400,3185,0,1
2,Balance,1764751712.235282,917,0,1
2,Balance,1764751712.245219,879,0,1
2,Balance,1764751712.255243,835,0,1
6,WriteCheck,1764751712.265286,3761,0,1
3,DepositChecking,1764751712.275355,3480,0,1
4,SendPayment,1764751712.285304,3640,0,1
4,SendPayment,1764751712.295254,3315,0,1
5,TransactSavings,1764751712.305456,3740,0,1
1,Amalgamate,1764751712.315320,4256,0,1
6,WriteCheck,1764751712.325347,3715,0,1
4,SendPayment,1764751712.335445,3500,0,1
4,SendPayment,1764751712.345280,3693,0,1
6,WriteCheck,1764751712.355571,3607,0,1
4,SendPayment,1764751712.365238,3213,0,1
2,Balance,1764751712.375290,1009,0,1
3,DepositChecking,1764751712.385315,3565,0,1
4,SendPayment,1764751712.395257,3285,0,1
4,SendPayment,1764751712.405281,4403,0,1
3,DepositChecking,1764751712.415306,5820,0,1
6,WriteCheck,1764751712.425666,4789,0,1
3,DepositChecking,1764751712.435299,4346,0,1
1,Amalgamate,1764751712.445567,7010,0,1
6,WriteCheck,1764751712.455488,4173,0,1
5,TransactSavings,1764751712.465283,3894,0,1
5,TransactSavings,1764751712.475313,3739,0,1
6,WriteCheck,1764751712.485441,4633,0,1
1,Amalgamate,1764751712.495386,4099,0,1
1,Amalgamate,1764751712.505256,3951,0,1
1,Amalgamate,1764751712.515335,3811,0,1
3,DepositChecking,1764751712.525317,3182,0,1
2,Balance,1764751712.535272,995,0,1
4,SendPayment,1764751712.545382,3682,0,1
5,TransactSavings,1764751712.555428,3617,0,1
5,TransactSavings,1764751712.565351,3758,0,1
4,SendPayment,1764751712.575554,3654,0,1
5,TransactSavings,1764751712.585281,4131,0,1
1,Amalgamate,1764751712.595300,4090,0,1
6,WriteCheck,1764751712.605348,4382,0,1
3,DepositChecking,1764751712.615373,3749,0,1
3,DepositChecking,1764751712.625374,3620,0,1
5,TransactSavings,1764751712.635419,3911,0,1
3,DepositChecking,1764751712.645319,3438,0,1
1,Amalgamate,1764751712.655383,3711,0,1
1,Amalgamate,1764751712.665240,3653,0,1
4,SendPayment,1764751712.675342,3714,0,1
4,SendPayment,1764751712.685415,3698,0,1
4,SendPayment,1764751712.695282,3777,0,1
4,SendPayment,1764751712.705431,3830,0,1
2,Balance,1764751712.715315,896,0,1
2,Balance,1764751712.725424,850,0,1
3,DepositChecking,1764751712.735281,3324,0,1
2,Balance,1764751712.745317,1094,0,1
4,SendPayment,1764751712.755396,3504,0,1
6,WriteCheck,1764751712.765397,5057,0,1
1,Amalgamate,1764751712.775389,4400,0,1
4,SendPayment,1764751712.785404,3806,0,1
2,Balance,1764751712.795301,771,0,1
1,Amalgamate,1764751712.805366,4187,0,1
1,Amalgamate,1764751712.815320,3804,0,1
5,TransactSavings,1764751712.825345,3358,0,1
4,SendPayment,1764751712.835397,4041,0,1
6,WriteCheck,1764751712.845281,3418,0,1
3,DepositChecking,1764751712.855437,2988,0,1
6,WriteCheck,1764751712.865323,3723,0,1
5,TransactSavings,1764751712.875275,3394,0,1
1,Amalgamate,1764751712.885328,4197,0,1
4,SendPayment,1764751712.895342,4109,0,1
1,Amalgamate,1764751712.905320,4275,0,1
5,TransactSavings,1764751712.915358,4045,0,1
6,WriteCheck,1764751712.925458,4285,0,1
4,SendPayment,1764751712.935460,4129,0,1
2,Balance,1764751712.945301,1141,0,1
5,TransactSavings,1764751712.955349,4478,0,1
1,Amalgamate,1764751712.965398,4487,0,1
4,SendPayment,1764751712.975422,4814,0,1
4,SendPayment,1764751712.985334,4618,0,1
4,SendPayment,1764751712.995354,5144,0,1
3,DepositChecking,1764751713.005391,3802,0,1
4,SendPayment,1764751713.015302,3866,0,1
6,WriteCheck,1764751713.025271,3800,0,1
4,SendPayment,1764751713.035291,3660,0,1
6,WriteCheck,1764751713.045275,3565,0,1
5,TransactSavings,1764751713.055282,3088,0,1
5,TransactSavings,1764751713.065323,3061,0,1
3,DepositChecking,1764751713.075280,3152,0,1
4,SendPayment,1764751713.085286,3338,0,1
1,Amalgamate,1764751713.095265,3677,0,1
5,TransactSavings,1764751713.105379,3621,0,1
4,SendPayment,1764751713.115257,3268,0,1
3,DepositChecking,1764751713.125256,3221,0,1
4,SendPayment,1764751713.135243,3588,0,1
2,Balance,1764751713.145267,808,0,1
4,SendPayment,1764751713.155209,3631,0,1
6,WriteCheck,1764751713.165339,3787,0,1
3,DepositChecking,1764751713.175276,3192,0,1
6,WriteCheck,1764751713.185334,3478,0,1
6,WriteCheck,1764751713.195303,4628,0,1
4,SendPayment,1764751713.205371,5287,0,1
6,WriteCheck,1764751713.215300,4436,0,1
1,Amalgamate,1764751713.225295,4340,0,1
4,SendPayment,1764751713.235259,3601,0,1
2,Balance,1764751713.245424,908,0,1
4,SendPayment,1764751713.255285,3899,0,1
2,Balance,1764751713.265281,924,0,1
1,Amalgamate,1764751713.275436,3808,0,1
6,WriteCheck,1764751713.285276,3771,0,1
1,Amalgamate,1764751713.295303,3752,0,1
5,TransactSavings,1764751713.305367,3443,0,1
3,DepositChecking,1764751713.315243,3412,0,1
6,WriteCheck,1764751713.325275,3446,0,1
2,Balance,1764751713.335281,954,0,1
3,DepositChecking,1764751713.345324,3103,0,1
5,TransactSavings,1764751713.355411,3451,0,1
4,SendPayment,1764751713.365288,3347,0,1
2,Balance,1764751713.375307,825,0,1
6,WriteCheck,1764751713.385268,3808,0,1
5,TransactSavings,1764751713.395369,3323,0,1
5,TransactSavings,1764751713.405278,5397,0,1
5,TransactSavings,1764751713.415405,3910,0,1
3,DepositChecking,1764751713.425339,3470,0,1
3,DepositChecking,1764751713.435388,4233,0,1
6,WriteCheck,1764751713.445295,4632,0,1
6,WriteCheck,1764751713.455361,3792,0,1
2,Balance,1764751713.465452,1547,0,1
6,WriteCheck,1764751713.475339,4194,0,1
1,Amalgamate,1764751713.485349,4831,0,1
4,SendPayment,1764751713.495351,4863,0,1
5,TransactSavings,1764751713.505357,3917,0,1
4,SendPayment,1764751713.515298,4489,0,1
1,Amalgamate,1764751713.525307,5211,0,1
3,DepositChecking,1764751713.535305,4145,0,1
4,SendPayment,1764751713.545354,4836,0,1
5,TransactSavings,1764751713.555297,4385,0,1
3,DepositChecking,1764751713.565341,4370,0,1
4,SendPayment,1764751713.575310,4908,0,1
3,DepositChecking,1764751713.585298,4055,0,1
4,SendPayment,1764751713.595392,4303,0,1
4,SendPayment,1764751713.605329,4870,0,1
4,SendPayment,1764751713.615358,4790,0,1
1,Amalgamate,1764751713.625325,7903,0,1
6,WriteCheck,1764751713.635297,7439,0,1
5,TransactSavings,1764751713.645312,5791,0,1
4,SendPayment,1764751713.655363,7077,0,1
3,DepositChecking,1764751713.666002,5010,0,1
6,WriteCheck,1764751713.675312,4174,0,1
3,DepositChecking,1764751713.685354,3847,0,1
6,WriteCheck,1764751713.695398,4291,0,1
4,SendPayment,1764751713.705330,5426,0,1
5,TransactSavings,1764751713.715319,4126,0,1
5,TransactSavings,1764751713.725302,4219,0,1
5,TransactSavings,1764751713.735380,3848,0,1
6,WriteCheck,1764751713.745415,4387,0,1
1,Amalgamate,1764751713.755310,4600,0,1
3,DepositChecking,1764751713.765332,3831,0,1
1,Amalgamate,1764751713.775457,4686,0,1
3,DepositChecking,1764751713.785337,4368,0,1
5,TransactSavings,1764751713.795302,3535,0,1
1,Amalgamate,1764751713.805312,4801,0,1
5,TransactSavings,1764751713.815343,4546,0,1
2,Balance,1764751713.825316,1189,0,1
2,Balance,1764751713.835315,1306,0,1
6,WriteCheck,1764751713.845397,4865,0,1
1,Amalgamate,1764751713.855386,4466,0,1
3,DepositChecking,1764751713.865310,3637,0,1
1,Amalgamate,1764751713.875418,4894,0,1
4,SendPayment,1764751713.885318,4894,0,1
1,Amalgamate,1764751713.895392,5103,0,1
4,SendPayment,1764751713.905323,9100,0,1
5,TransactSavings,1764751713.915305,5388,0,1
1,Amalgamate,1764751713.925329,5516,0,1
1,Amalgamate,1764751713.935428,5646,0,1
4,SendPayment,1764751713.945318,4202,0,1
5,TransactSavings,1764751713.955332,3947,0,1
3,DepositChecking,1764751713.965291,3613,0,1
3,DepositChecking,1764751713.975479,3608,0,1
5,TransactSavings,1764751713.985346,3273,0,1
2,Balance,1764751713.995448,1383,0,1
6,WriteCheck,1764751714.005314,4114,0,1
4,SendPayment,1764751714.015329,4193,0,1
3,DepositChecking,1764751714.025453,3788,0,1
5,TransactSavings,1764751714.035837,3644,0,1
6,WriteCheck,1764751714.045292,4121,0,1
6,WriteCheck,1764751714.055286,3536,0,1
5,TransactSavings,1764751714.065355,3518,0,1
5,TransactSavings,1764751714.075349,3540,0,1
4,SendPayment,1764751714.085321,4263,0,1
1,Amalgamate,1764751714.095287,5000,0,1
2,Balance,1764751714.105307,1223,0,1
4,SendPayment,1764751714.115364,3961,0,1
3,DepositChecking,1764751714.125428,3741,0,1
4,SendPayment,1764751714.135272,4102,0,1
3,DepositChecking,1764751714.145345,3713,0,1
4,SendPayment,1764751714.155418,4236,0,1
4,SendPayment,1764751714.165324,3726,0,1
6,WriteCheck,1764751714.175357,4553,0,1
4,SendPayment,1764751714.185295,4684,0,1
3,DepositChecking,1764751714.195390,3769,0,1
2,Balance,1764751714.205291,1269,0,1
2,Balance,1764751714.215302,1204,0,1
4,SendPayment,1764751714.225312,3625,0,1
6,WriteCheck,1764751714.235279,3627,0,1
4,SendPayment,1764751714.245269,3742,0,1
4,SendPayment,1764751714.255336,3536,0,1
2,Balance,1764751714.265324,744,0,1
4,SendPayment,1764751714.275301,3867,0,1
4,SendPayment,1764751714.285246,3476,0,1
1,Amalgamate,1764751714.295243,3099,0,1
5,TransactSavings,1764751714.305308,3168,0,1
4,SendPayment,1764751714.315265,3815,0,1
2,Balance,1764751714.325350,895,0,1
2,Balance,1764751714.335361,770,0,1
4,SendPayment,1764751714.345255,3510,0,1
5,TransactSavings,1764751714.355365,3183,0,1
4,SendPayment,1764751714.365236,3838,0,1
1,Amalgamate,1764751714.375274,4339,0,1
6,WriteCheck,1764751714.385258,3507,0,1
3,DepositChecking,1764751714.395257,3484,0,1
4,SendPayment,1764751714.405335,3346,0,1
6,WriteCheck,1764751714.415251,3371,0,1
2,Balance,1764751714.425250,976,0,1
2,Balance,1764751714.435276,893,0,1
4,SendPayment,1764751714.445259,3471,0,1
3,DepositChecking,1764751714.455254,3338,0,1
6,WriteCheck,1764751714.465314,4194,0,1
2,Balance,1764751714.475309,884,0,1
3,DepositChecking,1764751714.485309,3920,0,1
3,DepositChecking,1764751714.495300,3300,0,1
1,Amalgamate,1764751714.505273,4292,0,1
1,Amalgamate,1764751714.515321,4185,0,1
1,Amalgamate,1764751714.525341,4200,0,1
4,SendPayment,1764751714.535435,3320,0,1
5,TransactSavings,1764751714.545361,3311,0,1
6,WriteCheck,1764751714.555292,3506,0,1
6,WriteCheck,1764751714.565296,4021,0,1
5,TransactSavings,1764751714.575311,3078,0,1
6,WriteCheck,1764751714.585257,3113,0,1
4,SendPayment,1764751714.595271,3557,0,1
5,TransactSavings,1764751714.605421,3531,0,1
1,Amalgamate,1764751714.615284,3420,0,1
3,DepositChecking,1764751714.625280,3091,0,1
1,Amalgamate,1764751714.635310,3966,0,1
2,Balance,1764751714.645281,958,0,1
6,WriteCheck,1764751714.655288,3636,0,1
1,Amalgamate,1764751714.665401,4004,0,1
4,SendPayment,1764751714.675258,2967,0,1
5,TransactSavings,1764751714.685351,3596,0,1
2,Balance,1764751714.695287,1075,0,1
6,WriteCheck,1764751714.705273,3467,0,1
6,WriteCheck,1764751714.715353,3907,0,1
6,WriteCheck,1764751714.725358,3662,0,1
3,DepositChecking,1764751714.735271,3255,0,1
1,Amalgamate,1764751714.745249,4257,0,1
6,WriteCheck,1764751714.755308,3764,0,1
3,DepositChecking,1764751714.765289,2808,0,1
1,Amalgamate,1764751714.775263,4352,0,1
3,DepositChecking,1764751714.785276,3139,0,1
3,DepositChecking,1764751714.795333,3176,0,1
5,TransactSavings,1764751714.805252,3798,0,1
2,Balance,1764751714.815286,1225,0,1
2,Balance,1764751714.825294,2845,0,1
3,DepositChecking,1764751714.835282,3317,0,1
1,Amalgamate,1764751714.845252,4007,0,1
3,DepositChecking,1764751714.855274,3976,0,1
5,TransactSavings,1764751714.865264,3819,0,1
2,Balance,1764751714.875300,872,0,1
4,SendPayment,1764751714.885282,4392,0,1
4,SendPayment,1764751714.895420,3602,0,1
6,WriteCheck,1764751714.905366,4311,0,1
6,WriteCheck,1764751714.915264,3889,0,1
2,Balance,1764751714.925312,861,0,1
4,SendPayment,1764751714.935319,4217,0,1
4,SendPayment,1764751714.945256,3876,0,1
4,SendPayment,1764751714.955335,4123,0,1
1,Amalgamate,1764751714.965353,4329,0,1
3,DepositChecking,1764751714.975266,3176,0,1
4,SendPayment,1764751714.985509,3435,0,1
4,SendPayment,1764751714.995252,3523,0,1
4,SendPayment,1764751715.005303,3785,0,1
5,TransactSavings,1764751715.015461,3591,0,1
6,WriteCheck,1764751715.025378,3573,0,1
2,Balance,1764751715.035305,2917,0,1
3,DepositChecking,1764751715.045275,3143,0,1
2,Balance,1764751715.055291,793,0,1
5,TransactSavings,1764751715.065436,3356,0,1
3,DepositChecking,1764751715.075270,3179,0,1
5,TransactSavings,1764751715.085293,4013,0,1
1,Amalgamate,1764751715.095307,6322,0,1
3,DepositChecking,1764751715.105277,6068,0,1
5,TransactSavings,1764751715.115257,4340,0,1
3,DepositChecking,1764751715.125292,3369,0,1
3,DepositChecking,1764751715.135365,3033,0,1
3,DepositChecking,1764751715.145284,3126,0,1
2,Balance,1764751715.155299,2786,0,1
2,Balance,1764751715.165478,871,0,1
5,TransactSavings,1764751715.175335,4004,0,1
5,TransactSavings,1764751715.185307,3652,0,1
3,DepositChecking,1764751715.195344,3331,0,1
3,DepositChecking,1764751715.205274,2680,0,1
3,DepositChecking,1764751715.215329,3432,0,1
6,WriteCheck,1764751715.225553,2760,0,1
1,Amalgamate,1764751715.235267,3269,0,1
5,TransactSavings,1764751715.245366,3404,0,1
4,SendPayment,1764751715.255274,3466,0,1
6,WriteCheck,1764751715.265535,3451,0,1
5,TransactSavings,1764751715.275277,3445,0,1
3,DepositChecking,1764751715.285450,3161,0,1
2,Balance,1764751715.295260,856,0,1
5,TransactSavings,1764751715.305281,3620,0,1
2,Balance,1764751715.315276,2449,0,1
4,SendPayment,1764751715.325218,3352,0,1
2,Balance,1764751715.335278,904,0,1
5,TransactSavings,1764751715.345362,4091,0,1
1,Amalgamate,1764751715.355307,3444,0,1
5,TransactSavings,1764751715.365280,7520,0,1
4,SendPayment,1764751715.375302,4781,0,1
1,Amalgamate,1764751715.385327,4170,0,1
6,WriteCheck,1764751715.395286,3709,0,1
1,Amalgamate,1764751715.405448,3738,0,1
4,SendPayment,1764751715.415434,3368,0,1
2,Balance,1764751715.425509,2706,0,1
2,Balance,1764751715.435294,857,0,1
3,DepositChecking,1764751715.445303,3556,0,1
4,SendPayment,1764751715.455596,3459,0,1
2,Balance,1764751715.465339,3019,0,1
1,Amalgamate,1764751715.475242,3725,0,1
3,DepositChecking,1764751715.485322,3420,0,1
6,WriteCheck,1764751715.495331,8129,0,1
4,SendPayment,1764751715.505346,6243,0,1
3,DepositChecking,1764751715.515284,3217,0,1
1,Amalgamate,1764751715.525285,4080,0,1
1,Amalgamate,1764751715.535313,3536,0,1
4,SendPayment,1764751715.545264,3657,0,1
3,DepositChecking,1764751715.555248,3176,0,1
2,Balance,1764751715.565261,931,0,1
3,DepositChecking,1764751715.575268,2993,0,1
6,WriteCheck,1764751715.585323,3893,0,1
4,SendPayment,1764751715.595337,3923,0,1
5,TransactSavings,1764751715.605268,3494,0,1
6,WriteCheck,1764751715.615269,3548,0,1
4,SendPayment,1764751715.625387,4307,0,1
4,SendPayment,1764751715.635287,2882,0,1
4,SendPayment,1764751715.645329,3864,0,1
5,TransactSavings,1764751715.655289,3385,0,1
4,SendPayment,1764751715.665285,3471,0,1
5,TransactSavings,1764751715.675270,3072,0,1
5,TransactSavings,1764751715.685406,3745,0,1
4,SendPayment,1764751715.695362,4457,0,1
4,SendPayment,1764751715.705318,4729,0,1
5,TransactSavings,1764751715.715269,3632,0,1
3,DepositChecking,1764751715.725312,3221,0,1
6,WriteCheck,1764751715.735346,4188,0,1
3,DepositChecking,1764751715.745287,3322,0,1
3,DepositChecking,1764751715.755298,3231,0,1
1,Amalgamate,1764751715.765269,4057,0,1
4,SendPayment,1764751715.775308,3849,0,1
4,SendPayment,1764751715.785292,4265,0,1
3,DepositChecking,1764751715.795337,3209,0,1
4,SendPayment,1764751715.805339,3859,0,1
4,SendPayment,1764751715.815362,4320,0,1
6,WriteCheck,1764751715.825307,3757,0,1
3,DepositChecking,1764751715.835361,3510,0,1
5,TransactSavings,1764751715.845371,4915,0,1
6,WriteCheck,1764751715.855295,4352,0,1
5,TransactSavings,1764751715.865402,4893,0,1
3,DepositChecking,1764751715.875341,4209,0,1
6,WriteCheck,1764751715.885317,4169,0,1
3,DepositChecking,1764751715.895378,2465,0,1
3,DepositChecking,1764751715.905629,3012,0,1
1,Amalgamate,1764751715.915502,4457,0,1
5,TransactSavings,1764751715.925293,3624,0,1
6,WriteCheck,1764751715.935285,3114,0,1
3,DepositChecking,1764751715.945463,2697,0,1
3,DepositChecking,1764751715.955500,3088,0,1
2,Balance,1764751715.965296,1201,0,1
3,DepositChecking,1764751715.975292,3732,0,1
5,TransactSavings,1764751715.985417,3887,0,1
4,SendPayment,1764751715.995338,3800,0,1
4,SendPayment,1764751716.005284,2979,0,1
4,SendPayment,1764751716.015277,3822,0,1
5,TransactSavings,1764751716.025307,3542,0,1
6,WriteCheck,1764751716.035293,3394,0,1
4,SendPayment,1764751716.045631,4512,0,1
2,Balance,1764751716.055351,1008,0,1
1,Amalgamate,1764751716.065261,3988,0,1
4,SendPayment,1764751716.075409,3997,0,1
5,TransactSavings,1764751716.085289,3939,0,1
1,Amalgamate,1764751716.095328,57023,0,1
2,Balance,1764751716.152373,1123,0,1
2,Balance,1764751716.153509,2412,0,1
3,DepositChecking,1764751716.155932,5325,0,1
3,DepositChecking,1764751716.161284,3729,0,1
1,Amalgamate,1764751716.165034,5290,0,1
4,SendPayment,1764751716.170355,3976,0,1
5,TransactSavings,1764751716.174350,3473,0,1
2,Balance,1764751716.177840,3148,0,1
3,DepositChecking,1764751716.185315,4055,0,1
1,Amalgamate,1764751716.195330,4779,0,1
4,SendPayment,1764751716.205314,4099,0,1
3,DepositChecking,1764751716.215528,3400,0,1
4,SendPayment,1764751716.225295,3956,0,1
3,DepositChecking,1764751716.235263,3129,0,1
2,Balance,1764751716.245283,1069,0,1
4,SendPayment,1764751716.255615,4578,0,1
6,WriteCheck,1764751716.265299,2631,0,1
1,Amalgamate,1764751716.275265,3590,0,1
6,WriteCheck,1764751716.285278,3381,0,1
1,Amalgamate,1764751716.295323,3718,0,1
4,SendPayment,1764751716.305565,3735,0,1
4,SendPayment,1764751716.315295,3585,0,1
2,Balance,1764751716.325365,938,0,1
6,WriteCheck,1764751716.335263,3732,0,1
4,SendPayment,1764751716.345468,3410,0,1
3,DepositChecking,1764751716.355265,3231,0,1
2,Balance,1764751716.365276,974,0,1
1,Amalgamate,1764751716.375305,3918,0,1
3,DepositChecking,1764751716.385353,3510,0,1
1,Amalgamate,1764751716.395542,3976,0,1
6,WriteCheck,1764751716.405447,3655,0,1
1,Amalgamate,1764751716.415356,4184,0,1
1,Amalgamate,1764751716.425268,3885,0,1
5,TransactSavings,1764751716.435315,3414,0,1
6,WriteCheck,1764751716.445334,3848,0,1
2,Balance,1764751716.455357,934,0,1
1,Amalgamate,1764751716.465312,3598,0,1
5,TransactSavings,1764751716.475344,3322,0,1
1,Amalgamate,1764751716.485301,3667,0,1
3,DepositChecking,1764751716.495332,3203,0,1
5,TransactSavings,1764751716.505353,3780,0,1
4,SendPayment,1764751716.515416,3584,0,1
1,Amalgamate,1764751716.525329,3733,0,1
5,TransactSavings,1764751716.535277,3262,0,1
6,WriteCheck,1764751716.545333,4186,0,1
3,DepositChecking,1764751716.555320,3705,0,1
3,DepositChecking,1764751716.565418,3423,0,1
4,SendPayment,1764751716.575490,3506,0,1
5,TransactSavings,1764751716.585370,3335,0,1
5,TransactSavings,1764751716.595348,3372,0,1
4,SendPayment,1764751716.605301,4390,0,1
1,Amalgamate,1764751716.615291,3898,0,1
3,DepositChecking,1764751716.625388,3211,0,1
1,Amalgamate,1764751716.635364,4097,0,1
3,DepositChecking,1764751716.645441,3560,0,1
4,SendPayment,1764751716.655358,3874,0,1
2,Balance,1764751716.665283,981,0,1
2,Balance,1764751716.675288,2921,0,1
6,WriteCheck,1764751716.685343,4085,0,1
4,SendPayment,1764751716.695422,3544,0,1
6,WriteCheck,1764751716.705315,3472,0,1
5,TransactSavings,1764751716.715266,3605,0,1
2,Balance,1764751716.725352,1504,0,1
1,Amalgamate,1764751716.735414,4199,0,1
4,SendPayment,1764751716.745272,3808,0,1
4,SendPayment,1764751716.755307,4000,0,1
6,WriteCheck,1764751716.765267,4196,0,1
1,Amalgamate,1764751716.775420,3890,0,1
2,Balance,1764751716.785375,934,0,1
1,Amalgamate,1764751716.795297,4085,0,1
4,SendPayment,1764751716.805299,3793,0,1
6,WriteCheck,1764751716.815432,3660,0,1
5,TransactSavings,1764751716.825296,3172,0,1
5,TransactSavings,1764751716.835296,3391,0,1
2,Balance,1764751716.845278,1045,0,1
6,WriteCheck,1764751716.855406,4985,0,1
3,DepositChecking,1764751716.865280,3248,0,1
2,Balance,1764751716.875368,2853,0,1
3,DepositChecking,1764751716.885366,3529,0,1
4,SendPayment,1764751716.895563,3900,0,1
6,WriteCheck,1764751716.905379,4155,0,1
3,DepositChecking,1764751716.915320,3389,0,1
6,WriteCheck,1764751716.925276,3555,0,1
4,SendPayment,1764751716.935366,3447,0,1
4,SendPayment,1764751716.945338,4168,0,1
4,SendPayment,1764751716.955291,3692,0,1
4,SendPayment,1764751716.965273,3486,0,1
6,WriteCheck,1764751716.975246,6480,0,1
4,SendPayment,1764751716.985373,3524,0,1
5,TransactSavings,1764751716.995274,3296,0,1
4,SendPayment,1764751717.005325,4164,0,1
6,WriteCheck,1764751717.015475,3485,0,1
5,TransactSavings,1764751717.025321,3606,0,1
4,SendPayment,1764751717.035263,3458,0,1
4,SendPayment,1764751717.045271,3103,0,1
5,TransactSavings,1764751717.055257,3243,0,1
1,Amalgamate,1764751717.065237,4144,0,1
3,DepositChecking,1764751717.075365,4534,0,1
3,DepositChecking,1764751717.085332,3470,0,1
1,Amalgamate,1764751717.095400,4115,0,1
6,WriteCheck,1764751717.105324,4597,0,1
5,TransactSavings,1764751717.115316,3831,0,1
4,SendPayment,1764751717.125355,4247,0,1
6,WriteCheck,1764751717.135274,3463,0,1
2,Balance,1764751717.145335,2573,0,1
3,DepositChecking,1764751717.155435,3076,0,1
6,WriteCheck,1764751717.165245,3327,0,1
5,TransactSavings,1764751717.175273,3581,0,1
3,DepositChecking,1764751717.185269,3242,0,1
1,Amalgamate,1764751717.195312,3542,0,1
3,DepositChecking,1764751717.205295,3011,0,1
3,DepositChecking,1764751717.215266,3532,0,1
3,DepositChecking,1764751717.225370,3401,0,1
4,SendPayment,1764751717.235463,3475,0,1
5,TransactSavings,1764751717.245273,3462,0,1
4,SendPayment,1764751717.255372,3839,0,1
6,WriteCheck,1764751717.265552,3464,0,1
4,SendPayment,1764751717.275304,3584,0,1
1,Amalgamate,1764751717.285305,5163,0,1
2,Balance,1764751717.295292,886,0,1
1,Amalgamate,1764751717.305284,6773,0,1
2,Balance,1764751717.315268,900,0,1
5,TransactSavings,1764751717.325296,11657,0,1
6,WriteCheck,1764751717.336968,3294,0,1
5,TransactSavings,1764751717.345281,6686,0,1
4,SendPayment,1764751717.355326,3360,0,1
4,SendPayment,1764751717.365601,3681,0,1
2,Balance,1764751717.375371,1546,0,1
1,Amalgamate,1764751717.385332,3862,0,1
6,WriteCheck,1764751717.395361,4470,0,1
2,Balance,1764751717.405307,1109,0,1
2,Balance,1764751717.415298,999,0,1
4,SendPayment,1764751717.425305,4022,0,1
4,SendPayment,1764751717.435276,3626,0,1
5,TransactSavings,1764751717.445381,3717,0,1
3,DepositChecking,1764751717.455352,3338,0,1
2,Balance,1764751717.465290,1077,0,1
4,SendPayment,1764751717.475288,4226,0,1
4,SendPayment,1764751717.485313,3321,0,1
2,Balance,1764751717.495312,1111,0,1
1,Amalgamate,1764751717.505310,4776,0,1
2,Balance,1764751717.515342,1102,0,1
5,TransactSavings,1764751717.525542,3399,0,1
4,SendPayment,1764751717.535327,4485,0,1
6,WriteCheck,1764751717.545356,3420,0,1
4,SendPayment,1764751717.555297,3754,0,1
4,SendPayment,1764751717.565387,4066,0,1
3,DepositChecking,1764751717.575411,3810,0,1
5,TransactSavings,1764751717.585316,3817,0,1
2,Balance,1764751717.595381,2649,0,1
4,SendPayment,1764751717.605358,46444,0,1
1,Amalgamate,1764751717.651822,4639,0,1
6,WriteCheck,1764751717.656488,3566,0,1
6,WriteCheck,1764751717.660070,3704,0,1
3,DepositChecking,1764751717.663790,2856,0,1
3,DepositChecking,1764751717.666660,3048,0,1
3,DepositChecking,1764751717.669723,2908,0,1
4,SendPayment,1764751717.675309,3376,0,1
4,SendPayment,1764751717.685354,3546,0,1
4,SendPayment,1764751717.695285,5847,0,1
3,DepositChecking,1764751717.705309,3867,0,1
2,Balance,1764751717.715319,1278,0,1
5,TransactSavings,1764751717.725368,3516,0,1
3,DepositChecking,1764751717.735329,3161,0,1
2,Balance,1764751717.745318,977,0,1
6,WriteCheck,1764751717.755296,3429,0,1
2,Balance,1764751717.765401,1192,0,1
5,TransactSavings,1764751717.775300,3360,0,1
2,Balance,1764751717.785285,1150,0,1
1,Amalgamate,1764751717.795309,3803,0,1
4,SendPayment,1764751717.805286,3558,0,1
4,SendPayment,1764751717.815294,3516,0,1
4,SendPayment,1764751717.825308,3549,0,1
3,DepositChecking,1764751717.835270,3248,0,1
5,TransactSavings,1764751717.845269,3496,0,1
4,SendPayment,1764751717.855374,4046,0,1
2,Balance,1764751717.865318,1245,0,1
5,TransactSavings,1764751717.875318,3544,0,1
2,Balance,1764751717.885545,1136,0,1
2,Balance,1764751717.895333,881,0,1
4,SendPayment,1764751717.905664,4905,0,1
3,DepositChecking,1764751717.915255,3271,0,1
3,DepositChecking,1764751717.925282,3133,0,1
2,Balance,1764751717.935569,3131,0,1
2,Balance,1764751717.945293,1317,0,1
6,WriteCheck,1764751717.955277,4031,0,1
4,SendPayment,1764751717.965481,3764,0,1
2,Balance,1764751717.975256,3045,0,1
1,Amalgamate,1764751717.985283,4936,0,1
5,TransactSavings,1764751717.995247,3783,0,1
1,Amalgamate,1764751718.005442,4235,0,1
1,Amalgamate,1764751718.015276,4284,0,1
3,DepositChecking,1764751718.025274,3253,0,1
2,Balance,1764751718.035288,1150,0,1
6,WriteCheck,1764751718.045301,3858,0,1
4,SendPayment,1764751718.055288,3579,0,1
6,WriteCheck,1764751718.065297,3742,0,1
3,DepositChecking,1764751718.075295,3334,0,1
5,TransactSavings,1764751718.085337,3757,0,1
4,SendPayment,1764751718.095367,4180,0,1
5,TransactSavings,1764751718.105291,3820,0,1
5,TransactSavings,1764751718.115320,3299,0,1
4,SendPayment,1764751718.125300,3348,0,1
6,WriteCheck,1764751718.135364,4037,0,1
4,SendPayment,1764751718.145324,3328,0,1
6,WriteCheck,1764751718.155614,3656,0,1
3,DepositChecking,1764751718.165352,3157,0,1
2,Balance,1764751718.175281,2864,0,1
4,SendPayment,1764751718.185384,3429,0,1
4,SendPayment,1764751718.195268,4307,0,1
4,SendPayment,1764751718.205365,7661,0,1
6,WriteCheck,1764751718.215305,4047,0,1
4,SendPayment,1764751718.225366,4065,0,1
5,TransactSavings,1764751718.235457,3850,0,1
3,DepositChecking,1764751718.245402,3693,0,1
2,Balance,1764751718.255397,1154,0,1
5,TransactSavings,1764751718.265300,4239,0,1
3,DepositChecking,1764751718.275287,2866,0,1
4,SendPayment,1764751718.285298,3647,0,1
3,DepositChecking,1764751718.295322,3211,0,1
1,Amalgamate,1764751718.305273,4248,0,1
5,TransactSavings,1764751718.315362,3582,0,1
4,SendPayment,1764751718.325292,3608,0,1
5,TransactSavings,1764751718.335777,3295,0,1
5,TransactSavings,1764751718.345272,3695,0,1
4,SendPayment,1764751718.355378,4101,0,1
4,SendPayment,1764751718.365357,3612,0,1
2,Balance,1764751718.375348,880,0,1
2,Balance,1764751718.385244,870,0,1
2,Balance,1764751718.395308,3026,0,1
5,TransactSavings,1764751718.405252,3578,0,1
5,TransactSavings,1764751718.415367,3465,0,1
1,Amalgamate,1764751718.425382,4553,0,1
6,WriteCheck,1764751718.435285,3702,0,1
5,TransactSavings,1764751718.445365,2834,0,1
5,TransactSavings,1764751718.455279,2995,0,1
5,TransactSavings,1764751718.465290,3750,0,1
6,WriteCheck,1764751718.475327,3674,0,1
1,Amalgamate,1764751718.485418,4346,0,1
3,DepositChecking,1764751718.495311,3032,0,1
6,WriteCheck,1764751718.505375,4062,0,1
5,TransactSavings,1764751718.515330,3191,0,1
2,Balance,1764751718.525314,1207,0,1
2,Balance,1764751718.535401,2903,0,1
4,SendPayment,1764751718.545375,3745,0,1
5,TransactSavings,1764751718.555315,3246,0,1
2,Balance,1764751718.565409,1195,0,1
1,Amalgamate,1764751718.575444,3842,0,1
1,Amalgamate,1764751718.585369,4252,0,1
1,Amalgamate,1764751718.595352,3880,0,1
4,SendPayment,1764751718.605367,3756,0,1
2,Balance,1764751718.615296,935,0,1
2,Balance,1764751718.625312,1337,0,1
2,Balance,1764751718.635364,1219,0,1
6,WriteCheck,1764751718.645313,3127,0,1
5,TransactSavings,1764751718.655450,3908,0,1
6,WriteCheck,1764751718.665361,3848,0,1
4,SendPayment,1764751718.675304,3905,0,1
3,DepositChecking,1764751718.685456,3208,0,1
3,DepositChecking,1764751718.695416,3420,0,1
4,SendPayment,1764751718.705349,4472,0,1
2,Balance,1764751718.715356,1182,0,1
4,SendPayment,1764751718.725452,4471,0,1
2,Balance,1764751718.735399,3433,0,1
4,SendPayment,1764751718.745360,4356,0,1
1,Amalgamate,1764751718.755384,4472,0,1
3,DepositChecking,1764751718.765342,4269,0,1
3,DepositChecking,1764751718.775446,3586,0,1
6,WriteCheck,1764751718.785396,4339,0,1
4,SendPayment,1764751718.795302,4499,0,1
6,WriteCheck,1764751718.805355,3663,0,1
2,Balance,1764751718.815332,1704,0,1
4,SendPayment,1764751718.825293,96593,0,1
3,DepositChecking,1764751718.921909,9201,0,1
4,SendPayment,1764751718.931133,8951,0,1
3,DepositChecking,1764751718.940113,11970,0,1
1,Amalgamate,1764751718.952106,8401,0,1
6,WriteCheck,1764751718.960530,9434,0,1
5,TransactSavings,1764751718.969984,7493,0,1
1,Amalgamate,1764751718.977495,10681,0,1
3,DepositChecking,1764751718.988197,7688,0,1
4,SendPayment,1764751718.995906,8004,0,1
2,Balance,1764751719.003931,1135,0,1
4,SendPayment,1764751719.005075,7156,0,1
4,SendPayment,1764751719.012253,11172,0,1
4,SendPayment,1764751719.023446,11683,0,1
4,SendPayment,1764751719.035150,9642,0,1
2,Balance,1764751719.044816,923,0,1
4,SendPayment,1764751719.045743,6095,0,1
1,Amalgamate,1764751719.051861,8478,0,1
6,WriteCheck,1764751719.060361,7553,0,1
5,TransactSavings,1764751719.067942,10344,0,1
2,Balance,1764751719.078310,1137,0,1
4,SendPayment,1764751719.079459,10784,0,1
5,TransactSavings,1764751719.090265,7599,0,1
2,Balance,1764751719.097886,1086,0,1
3,DepositChecking,1764751719.098983,7131,0,1
2,Balance,1764751719.106127,9150,0,1
5,TransactSavings,1764751719.115293,13040,0,1
4,SendPayment,1764751719.128378,8278,0,1
2,Balance,1764751719.136675,957,0,1
6,WriteCheck,1764751719.137646,8829,0,1
2,Balance,1764751719.146493,6175,0,1
4,SendPayment,1764751719.152699,7684,0,1
5,TransactSavings,1764751719.160405,7100,0,1
6,WriteCheck,1764751719.167519,7752,0,1
3,DepositChecking,1764751719.175290,9900,0,1
4,SendPayment,1764751719.185218,9024,0,1
2,Balance,1764751719.194281,5481,0,1
5,TransactSavings,1764751719.199784,6957,0,1
3,DepositChecking,1764751719.206768,11281,0,1
5,TransactSavings,1764751719.218063,10154,0,1
3,DepositChecking,1764751719.228235,7597,0,1
2,Balance,1764751719.235847,1269,0,1
3,DepositChecking,1764751719.245364,9589,0,1
3,DepositChecking,1764751719.255310,8108,0,1
1,Amalgamate,1764751719.265360,7681,0,1
3,DepositChecking,1764751719.275298,8104,0,1
4,SendPayment,1764751719.285374,7318,0,1
5,TransactSavings,1764751719.295291,8759,0,1
6,WriteCheck,1764751719.305309,9991,0,1
5,TransactSavings,1764751719.315320,7331,0,1
5,TransactSavings,1764751719.325415,7143,0,1
6,WriteCheck,1764751719.335366,9321,0,1
4,SendPayment,1764751719.345390,13843,0,1
3,DepositChecking,1764751719.359256,12652,0,1
4,SendPayment,1764751719.371929,8874,0,1
2,Balance,1764751719.380822,982,0,1
2,Balance,1764751719.385297,1146,0,1
5,TransactSavings,1764751719.395399,8851,0,1
3,DepositChecking,1764751719.405318,7490,0,1
5,TransactSavings,1764751719.415379,9265,0,1
1,Amalgamate,1764751719.425399,7410,0,1
4,SendPayment,1764751719.435391,13120,0,1
6,WriteCheck,1764751719.448544,15867,0,1
5,TransactSavings,1764751719.464434,12974,0,1
6,WriteCheck,1764751719.477425,8344,0,1
2,Balance,1764751719.485783,1419,0,1
4,SendPayment,1764751719.487213,6661,0,1
4,SendPayment,1764751719.495319,9003,0,1
4,SendPayment,1764751719.505374,8815,0,1
4,SendPayment,1764751719.515325,10328,0,1
1,Amalgamate,1764751719.525664,9298,0,1
6,WriteCheck,1764751719.535335,8691,0,1
4,SendPayment,1764751719.545323,7510,0,1
2,Balance,1764751719.555341,6639,0,1
1,Amalgamate,1764751719.565270,7316,0,1
2,Balance,1764751719.575293,998,0,1
4,SendPayment,1764751719.585358,8250,0,1
4,SendPayment,1764751719.595290,7090,0,1
5,TransactSavings,1764751719.605499,8222,0,1
2,Balance,1764751719.615330,8882,0,1
1,Amalgamate,1764751719.625337,7783,0,1
2,Balance,1764751719.635349,1072,0,1
5,TransactSavings,1764751719.645309,43886,0,1
2,Balance,1764751719.689215,903,0,1
1,Amalgamate,1764751719.690131,7714,0,1
3,DepositChecking,1764751719.697863,7340,0,1
4,SendPayment,1764751719.705223,11819,0,1
5,TransactSavings,1764751719.717057,9543,0,1
5,TransactSavings,1764751719.726616,6612,0,1
4,SendPayment,1764751719.733247,8936,0,1
6,WriteCheck,1764751719.742200,6301,0,1
3,DepositChecking,1764751719.748517,7799,0,1
4,SendPayment,1764751719.756329,19535,0,1
1,Amalgamate,1764751719.775885,22452,0,1
6,WriteCheck,1764751719.798378,23056,0,1
5,TransactSavings,1764751719.821453,7199,0,1
6,WriteCheck,1764751719.828667,7335,0,1
5,TransactSavings,1764751719.836015,8067,0,1
6,WriteCheck,1764751719.844099,7672,0,1
4,SendPayment,1764751719.851785,6635,0,1
6,WriteCheck,1764751719.858438,6523,0,1
2,Balance,1764751719.864974,761,0,1
6,WriteCheck,1764751719.865738,6660,0,1
1,Amalgamate,1764751719.872416,9047,0,1
6,WriteCheck,1764751719.881477,29997,0,1
4,SendPayment,1764751719.911495,19094,0,1
3,DepositChecking,1764751719.930609,6672,0,1
4,SendPayment,1764751719.937296,7984,0,1
4,SendPayment,1764751719.945289,11670,0,1
3,DepositChecking,1764751719.956975,11048,0,1
1,Amalgamate,1764751719.968039,12518,0,1
1,Amalgamate,1764751719.980574,9963,0,1
3,DepositChecking,1764751719.990558,10062,0,1
5,TransactSavings,1764751720.000635,8119,0,1
6,WriteCheck,1764751720.008777,7701,0,1
3,DepositChecking,1764751720.016493,6251,0,1
6,WriteCheck,1764751720.022757,6632,0,1
4,SendPayment,1764751720.029399,6052,0,1
1,Amalgamate,1764751720.035460,7092,0,1
6,WriteCheck,1764751720.042566,6548,0,1
4,SendPayment,1764751720.049127,11477,0,1
1,Amalgamate,1764751720.060620,7071,0,1
6,WriteCheck,1764751720.067702,6656,0,1
4,SendPayment,1764751720.074375,7136,0,1
4,SendPayment,1764751720.081526,8011,0,1
5,TransactSavings,1764751720.089553,6217,0,1
4,SendPayment,1764751720.095781,9032,0,1
3,DepositChecking,1764751720.104826,6400,0,1
1,Amalgamate,1764751720.111237,7127,0,1
4,SendPayment,1764751720.118377,6858,0,1
4,SendPayment,1764751720.125249,6335,0,1
6,WriteCheck,1764751720.135314,7336,0,1
1,Amalgamate,1764751720.145382,11596,0,1
4,SendPayment,1764751720.156993,74215,0,1
6,WriteCheck,1764751720.231228,9313,0,1
1,Amalgamate,1764751720.240561,6633,0,1
3,DepositChecking,1764751720.247208,6782,0,1
5,TransactSavings,1764751720.254002,6406,0,1
5,TransactSavings,1764751720.260423,10721,0,1
4,SendPayment,1764751720.271158,7872,0,1
4,SendPayment,1764751720.279043,7106,0,1
3,DepositChecking,1764751720.286159,5999,0,1
6,WriteCheck,1764751720.292174,6548,0,1
4,SendPayment,1764751720.298741,9028,0,1
3,DepositChecking,1764751720.307783,7959,0,1
4,SendPayment,1764751720.315756,7494,0,1
3,DepositChecking,1764751720.323263,7624,0,1
5,TransactSavings,1764751720.330900,5609,0,1
4,SendPayment,1764751720.336519,7314,0,1
2,Balance,1764751720.343843,767,0,1
1,Amalgamate,1764751720.344615,6813,0,1
5,TransactSavings,1764751720.351445,6934,0,1
1,Amalgamate,1764751720.358392,6532,0,1
3,DepositChecking,1764751720.364939,7269,0,1
1,Amalgamate,1764751720.372222,8182,0,1
5,TransactSavings,1764751720.380416,7189,0,1
5,TransactSavings,1764751720.387615,6228,0,1
4,SendPayment,1764751720.395283,7100,0,1
4,SendPayment,1764751720.405281,7229,0,1
6,WriteCheck,1764751720.415280,5341,0,1
3,DepositChecking,1764751720.425338,62338,0,1
2,Balance,1764751720.487693,11853,0,1
5,TransactSavings,1764751720.499567,25463,0,1
2,Balance,1764751720.525051,1641,0,1
2,Balance,1764751720.526699,61912,0,1
5,TransactSavings,1764751720.588632,6935,0,1
3,DepositChecking,1764751720.595585,8772,0,1
4,SendPayment,1764751720.604379,8630,0,1
5,TransactSavings,1764751720.613031,6546,0,1
1,Amalgamate,1764751720.619602,8016,0,1
4,SendPayment,1764751720.627633,6840,0,1
3,DepositChecking,1764751720.634492,9615,0,1
4,SendPayment,1764751720.644127,8795,0,1
1,Amalgamate,1764751720.652941,6401,0,1
3,DepositChecking,1764751720.659370,7751,0,1
6,WriteCheck,1764751720.667136,7582,0,1
4,SendPayment,1764751720.674739,10655,0,1
4,SendPayment,1764751720.685409,10741,0,1
4,SendPayment,1764751720.696164,7258,0,1
2,Balance,1764751720.703467,9964,0,1
3,DepositChecking,1764751720.713452,13201,0,1
4,SendPayment,1764751720.726670,8524,0,1
6,WriteCheck,1764751720.735218,9595,0,1
4,SendPayment,1764751720.744839,9788,0,1
3,DepositChecking,1764751720.754650,7965,0,1
4,SendPayment,1764751720.762643,8539,0,1
4,SendPayment,1764751720.771211,12520,0,1
1,Amalgamate,1764751720.783763,11245,0,1
1,Amalgamate,1764751720.795040,9692,0,1
6,WriteCheck,1764751720.804754,7951,0,1
1,Amalgamate,1764751720.812745,7581,0,1
5,TransactSavings,1764751720.820357,9174,0,1
6,WriteCheck,1764751720.829549,7630,0,1
5,TransactSavings,1764751720.837201,7367,0,1
5,TransactSavings,1764751720.844592,7768,0,1
5,TransactSavings,1764751720.852382,10630,0,1
5,TransactSavings,1764751720.863036,9645,0,1
6,WriteCheck,1764751720.872726,7294,0,1
4,SendPayment,1764751720.880040,9308,0,1
1,Amalgamate,1764751720.889366,8445,0,1
5,TransactSavings,1764751720.897829,6898,0,1
1,Amalgamate,1764751720.904748,7535,0,1
3,DepositChecking,1764751720.912305,7487,0,1
4,SendPayment,1764751720.919811,7253,0,1
4,SendPayment,1764751720.927085,7865,0,1
6,WriteCheck,1764751720.934971,6959,0,1
3,DepositChecking,1764751720.941952,6481,0,1
4,SendPayment,1764751720.948454,7529,0,1
5,TransactSavings,1764751720.955998,6607,0,1
4,SendPayment,1764751720.962635,6031,0,1
1,Amalgamate,1764751720.968689,7329,0,1
6,WriteCheck,1764751720.976036,10000,0,1
1,Amalgamate,1764751720.986052,6215,0,1
4,SendPayment,1764751720.992289,7500,0,1
1,Amalgamate,1764751720.999813,7282,0,1
4,SendPayment,1764751721.007115,6486,0,1
3,DepositChecking,1764751721.013624,8309,0,1
1,Amalgamate,1764751721.021955,7423,0,1
3,DepositChecking,1764751721.029406,6232,0,1
3,DepositChecking,1764751721.035661,6989,0,1
6,WriteCheck,1764751721.042673,6932,0,1
4,SendPayment,1764751721.049625,7805,0,1
4,SendPayment,1764751721.057446,6788,0,1
4,SendPayment,1764751721.064255,6973,0,1
6,WriteCheck,1764751721.071248,9511,0,1
6,WriteCheck,1764751721.080781,7891,0,1
4,SendPayment,1764751721.088688,7387,0,1
5,TransactSavings,1764751721.096106,6073,0,1
2,Balance,1764751721.105408,1301,0,1
4,SendPayment,1764751721.115315,8586,0,1
1,Amalgamate,1764751721.125285,8811,0,1
6,WriteCheck,1764751721.135311,9903,0,1
4,SendPayment,1764751721.145282,8165,0,1
2,Balance,1764751721.155373,5803,0,1
4,SendPayment,1764751721.165289,7712,0,1
5,TransactSavings,1764751721.175346,8287,0,1
4,SendPayment,1764751721.185467,12469,0,1
4,SendPayment,1764751721.197955,7570,0,1
3,DepositChecking,1764751721.205540,5228,0,1
3,DepositChecking,1764751721.215298,7638,0,1
6,WriteCheck,1764751721.225388,6172,0,1
5,TransactSavings,1764751721.235400,7858,0,1
1,Amalgamate,1764751721.245316,7503,0,1
4,SendPayment,1764751721.255339,7090,0,1
2,Balance,1764751721.265310,1132,0,1
5,TransactSavings,1764751721.275306,6888,0,1
3,DepositChecking,1764751721.285373,7108,0,1
1,Amalgamate,1764751721.295326,8102,0,1
3,DepositChecking,1764751721.305470,6612,0,1
1,Amalgamate,1764751721.315311,8916,0,1
2,Balance,1764751721.325478,1443,0,1
5,TransactSavings,1764751721.335296,8399,0,1
2,Balance,1764751721.345341,5470,0,1
5,TransactSavings,1764751721.355328,11844,0,1
4,SendPayment,1764751721.367191,7111,0,1
2,Balance,1764751721.375300,972,0,1
4,SendPayment,1764751721.385455,8520,0,1
3,DepositChecking,1764751721.395281,6570,0,1
2,Balance,1764751721.405291,8678,0,1
4,SendPayment,1764751721.415307,7551,0,1
3,DepositChecking,1764751721.425338,6693,0,1
4,SendPayment,1764751721.435375,118259,0,1
2,Balance,1764751721.553656,9464,0,1
3,DepositChecking,1764751721.563138,4854,0,1
1,Amalgamate,1764751721.568008,7696,0,1
4,SendPayment,1764751721.575722,7746,0,1
3,DepositChecking,1764751721.583488,6177,0,1
4,SendPayment,1764751721.589692,6967,0,1
6,WriteCheck,1764751721.596678,8078,0,1
2,Balance,1764751721.604781,6027,0,1
4,SendPayment,1764751721.610823,7528,0,1
6,WriteCheck,1764751721.618361,10481,0,1
4,SendPayment,1764751721.628856,10630,0,1
1,Amalgamate,1764751721.639503,11023,0,1
6,WriteCheck,1764751721.650542,7897,0,1
1,Amalgamate,1764751721.658468,8335,0,1
4,SendPayment,1764751721.666827,7452,0,1
6,WriteCheck,1764751721.674295,7510,0,1
4,SendPayment,1764751721.681825,7170,0,1
3,DepositChecking,1764751721.689011,9241,0,1
1,Amalgamate,1764751721.698267,7174,0,1
2,Balance,1764751721.705455,4715,0,1
5,TransactSavings,1764751721.710186,7118,0,1
2,Balance,1764751721.717327,4562,0,1
5,TransactSavings,1764751721.721902,7713,0,1
1,Amalgamate,1764751721.729631,8385,0,1
3,DepositChecking,1764751721.738031,6165,0,1
6,WriteCheck,1764751721.744217,7704,0,1
6,WriteCheck,1764751721.751944,8168,0,1
4,SendPayment,1764751721.760131,8895,0,1
6,WriteCheck,1764751721.769044,8148,0,1
4,SendPayment,1764751721.777209,6370,0,1
5,TransactSavings,1764751721.783604,8357,0,1
2,Balance,1764751721.791994,1106,0,1
4,SendPayment,1764751721.793110,6641,0,1
6,WriteCheck,1764751721.799767,5918,0,1
1,Amalgamate,1764751721.805699,9326,0,1
4,SendPayment,1764751721.815048,7826,0,1
4,SendPayment,1764751721.822921,6078,0,1
4,SendPayment,1764751721.829013,7482,0,1
1,Amalgamate,1764751721.836510,15950,0,1
1,Amalgamate,1764751721.852488,9315,0,1
6,WriteCheck,1764751721.861824,7682,0,1
4,SendPayment,1764751721.869525,13862,0,1
2,Balance,1764751721.883420,2135,0,1
4,SendPayment,1764751721.885566,7349,0,1
6,WriteCheck,1764751721.892944,18432,0,1
4,SendPayment,1764751721.911394,12603,0,1
6,WriteCheck,1764751721.924022,13467,0,1
3,DepositChecking,1764751721.937502,84099,0,1
2,Balance,1764751722.021622,1049,0,1
4,SendPayment,1764751722.022684,18708,0,1
1,Amalgamate,1764751722.041417,10794,0,1
4,SendPayment,1764751722.052233,71040,0,1
1,Amalgamate,1764751722.123290,27941,0,1
4,SendPayment,1764751722.151248,14660,0,1
4,SendPayment,1764751722.165930,14832,0,1
1,Amalgamate,1764751722.180782,121693,0,1
6,WriteCheck,1764751722.302502,13703,0,1
2,Balance,1764751722.316224,1007,0,1
4,SendPayment,1764751722.317242,7619,0,1
1,Amalgamate,1764751722.324879,7482,0,1
4,SendPayment,1764751722.332380,6967,0,1
1,Amalgamate,1764751722.339363,9743,0,1
6,WriteCheck,1764751722.349119,8898,0,1
3,DepositChecking,1764751722.358031,8725,0,1
3,DepositChecking,1764751722.366769,9946,0,1
1,Amalgamate,1764751722.376735,6965,0,1
4,SendPayment,1764751722.383719,6488,0,1
1,Amalgamate,1764751722.390230,7109,0,1
2,Balance,1764751722.397355,4777,0,1
5,TransactSavings,1764751722.402148,9903,0,1
4,SendPayment,1764751722.412073,7571,0,1
4,SendPayment,1764751722.419659,6419,0,1
6,WriteCheck,1764751722.426087,8234,0,1
4,SendPayment,1764751722.434337,8049,0,1
4,SendPayment,1764751722.442401,6893,0,1
5,TransactSavings,1764751722.449306,7283,0,1
1,Amalgamate,1764751722.456602,7853,0,1
1,Amalgamate,1764751722.464491,11805,0,1
4,SendPayment,1764751722.476316,8989,0,1
2,Balance,1764751722.485324,1534,0,1
4,SendPayment,1764751722.486887,11520,0,1
2,Balance,1764751722.498430,1235,0,1
4,SendPayment,1764751722.499693,7134,0,1
3,DepositChecking,1764751722.506841,7094,0,1
5,TransactSavings,1764751722.513964,7937,0,1
6,WriteCheck,1764751722.521923,6903,0,1
2,Balance,1764751722.528841,11360,0,1
5,TransactSavings,1764751722.540235,9035,0,1
5,TransactSavings,1764751722.549289,8552,0,1
4,SendPayment,1764751722.557857,9770,0,1
4,SendPayment,1764751722.567642,7677,0,1
2,Balance,1764751722.575333,4521,0,1
6,WriteCheck,1764751722.579863,6542,0,1
4,SendPayment,1764751722.586417,62328,0,1
3,DepositChecking,1764751722.648760,61102,0,1
2,Balance,1764751722.709881,1131,0,1
5,TransactSavings,1764751722.711022,37537,0,1
5,TransactSavings,1764751722.748579,11253,0,1
1,Amalgamate,1764751722.759851,7432,0,1
1,Amalgamate,1764751722.767299,6948,0,1
6,WriteCheck,1764751722.774266,7587,0,1
2,Balance,1764751722.781877,5269,0,1
4,SendPayment,1764751722.787164,6582,0,1
4,SendPayment,1764751722.793765,6495,0,1
5,TransactSavings,1764751722.800275,6323,0,1
4,SendPayment,1764751722.806610,6269,0,1
4,SendPayment,1764751722.812893,7713,0,1
4,SendPayment,1764751722.820621,6347,0,1
2,Balance,1764751722.826983,1062,0,1
4,SendPayment,1764751722.828054,6958,0,1
6,WriteCheck,1764751722.835027,6994,0,1
1,Amalgamate,1764751722.842036,7905,0,1
1,Amalgamate,1764751722.849956,7598,0,1
2,Balance,1764751722.857566,952,0,1
2,Balance,1764751722.858529,847,0,1
2,Balance,1764751722.859388,732,0,1
3,DepositChecking,1764751722.860125,7954,0,1
3,DepositChecking,1764751722.868089,6979,0,1
5,TransactSavings,1764751722.875087,8234,0,1
4,SendPayment,1764751722.883341,8805,0,1
1,Amalgamate,1764751722.892163,7555,0,1
6,WriteCheck,1764751722.899732,7331,0,1
6,WriteCheck,1764751722.907075,8534,0,1
4,SendPayment,1764751722.915619,9066,0,1
1,Amalgamate,1764751722.924696,10885,0,1
4,SendPayment,1764751722.935587,7384,0,1
3,DepositChecking,1764751722.942983,7914,0,1
5,TransactSavings,1764751722.950905,6734,0,1
2,Balance,1764751722.957646,661,0,1
4,SendPayment,1764751722.958310,6494,0,1
4,SendPayment,1764751722.964812,9404,0,1
1,Amalgamate,1764751722.974230,26832,0,1
2,Balance,1764751723.001076,919,0,1
6,WriteCheck,1764751723.002003,9299,0,1
3,DepositChecking,1764751723.011314,10403,0,1
1,Amalgamate,1764751723.021727,10931,0,1
6,WriteCheck,1764751723.032667,9879,0,1
5,TransactSavings,1764751723.042558,7229,0,1
3,DepositChecking,1764751723.049796,6998,0,1
3,DepositChecking,1764751723.056801,6705,0,1
2,Balance,1764751723.063516,896,0,1
5,TransactSavings,1764751723.064420,6912,0,1
2,Balance,1764751723.071342,4643,0,1
3,DepositChecking,1764751723.075993,5070,0,1
4,SendPayment,1764751723.081070,8382,0,1
4,SendPayment,1764751723.089460,8221,0,1
1,Amalgamate,1764751723.097690,7509,0,1
1,Amalgamate,1764751723.105215,7421,0,1
5,TransactSavings,1764751723.112642,7711,0,1
2,Balance,1764751723.120361,5225,0,1
4,SendPayment,1764751723.125593,6669,0,1
4,SendPayment,1764751723.132271,8117,0,1
6,WriteCheck,1764751723.140394,7269,0,1
2,Balance,1764751723.147670,641,0,1
4,SendPayment,1764751723.148314,9048,0,1
5,TransactSavings,1764751723.157368,7309,0,1
6,WriteCheck,1764751723.164688,6800,0,1
2,Balance,1764751723.171497,979,0,1
2,Balance,1764751723.172484,4501,0,1
1,Amalgamate,1764751723.176992,6587,0,1
5,TransactSavings,1764751723.183586,6673,0,1
5,TransactSavings,1764751723.190265,6354,0,1
6,WriteCheck,1764751723.196627,6619,0,1
6,WriteCheck,1764751723.203254,7148,0,1
3,DepositChecking,1764751723.210410,6805,0,1
3,DepositChecking,1764751723.217221,7331,0,1
4,SendPayment,1764751723.224559,7984,0,1
4,SendPayment,1764751723.232554,7653,0,1
3,DepositChecking,1764751723.240215,6497,0,1
2,Balance,1764751723.246720,727,0,1
4,SendPayment,1764751723.247454,8119,0,1
3,DepositChecking,1764751723.255579,6502,0,1
6,WriteCheck,1764751723.262095,8280,0,1
3,DepositChecking,1764751723.270386,7204,0,1
6,WriteCheck,1764751723.277603,9233,0,1
2,Balance,1764751723.286854,6529,0,1
5,TransactSavings,1764751723.293403,7401,0,1
4,SendPayment,1764751723.300813,6821,0,1
5,TransactSavings,1764751723.307642,6687,0,1
3,DepositChecking,1764751723.314338,4894,0,1
3,DepositChecking,1764751723.319239,6425,0,1
2,Balance,1764751723.325671,837,0,1
5,TransactSavings,1764751723.326516,6491,0,1
4,SendPayment,1764751723.333014,5554,0,1
4,SendPayment,1764751723.338574,10165,0,1
4,SendPayment,1764751723.348746,6909,0,1
6,WriteCheck,1764751723.355663,8683,0,1
1,Amalgamate,1764751723.364354,7780,0,1
2,Balance,1764751723.372140,782,0,1
4,SendPayment,1764751723.372929,7774,0,1
2,Balance,1764751723.380713,844,0,1
2,Balance,1764751723.381565,822,0,1
3,DepositChecking,1764751723.382395,7291,0,1
3,DepositChecking,1764751723.389694,6580,0,1
1,Amalgamate,1764751723.396280,7161,0,1
6,WriteCheck,1764751723.403448,7910,0,1
1,Amalgamate,1764751723.411365,7614,0,1
1,Amalgamate,1764751723.418987,7865,0,1
6,WriteCheck,1764751723.426859,7205,0,1
2,Balance,1764751723.435282,685,0,1
4,SendPayment,1764751723.445278,8993,0,1
4,SendPayment,1764751723.455337,6787,0,1
4,SendPayment,1764751723.465264,7313,0,1
2,Balance,1764751723.475320,911,0,1
3,DepositChecking,1764751723.485331,6420,0,1
4,SendPayment,1764751723.495262,8316,0,1
4,SendPayment,1764751723.505287,7714,0,1
6,WriteCheck,1764751723.515276,6643,0,1
1,Amalgamate,1764751723.525273,8776,0,1
2,Balance,1764751723.535288,5209,0,1
1,Amalgamate,1764751723.545301,8099,0,1
4,SendPayment,1764751723.555489,9927,0,1
2,Balance,1764751723.565424,749,0,1
1,Amalgamate,1764751723.575312,6399,0,1
4,SendPayment,1764751723.585273,7079,0,1
6,WriteCheck,1764751723.595357,7549,0,1
4,SendPayment,1764751723.605317,6678,0,1
1,Amalgamate,1764751723.615400,8578,0,1
4,SendPayment,1764751723.625271,7579,0,1
4,SendPayment,1764751723.635322,6819,0,1
4,SendPayment,1764751723.645273,7887,0,1
3,DepositChecking,1764751723.655319,7846,0,1
3,DepositChecking,1764751723.665344,8294,0,1
5,TransactSavings,1764751723.675385,7257,0,1
1,Amalgamate,1764751723.685350,8957,0,1
4,SendPayment,1764751723.695409,8598,0,1
4,SendPayment,1764751723.705278,5504,0,1
5,TransactSavings,1764751723.715268,7248,0,1
3,DepositChecking,1764751723.725357,6443,0,1
3,DepositChecking,1764751723.735327,7204,0,1
2,Balance,1764751723.745272,987,0,1
2,Balance,1764751723.755364,1168,0,1
5,TransactSavings,1764751723.765328,6863,0,1
4,SendPayment,1764751723.775271,11731,0,1
4,SendPayment,1764751723.787018,7246,0,1
5,TransactSavings,1764751723.795330,7276,0,1
2,Balance,1764751723.805311,4737,0,1
4,SendPayment,1764751723.815312,7308,0,1
1,Amalgamate,1764751723.825352,8121,0,1
4,SendPayment,1764751723.835264,7704,0,1
5,TransactSavings,1764751723.845302,6396,0,1
1,Amalgamate,1764751723.855273,8559,0,1
3,DepositChecking,1764751723.865315,7570,0,1
1,Amalgamate,1764751723.875386,7187,0,1
4,SendPayment,1764751723.885291,9598,0,1
5,TransactSavings,1764751723.895361,8783,0,1
4,SendPayment,1764751723.905298,9035,0,1
4,SendPayment,1764751723.915319,7639,0,1
2,Balance,1764751723.925238,10483,0,1
4,SendPayment,1764751723.935726,8448,0,1
6,WriteCheck,1764751723.945271,7566,0,1
4,SendPayment,1764751723.955258,7252,0,1
5,TransactSavings,1764751723.965358,7802,0,1
2,Balance,1764751723.975302,872,0,1
2,Balance,1764751723.985533,848,0,1
1,Amalgamate,1764751723.995297,7426,0,1
4,SendPayment,1764751724.005274,6848,0,1
1,Amalgamate,1764751724.015317,6782,0,1
6,WriteCheck,1764751724.025331,8781,0,1
5,TransactSavings,1764751724.035276,7848,0,1
2,Balance,1764751724.045444,756,0,1
4,SendPayment,1764751724.055262,13185,0,1
1,Amalgamate,1764751724.068456,8247,0,1
1,Amalgamate,1764751724.076713,7837,0,1
1,Amalgamate,1764751724.085268,18481,0,1
3,DepositChecking,1764751724.103768,25074,0,1
2,Balance,1764751724.128860,31980,0,1
2,Balance,1764751724.160862,10134,0,1
1,Amalgamate,1764751724.171015,11852,0,1
4,SendPayment,1764751724.182883,12170,0,1
4,SendPayment,1764751724.195076,9678,0,1
3,DepositChecking,1764751724.204770,19684,0,1
1,Amalgamate,1764751724.224474,13509,0,1
5,TransactSavings,1764751724.237997,9212,0,1
4,SendPayment,1764751724.247225,9947,0,1
2,Balance,1764751724.257186,5026,0,1
4,SendPayment,1764751724.262241,7352,0,1
3,DepositChecking,1764751724.269610,9012,0,1
6,WriteCheck,1764751724.278649,7242,0,1
1,Amalgamate,1764751724.285914,8077,0,1
3,DepositChecking,1764751724.294013,6450,0,1
1,Amalgamate,1764751724.300492,8885,0,1
4,SendPayment,1764751724.309405,8217,0,1
2,Balance,1764751724.317648,6824,0,1
4,SendPayment,1764751724.324495,7776,0,1
5,TransactSavings,1764751724.332294,12187,0,1
2,Balance,1764751724.344506,5188,0,1
1,Amalgamate,1764751724.349718,7839,0,1
4,SendPayment,1764751724.357590,7325,0,1
4,SendPayment,1764751724.364950,8106,0,1
4,SendPayment,1764751724.373083,8431,0,1
6,WriteCheck,1764751724.381538,7106,0,1
4,SendPayment,1764751724.388671,10047,0,1
4,SendPayment,1764751724.398750,7616,0,1
2,Balance,1764751724.406398,6865,0,1
6,WriteCheck,1764751724.413286,8918,0,1
6,WriteCheck,1764751724.422230,8778,0,1
3,DepositChecking,1764751724.431031,7412,0,1
1,Amalgamate,1764751724.438465,7637,0,1
1,Amalgamate,1764751724.446126,12550,0,1
4,SendPayment,1764751724.458705,10319,0,1
4,SendPayment,1764751724.469041,11330,0,1
4,SendPayment,1764751724.480404,7033,0,1
4,SendPayment,1764751724.487463,6961,0,1
1,Amalgamate,1764751724.494448,10082,0,1
6,WriteCheck,1764751724.504554,12037,0,1
4,SendPayment,1764751724.516611,9697,0,1
5,TransactSavings,1764751724.526327,10945,0,1
5,TransactSavings,1764751724.537293,7036,0,1
1,Amalgamate,1764751724.544352,10231,0,1
4,SendPayment,1764751724.554610,13385,0,1
4,SendPayment,1764751724.568019,9018,0,1
2,Balance,1764751724.577056,6097,0,1
1,Amalgamate,1764751724.583178,7980,0,1
2,Balance,1764751724.591180,12872,0,1
5,TransactSavings,1764751724.604076,8821,0,1
3,DepositChecking,1764751724.612921,10708,0,1
4,SendPayment,1764751724.623659,8111,0,1
3,DepositChecking,1764751724.631792,9129,0,1
2,Balance,1764751724.640944,1286,0,1
4,SendPayment,1764751724.645307,9853,0,1
4,SendPayment,1764751724.655281,7423,0,1
4,SendPayment,1764751724.665350,8132,0,1
1,Amalgamate,1764751724.675295,10922,0,1
4,SendPayment,1764751724.686233,9899,0,1
5,TransactSavings,1764751724.696154,6819,0,1
2,Balance,1764751724.705362,1191,0,1
4,SendPayment,1764751724.715358,7709,0,1
3,DepositChecking,1764751724.725330,8292,0,1
4,SendPayment,1764751724.735330,6652,0,1
6,WriteCheck,1764751724.745311,11360,0,1
5,TransactSavings,1764751724.756689,22896,0,1
5,TransactSavings,1764751724.779606,65111,0,1
1,Amalgamate,1764751724.844742,16140,0,1
3,DepositChecking,1764751724.860904,6802,0,1
6,WriteCheck,1764751724.867732,11396,0,1
3,DepositChecking,1764751724.879145,7508,0,1
2,Balance,1764751724.886671,825,0,1
6,WriteCheck,1764751724.887502,7853,0,1
4,SendPayment,1764751724.895369,9994,0,1
5,TransactSavings,1764751724.905380,7574,0,1
3,DepositChecking,1764751724.912974,8204,0,1
2,Balance,1764751724.921198,1149,0,1
5,TransactSavings,1764751724.922368,6345,0,1
5,TransactSavings,1764751724.928747,10339,0,1
6,WriteCheck,1764751724.939106,7864,0,1
5,TransactSavings,1764751724.946989,7646,0,1
4,SendPayment,1764751724.954656,6888,0,1
5,TransactSavings,1764751724.961564,7813,0,1
5,TransactSavings,1764751724.969395,7385,0,1
5,TransactSavings,1764751724.976800,7342,0,1
3,DepositChecking,1764751724.984169,7210,0,1
5,TransactSavings,1764751724.991400,7337,0,1
3,DepositChecking,1764751724.998758,7198,0,1
4,SendPayment,1764751725.005971,6632,0,1
4,SendPayment,1764751725.012628,6962,0,1
2,Balance,1764751725.019609,5138,0,1
4,SendPayment,1764751725.024774,7230,0,1
3,DepositChecking,1764751725.032026,7843,0,1
5,TransactSavings,1764751725.039887,6850,0,1
2,Balance,1764751725.046751,4823,0,1
5,TransactSavings,1764751725.055340,8373,0,1
6,WriteCheck,1764751725.065363,8340,0,1
4,SendPayment,1764751725.075531,6694,0,1
3,DepositChecking,1764751725.085326,9372,0,1
4,SendPayment,1764751725.095280,8814,0,1
4,SendPayment,1764751725.105373,10238,0,1
2,Balance,1764751725.115632,8965,0,1
4,SendPayment,1764751725.125377,7403,0,1
5,TransactSavings,1764751725.135356,8464,0,1
5,TransactSavings,1764751725.145368,7422,0,1
3,DepositChecking,1764751725.155285,11476,0,1
4,SendPayment,1764751725.166780,14845,0,1
2,Balance,1764751725.181652,1344,0,1
3,DepositChecking,1764751725.185255,10240,0,1
1,Amalgamate,1764751725.195504,9334,0,1
5,TransactSavings,1764751725.205277,6576,0,1
5,TransactSavings,1764751725.215276,6959,0,1
2,Balance,1764751725.225331,1093,0,1
3,DepositChecking,1764751725.235288,9103,0,1
4,SendPayment,1764751725.245390,7639,0,1
6,WriteCheck,1764751725.255268,7112,0,1
4,SendPayment,1764751725.265284,10910,0,1
5,TransactSavings,1764751725.276202,8145,0,1
6,WriteCheck,1764751725.285278,7390,0,1
1,Amalgamate,1764751725.295323,11493,0,1
1,Amalgamate,1764751725.306833,10602,0,1
4,SendPayment,1764751725.317452,9319,0,1
5,TransactSavings,1764751725.326784,9056,0,1
6,WriteCheck,1764751725.335857,7168,0,1
2,Balance,1764751725.345283,1010,0,1
4,SendPayment,1764751725.355419,11033,0,1
4,SendPayment,1764751725.366468,11257,0,1
4,SendPayment,1764751725.377739,8327,0,1
6,WriteCheck,1764751725.386079,7626,0,1
1,Amalgamate,1764751725.395382,9130,0,1
4,SendPayment,1764751725.405303,7071,0,1
1,Amalgamate,1764751725.415611,9198,0,1
6,WriteCheck,1764751725.425321,7106,0,1
4,SendPayment,1764751725.435315,9783,0,1
4,SendPayment,1764751725.445283,7623,0,1
6,WriteCheck,1764751725.455344,6724,0,1
5,TransactSavings,1764751725.465287,8216,0,1
3,DepositChecking,1764751725.475347,7015,0,1
2,Balance,1764751725.485279,1178,0,1
2,Balance,1764751725.495319,1183,0,1
2,Balance,1764751725.505292,5296,0,1
1,Amalgamate,1764751725.515354,10442,0,1
6,WriteCheck,1764751725.525819,8057,0,1
1,Amalgamate,1764751725.535297,10101,0,1
2,Balance,1764751725.545414,5048,0,1
4,SendPayment,1764751725.555450,8368,0,1
4,SendPayment,1764751725.565435,9806,0,1
5,TransactSavings,1764751725.575260,5261,0,1
1,Amalgamate,1764751725.585364,8203,0,1
2,Balance,1764751725.595330,1274,0,1
5,TransactSavings,1764751725.605314,10461,0,1
3,DepositChecking,1764751725.615796,10046,0,1
2,Balance,1764751725.625858,1181,0,1
4,SendPayment,1764751725.635377,9544,0,1
4,SendPayment,1764751725.645338,16509,0,1
4,SendPayment,1764751725.661874,8486,0,1
1,Amalgamate,1764751725.670378,7285,0,1
3,DepositChecking,1764751725.677686,9230,0,1
3,DepositChecking,1764751725.686933,6783,0,1
6,WriteCheck,1764751725.695405,10808,0,1
6,WriteCheck,1764751725.706230,8400,0,1
1,Amalgamate,1764751725.715302,7299,0,1
5,TransactSavings,1764751725.725371,6503,0,1
5,TransactSavings,1764751725.735263,7152,0,1
5,TransactSavings,1764751725.745371,9179,0,1
5,TransactSavings,1764751725.755445,10039,0,1
2,Balance,1764751725.765500,1089,0,1
5,TransactSavings,1764751725.775307,13971,0,1
2,Balance,1764751725.789303,1356,0,1
6,WriteCheck,1764751725.795400,10831,0,1
6,WriteCheck,1764751725.806247,9507,0,1
4,SendPayment,1764751725.815774,17333,0,1
4,SendPayment,1764751725.833139,13012,0,1
4,SendPayment,1764751725.846167,9082,0,1
6,WriteCheck,1764751725.855267,9399,0,1
2,Balance,1764751725.864685,4641,0,1
5,TransactSavings,1764751725.869339,6641,0,1
4,SendPayment,1764751725.875991,9885,0,1
4,SendPayment,1764751725.885886,7038,0,1
5,TransactSavings,1764751725.895398,7406,0,1
5,TransactSavings,1764751725.905290,9169,0,1
4,SendPayment,1764751725.915468,8272,0,1
4,SendPayment,1764751725.925266,5722,0,1
2,Balance,1764751725.935254,1088,0,1
1,Amalgamate,1764751725.945609,7833,0,1
2,Balance,1764751725.955336,4716,0,1
4,SendPayment,1764751725.965323,9340,0,1
3,DepositChecking,1764751725.975265,6300,0,1
3,DepositChecking,1764751725.985300,7320,0,1
2,Balance,1764751725.995282,5219,0,1
5,TransactSavings,1764751726.005346,7267,0,1
4,SendPayment,1764751726.015271,7023,0,1
5,TransactSavings,1764751726.025465,9609,0,1
4,SendPayment,1764751726.035332,11297,0,1
2,Balance,1764751726.046640,811,0,1
2,Balance,1764751726.055290,7581,0,1
5,TransactSavings,1764751726.065341,10319,0,1
2,Balance,1764751726.075668,58156,0,1
4,SendPayment,1764751726.133841,5997,0,1
1,Amalgamate,1764751726.139849,8825,0,1
4,SendPayment,1764751726.148690,6976,0,1
6,WriteCheck,1764751726.155677,7120,0,1
1,Amalgamate,1764751726.162811,6606,0,1
5,TransactSavings,1764751726.169427,7240,0,1
6,WriteCheck,1764751726.176678,5939,0,1
4,SendPayment,1764751726.182630,6632,0,1
6,WriteCheck,1764751726.189273,7111,0,1
4,SendPayment,1764751726.196391,5867,0,1
2,Balance,1764751726.202266,5446,0,1
3,DepositChecking,1764751726.207720,8400,0,1
4,SendPayment,1764751726.216130,8190,0,1
1,Amalgamate,1764751726.224330,7807,0,1
6,WriteCheck,1764751726.232148,7135,0,1
6,WriteCheck,1764751726.239298,6223,0,1
6,WriteCheck,1764751726.245533,11295,0,1
2,Balance,1764751726.256839,4377,0,1
6,WriteCheck,1764751726.265273,7773,0,1
3,DepositChecking,1764751726.275270,67127,0,1
1,Amalgamate,1764751726.342420,120129,0,1
3,DepositChecking,1764751726.462567,228767,0,1
4,SendPayment,1764751726.691356,20746,0,1
6,WriteCheck,1764751726.712125,24880,0,1
4,SendPayment,1764751726.737018,8344,0,1
6,WriteCheck,1764751726.745380,10160,0,1
6,WriteCheck,1764751726.755550,15469,0,1
2,Balance,1764751726.771040,9047,0,1
4,SendPayment,1764751726.780108,17846,0,1
6,WriteCheck,1764751726.797973,78917,0,1
2,Balance,1764751726.876909,1127,0,1
2,Balance,1764751726.878053,11272,0,1
3,DepositChecking,1764751726.889343,6612,0,1
4,SendPayment,1764751726.895980,11059,0,1
6,WriteCheck,1764751726.907054,60375,0,1
6,WriteCheck,1764751726.967470,62811,0,1
4,SendPayment,1764751727.030302,17553,0,1
2,Balance,1764751727.047872,1016,0,1
6,WriteCheck,1764751727.048903,72681,0,1
1,Amalgamate,1764751727.121603,8461,0,1
5,TransactSavings,1764751727.130078,10059,0,1
2,Balance,1764751727.140148,678,0,1
4,SendPayment,1764751727.140831,6913,0,1
4,SendPayment,1764751727.147756,7029,0,1
2,Balance,1764751727.154802,837,0,1
4,SendPayment,1764751727.155647,7834,0,1
4,SendPayment,1764751727.163500,6984,0,1
1,Amalgamate,1764751727.170500,8007,0,1
3,DepositChecking,1764751727.178522,7707,0,1
5,TransactSavings,1764751727.186239,6884,0,1
2,Balance,1764751727.193136,5046,0,1
4,SendPayment,1764751727.198191,7571,0,1
6,WriteCheck,1764751727.205773,7320,0,1
3,DepositChecking,1764751727.213118,7096,0,1
4,SendPayment,1764751727.220227,7247,0,1
2,Balance,1764751727.227486,722,0,1
3,DepositChecking,1764751727.228213,10631,0,1
4,SendPayment,1764751727.238859,14118,0,1
5,TransactSavings,1764751727.252997,24753,0,1
5,TransactSavings,1764751727.277769,8436,0,1
4,SendPayment,1764751727.286234,8085,0,1
1,Amalgamate,1764751727.294333,8927,0,1
2,Balance,1764751727.303271,909,0,1
6,WriteCheck,1764751727.304233,8539,0,1
1,Amalgamate,1764751727.312785,7892,0,1
2,Balance,1764751727.320687,798,0,1
6,WriteCheck,1764751727.321492,7553,0,1
1,Amalgamate,1764751727.329052,7015,0,1
2,Balance,1764751727.336076,840,0,1
1,Amalgamate,1764751727.336923,8344,0,1
2,Balance,1764751727.345278,774,0,1
4,SendPayment,1764751727.346058,6732,0,1
6,WriteCheck,1764751727.352798,8249,0,1
6,WriteCheck,1764751727.361061,7477,0,1
2,Balance,1764751727.368555,810,0,1
2,Balance,1764751727.369371,5001,0,1
6,WriteCheck,1764751727.374381,6824,0,1
5,TransactSavings,1764751727.381212,6688,0,1
6,WriteCheck,1764751727.387907,9074,0,1
6,WriteCheck,1764751727.396990,10725,0,1
4,SendPayment,1764751727.407730,8486,0,1
4,SendPayment,1764751727.416225,6893,0,1
1,Amalgamate,1764751727.423129,8094,0,1
3,DepositChecking,1764751727.431236,15598,0,1
4,SendPayment,1764751727.446845,14187,0,1
4,SendPayment,1764751727.461058,7888,0,1
3,DepositChecking,1764751727.468962,8330,0,1
6,WriteCheck,1764751727.477318,8873,0,1
5,TransactSavings,1764751727.486206,7166,0,1
3,DepositChecking,1764751727.493394,8058,0,1
2,Balance,1764751727.501472,6319,0,1
3,DepositChecking,1764751727.507808,8795,0,1
4,SendPayment,1764751727.516621,7544,0,1
1,Amalgamate,1764751727.524187,10452,0,1
5,TransactSavings,1764751727.534660,7106,0,1
4,SendPayment,1764751727.541786,9343,0,1
3,DepositChecking,1764751727.551149,6782,0,1
4,SendPayment,1764751727.557950,8552,0,1
1,Amalgamate,1764751727.566516,8249,0,1
5,TransactSavings,1764751727.574781,8919,0,1
4,SendPayment,1764751727.583719,8302,0,1
5,TransactSavings,1764751727.592039,8184,0,1
6,WriteCheck,1764751727.600237,8373,0,1
5,TransactSavings,1764751727.608621,7710,0,1
6,WriteCheck,1764751727.616346,7748,0,1
1,Amalgamate,1764751727.624109,7439,0,1
6,WriteCheck,1764751727.631561,7995,0,1
4,SendPayment,1764751727.639566,7147,0,1
3,DepositChecking,1764751727.646726,6431,0,1
3,DepositChecking,1764751727.653172,8569,0,1
4,SendPayment,1764751727.661753,6803,0,1
3,DepositChecking,1764751727.668566,7434,0,1
2,Balance,1764751727.676014,7513,0,1
1,Amalgamate,1764751727.683546,9349,0,1
3,DepositChecking,1764751727.692910,8064,0,1
4,SendPayment,1764751727.700989,8391,0,1
4,SendPayment,1764751727.709395,6869,0,1
2,Balance,1764751727.716278,752,0,1
2,Balance,1764751727.717034,526,0,1
6,WriteCheck,1764751727.717562,7133,0,1
2,Balance,1764751727.724707,5538,0,1
4,SendPayment,1764751727.730253,8492,0,1
3,DepositChecking,1764751727.738762,6483,0,1
3,DepositChecking,1764751727.745259,6515,0,1
1,Amalgamate,1764751727.751785,8743,0,1
2,Balance,1764751727.760538,986,0,1
2,Balance,1764751727.761534,693,0,1
3,DepositChecking,1764751727.762232,7190,0,1
6,WriteCheck,1764751727.769435,6375,0,1
4,SendPayment,1764751727.775820,7059,0,1
3,DepositChecking,1764751727.782894,6639,0,1
6,WriteCheck,1764751727.789545,6710,0,1
2,Balance,1764751727.796266,4761,0,1
3,DepositChecking,1764751727.801039,6323,0,1
4,SendPayment,1764751727.807374,7679,0,1
4,SendPayment,1764751727.815067,7135,0,1
6,WriteCheck,1764751727.822220,8657,0,1
2,Balance,1764751727.830891,722,0,1
1,Amalgamate,1764751727.831615,6812,0,1
3,DepositChecking,1764751727.838440,6754,0,1
4,SendPayment,1764751727.845220,7222,0,1
2,Balance,1764751727.852454,669,0,1
3,DepositChecking,1764751727.853125,8466,0,1
4,SendPayment,1764751727.861608,7392,0,1
6,WriteCheck,1764751727.869016,7903,0,1
3,DepositChecking,1764751727.876932,7249,0,1
1,Amalgamate,1764751727.884196,8399,0,1
5,TransactSavings,1764751727.892610,7691,0,1
4,SendPayment,1764751727.900318,7239,0,1
3,DepositChecking,1764751727.907570,7402,0,1
3,DepositChecking,1764751727.915000,9238,0,1
6,WriteCheck,1764751727.924263,8544,0,1
5,TransactSavings,1764751727.932821,9310,0,1
4,SendPayment,1764751727.942139,6882,0,1
3,DepositChecking,1764751727.949029,7101,0,1
5,TransactSavings,1764751727.956138,7463,0,1
1,Amalgamate,1764751727.963614,8326,0,1
1,Amalgamate,1764751727.971966,7528,0,1
3,DepositChecking,1764751727.979514,7300,0,1
3,DepositChecking,1764751727.986831,10390,0,1
4,SendPayment,1764751727.997246,7502,0,1
2,Balance,1764751728.004760,5686,0,1
4,SendPayment,1764751728.010456,8997,0,1
2,Balance,1764751728.019463,1152,0,1
4,SendPayment,1764751728.020624,9991,0,1
3,DepositChecking,1764751728.030623,7492,0,1
4,SendPayment,1764751728.038125,10151,0,1
3,DepositChecking,1764751728.048285,8627,0,1
1,Amalgamate,1764751728.056922,7904,0,1
6,WriteCheck,1764751728.064845,10168,0,1
5,TransactSavings,1764751728.075033,7612,0,1
4,SendPayment,1764751728.082665,9059,0,1
4,SendPayment,1764751728.091731,8172,0,1
4,SendPayment,1764751728.099910,7368,0,1
2,Balance,1764751728.107289,775,0,1
5,TransactSavings,1764751728.108068,7896,0,1
1,Amalgamate,1764751728.115975,7433,0,1
5,TransactSavings,1764751728.123421,10408,0,1
2,Balance,1764751728.133839,6010,0,1
4,SendPayment,1764751728.139862,10281,0,1
2,Balance,1764751728.150158,1098,0,1
5,TransactSavings,1764751728.151268,6949,0,1
4,SendPayment,1764751728.158229,8729,0,1
3,DepositChecking,1764751728.166968,7530,0,1
3,DepositChecking,1764751728.174515,7252,0,1
4,SendPayment,1764751728.181776,8585,0,1
4,SendPayment,1764751728.190374,8653,0,1
2,Balance,1764751728.199042,792,0,1
2,Balance,1764751728.199839,578,0,1
5,TransactSavings,1764751728.200420,7617,0,1
4,SendPayment,1764751728.208051,8397,0,1
1,Amalgamate,1764751728.216469,8829,0,1
3,DepositChecking,1764751728.225310,7026,0,1
6,WriteCheck,1764751728.232347,7151,0,1
4,SendPayment,1764751728.239514,9036,0,1
4,SendPayment,1764751728.248562,7079,0,1
4,SendPayment,1764751728.255650,11593,0,1
1,Amalgamate,1764751728.267255,9920,0,1
2,Balance,1764751728.277188,5134,0,1
5,TransactSavings,1764751728.282331,7871,0,1
6,WriteCheck,1764751728.290211,7383,0,1
4,SendPayment,1764751728.297603,21026,0,1
4,SendPayment,1764751728.318644,7242,0,1
3,DepositChecking,1764751728.325901,9304,0,1
3,DepositChecking,1764751728.335248,7405,0,1
1,Amalgamate,1764751728.342670,7454,0,1
4,SendPayment,1764751728.350134,10181,0,1
5,TransactSavings,1764751728.360331,10252,0,1
4,SendPayment,1764751728.370640,66370,0,1
6,WriteCheck,1764751728.437026,9297,0,1
2,Balance,1764751728.446339,5752,0,1
4,SendPayment,1764751728.452105,8952,0,1
6,WriteCheck,1764751728.461068,8994,0,1
1,Amalgamate,1764751728.470076,12302,0,1
2,Balance,1764751728.482393,6274,0,1
4,SendPayment,1764751728.488680,8833,0,1
4,SendPayment,1764751728.497528,9381,0,1
2,Balance,1764751728.506920,766,0,1
5,TransactSavings,1764751728.507690,70275,0,1
4,SendPayment,1764751728.577980,9961,0,1
6,WriteCheck,1764751728.587961,8911,0,1
5,TransactSavings,1764751728.596888,8415,0,1
5,TransactSavings,1764751728.605318,7465,0,1
6,WriteCheck,1764751728.612805,9002,0,1
4,SendPayment,1764751728.621825,8307,0,1
3,DepositChecking,1764751728.630156,8214,0,1
1,Amalgamate,1764751728.638388,9538,0,1
6,WriteCheck,1764751728.647939,7402,0,1
5,TransactSavings,1764751728.655355,9940,0,1
3,DepositChecking,1764751728.665308,8709,0,1
6,WriteCheck,1764751728.674036,7194,0,1
5,TransactSavings,1764751728.681249,7175,0,1
5,TransactSavings,1764751728.688440,7025,0,1
4,SendPayment,1764751728.695474,6990,0,1
4,SendPayment,1764751728.702481,7368,0,1
2,Balance,1764751728.709867,756,0,1
5,TransactSavings,1764751728.710626,7087,0,1
6,WriteCheck,1764751728.717727,7639,0,1
2,Balance,1764751728.725377,5077,0,1
5,TransactSavings,1764751728.730468,7055,0,1
4,SendPayment,1764751728.737537,7177,0,1
2,Balance,1764751728.744730,1048,0,1
6,WriteCheck,1764751728.745788,7906,0,1
2,Balance,1764751728.753710,5496,0,1
4,SendPayment,1764751728.759225,7853,0,1
4,SendPayment,1764751728.767093,7994,0,1
5,TransactSavings,1764751728.775107,7341,0,1
1,Amalgamate,1764751728.782471,7972,0,1
5,TransactSavings,1764751728.790462,6853,0,1
4,SendPayment,1764751728.797328,7934,0,1
4,SendPayment,1764751728.805280,7318,0,1
6,WriteCheck,1764751728.812620,8734,0,1
5,TransactSavings,1764751728.821372,8842,0,1
1,Amalgamate,1764751728.830230,9058,0,1
1,Amalgamate,1764751728.839301,9322,0,1
2,Balance,1764751728.848639,874,0,1
3,DepositChecking,1764751728.849525,7173,0,1
2,Balance,1764751728.856713,5607,0,1
5,TransactSavings,1764751728.862336,7372,0,1
1,Amalgamate,1764751728.869722,8764,0,1
1,Amalgamate,1764751728.878501,6828,0,1
6,WriteCheck,1764751728.885344,7736,0,1
3,DepositChecking,1764751728.893101,9655,0,1
6,WriteCheck,1764751728.902775,7421,0,1
5,TransactSavings,1764751728.910214,9034,0,1
1,Amalgamate,1764751728.919264,7540,0,1
3,DepositChecking,1764751728.926817,10787,0,1
4,SendPayment,1764751728.937617,8709,0,1
4,SendPayment,1764751728.946339,7836,0,1
4,SendPayment,1764751728.954187,7513,0,1
4,SendPayment,1764751728.961715,7769,0,1
1,Amalgamate,1764751728.969500,7916,0,1
5,TransactSavings,1764751728.977429,7691,0,1
3,DepositChecking,1764751728.985133,6704,0,1
4,SendPayment,1764751728.991848,8806,0,1
5,TransactSavings,1764751729.000667,9867,0,1
3,DepositChecking,1764751729.010552,7408,0,1
5,TransactSavings,1764751729.017974,7928,0,1
4,SendPayment,1764751729.025914,7398,0,1
4,SendPayment,1764751729.033327,11532,0,1
3,DepositChecking,1764751729.044881,64512,0,1
3,DepositChecking,1764751729.109416,11406,0,1
5,TransactSavings,1764751729.120847,25896,0,1
1,Amalgamate,1764751729.146768,7724,0,1
4,SendPayment,1764751729.154510,11037,0,1
3,DepositChecking,1764751729.165561,7468,0,1
4,SendPayment,1764751729.173048,8496,0,1
1,Amalgamate,1764751729.181559,9534,0,1
5,TransactSavings,1764751729.191107,7084,0,1
3,DepositChecking,1764751729.198207,8544,0,1
5,TransactSavings,1764751729.206766,7041,0,1
5,TransactSavings,1764751729.213821,9455,0,1
4,SendPayment,1764751729.223295,9236,0,1
4,SendPayment,1764751729.232547,7687,0,1
6,WriteCheck,1764751729.240248,7427,0,1
4,SendPayment,1764751729.247686,8670,0,1
6,WriteCheck,1764751729.256374,8269,0,1
4,SendPayment,1764751729.264662,7456,0,1
3,DepositChecking,1764751729.272133,10374,0,1
4,SendPayment,1764751729.282533,9695,0,1
4,SendPayment,1764751729.292254,9229,0,1
2,Balance,1764751729.301527,1135,0,1
3,DepositChecking,1764751729.302669,9166,0,1
5,TransactSavings,1764751729.311862,8271,0,1
6,WriteCheck,1764751729.320170,9699,0,1
6,WriteCheck,1764751729.329893,23519,0,1
1,Amalgamate,1764751729.353436,10376,0,1
3,DepositChecking,1764751729.363834,8074,0,1
4,SendPayment,1764751729.371943,11007,0,1
5,TransactSavings,1764751729.382974,7930,0,1
1,Amalgamate,1764751729.390930,10979,0,1
5,TransactSavings,1764751729.401934,10012,0,1
5,TransactSavings,1764751729.411970,11408,0,1
3,DepositChecking,1764751729.423399,7106,0,1
2,Balance,1764751729.430527,1000,0,1
1,Amalgamate,1764751729.431539,8858,0,1
4,SendPayment,1764751729.440417,8664,0,1
3,DepositChecking,1764751729.449100,9016,0,1
1,Amalgamate,1764751729.458137,8517,0,1
4,SendPayment,1764751729.466670,8967,0,1
1,Amalgamate,1764751729.475655,9756,0,1
5,TransactSavings,1764751729.485427,7785,0,1
1,Amalgamate,1764751729.493232,8176,0,1
3,DepositChecking,1764751729.501430,7083,0,1
1,Amalgamate,1764751729.508534,8777,0,1
4,SendPayment,1764751729.517327,7731,0,1
1,Amalgamate,1764751729.525081,11073,0,1
1,Amalgamate,1764751729.536170,8917,0,1
1,Amalgamate,1764751729.545111,7821,0,1
1,Amalgamate,1764751729.552953,7881,0,1
5,TransactSavings,1764751729.560857,10078,0,1
4,SendPayment,1764751729.570957,12296,0,1
1,Amalgamate,1764751729.583274,8526,0,1
3,DepositChecking,1764751729.591820,7631,0,1
6,WriteCheck,1764751729.599471,7032,0,1
2,Balance,1764751729.606522,5752,0,1
2,Balance,1764751729.612297,5386,0,1
4,SendPayment,1764751729.617714,10836,0,1
4,SendPayment,1764751729.628566,7343,0,1
6,WriteCheck,1764751729.635928,7456,0,1
4,SendPayment,1764751729.643407,8864,0,1
3,DepositChecking,1764751729.652291,7374,0,1
4,SendPayment,1764751729.659689,9528,0,1
4,SendPayment,1764751729.669240,7452,0,1
5,TransactSavings,1764751729.676707,11846,0,1
4,SendPayment,1764751729.688573,9559,0,1
4,SendPayment,1764751729.698155,9146,0,1
2,Balance,1764751729.707320,1281,0,1
5,TransactSavings,1764751729.708614,11352,0,1
4,SendPayment,1764751729.719993,8672,0,1
3,DepositChecking,1764751729.728690,10078,0,1
5,TransactSavings,1764751729.738792,8301,0,1
4,SendPayment,1764751729.747118,10864,0,1
2,Balance,1764751729.758025,7801,0,1
2,Balance,1764751729.765847,5936,0,1
6,WriteCheck,1764751729.771814,10286,0,1
3,DepositChecking,1764751729.782129,7650,0,1
2,Balance,1764751729.789803,1124,0,1
6,WriteCheck,1764751729.790940,8728,0,1
6,WriteCheck,1764751729.799692,8047,0,1
4,SendPayment,1764751729.807781,9345,0,1
2,Balance,1764751729.817146,978,0,1
1,Amalgamate,1764751729.818136,8590,0,1
4,SendPayment,1764751729.826748,7774,0,1
3,DepositChecking,1764751729.834549,9700,0,1
5,TransactSavings,1764751729.844442,9155,0,1
5,TransactSavings,1764751729.853632,8244,0,1
4,SendPayment,1764751729.861908,9474,0,1
6,WriteCheck,1764751729.871410,11217,0,1
6,WriteCheck,1764751729.882653,8233,0,1
4,SendPayment,1764751729.890911,12746,0,1
6,WriteCheck,1764751729.903680,10852,0,1
4,SendPayment,1764751729.914558,7597,0,1
6,WriteCheck,1764751729.922176,10122,0,1
4,SendPayment,1764751729.932324,8585,0,1
2,Balance,1764751729.940934,1419,0,1
1,Amalgamate,1764751729.942385,9397,0,1
2,Balance,1764751729.951812,1102,0,1
4,SendPayment,1764751729.952925,9046,0,1
2,Balance,1764751729.961992,1228,0,1
6,WriteCheck,1764751729.963229,11015,0,1
6,WriteCheck,1764751729.974270,7869,0,1
4,SendPayment,1764751729.982166,10108,0,1
1,Amalgamate,1764751729.992298,10076,0,1
6,WriteCheck,1764751730.002396,8077,0,1
3,DepositChecking,1764751730.010498,7763,0,1
6,WriteCheck,1764751730.018284,9687,0,1
4,SendPayment,1764751730.028011,9364,0,1
1,Amalgamate,1764751730.037401,8356,0,1
4,SendPayment,1764751730.045773,8010,0,1
5,TransactSavings,1764751730.053808,9058,0,1
2,Balance,1764751730.062899,7013,0,1
2,Balance,1764751730.069937,1122,0,1
3,DepositChecking,1764751730.071070,8413,0,1
6,WriteCheck,1764751730.079508,10110,0,1
1,Amalgamate,1764751730.089645,10632,0,1
2,Balance,1764751730.100300,1268,0,1
3,DepositChecking,1764751730.101616,8479,0,1
4,SendPayment,1764751730.110112,7487,0,1
3,DepositChecking,1764751730.117612,9814,0,1
6,WriteCheck,1764751730.127446,7904,0,1
4,SendPayment,1764751730.135362,7438,0,1
4,SendPayment,1764751730.142822,8407,0,1
5,TransactSavings,1764751730.151254,9693,0,1
4,SendPayment,1764751730.160971,9778,0,1
6,WriteCheck,1764751730.170773,10521,0,1
4,SendPayment,1764751730.181321,63624,0,1
6,WriteCheck,1764751730.244968,9397,0,1
3,DepositChecking,1764751730.254391,9738,0,1
2,Balance,1764751730.264162,5646,0,1
3,DepositChecking,1764751730.269828,8622,0,1
1,Amalgamate,1764751730.278470,12001,0,1
4,SendPayment,1764751730.290499,8291,0,1
5,TransactSavings,1764751730.298806,7525,0,1
5,TransactSavings,1764751730.306346,11932,0,1
5,TransactSavings,1764751730.318297,10877,0,1
3,DepositChecking,1764751730.329194,10527,0,1
1,Amalgamate,1764751730.339739,10797,0,1
5,TransactSavings,1764751730.350557,8825,0,1
5,TransactSavings,1764751730.359404,8492,0,1
4,SendPayment,1764751730.367914,9733,0,1
6,WriteCheck,1764751730.377662,8300,0,1
4,SendPayment,1764751730.385977,16189,0,1
6,WriteCheck,1764751730.402187,11156,0,1
5,TransactSavings,1764751730.413367,7841,0,1
4,SendPayment,1764751730.421231,7286,0,1
1,Amalgamate,1764751730.428530,8095,0,1
2,Balance,1764751730.436640,5787,0,1
6,WriteCheck,1764751730.442442,7378,0,1
6,WriteCheck,1764751730.449833,7541,0,1
6,WriteCheck,1764751730.457384,6750,0,1
4,SendPayment,1764751730.464149,9277,0,1
3,DepositChecking,1764751730.473439,8689,0,1
2,Balance,1764751730.482152,974,0,1
4,SendPayment,1764751730.483135,6883,0,1
6,WriteCheck,1764751730.490032,7645,0,1
2,Balance,1764751730.497694,6729,0,1
6,WriteCheck,1764751730.504440,7487,0,1
4,SendPayment,1764751730.511947,7768,0,1
1,Amalgamate,1764751730.519733,7860,0,1
5,TransactSavings,1764751730.527630,10408,0,1
2,Balance,1764751730.538066,5573,0,1
1,Amalgamate,1764751730.543663,13186,0,1
4,SendPayment,1764751730.556864,17992,0,1
2,Balance,1764751730.574878,975,0,1
5,TransactSavings,1764751730.575863,12414,0,1
5,TransactSavings,1764751730.588294,7140,0,1
2,Balance,1764751730.595443,6560,0,1
4,SendPayment,1764751730.602021,7879,0,1
6,WriteCheck,1764751730.609915,7193,0,1
6,WriteCheck,1764751730.617123,8014,0,1
1,Amalgamate,1764751730.625150,8006,0,1
1,Amalgamate,1764751730.633172,7689,0,1
2,Balance,1764751730.640875,992,0,1
4,SendPayment,1764751730.641889,7620,0,1
5,TransactSavings,1764751730.649544,10066,0,1
2,Balance,1764751730.659643,1751,0,1
5,TransactSavings,1764751730.661439,9222,0,1
3,DepositChecking,1764751730.670710,11010,0,1
2,Balance,1764751730.681742,1408,0,1
4,SendPayment,1764751730.685457,7903,0,1
3,DepositChecking,1764751730.695385,21353,0,1
5,TransactSavings,1764751730.716758,21118,0,1
4,SendPayment,1764751730.737895,13787,0,1
3,DepositChecking,1764751730.751710,9176,0,1
1,Amalgamate,1764751730.760907,11900,0,1
3,DepositChecking,1764751730.772828,10362,0,1
4,SendPayment,1764751730.783232,7788,0,1
4,SendPayment,1764751730.791042,9258,0,1
6,WriteCheck,1764751730.800329,8247,0,1
2,Balance,1764751730.808604,5968,0,1
4,SendPayment,1764751730.814595,8262,0,1
1,Amalgamate,1764751730.822881,9166,0,1
2,Balance,1764751730.832071,5521,0,1
3,DepositChecking,1764751730.837618,7237,0,1
5,TransactSavings,1764751730.844879,7935,0,1
6,WriteCheck,1764751730.852840,8996,0,1
5,TransactSavings,1764751730.861867,7649,0,1
4,SendPayment,1764751730.869536,7785,0,1
6,WriteCheck,1764751730.877339,8379,0,1
6,WriteCheck,1764751730.885738,10367,0,1
4,SendPayment,1764751730.896121,8111,0,1
6,WriteCheck,1764751730.905332,9440,0,1
2,Balance,1764751730.915395,1408,0,1
6,WriteCheck,1764751730.925664,8350,0,1
2,Balance,1764751730.935439,1304,0,1
1,Amalgamate,1764751730.945609,10585,0,1
4,SendPayment,1764751730.956211,7366,0,1
3,DepositChecking,1764751730.965425,9854,0,1
5,TransactSavings,1764751730.975296,9118,0,1
4,SendPayment,1764751730.985336,8316,0,1
4,SendPayment,1764751730.995415,8056,0,1
4,SendPayment,1764751731.005388,8520,0,1
5,TransactSavings,1764751731.015400,8186,0,1
4,SendPayment,1764751731.025317,8561,0,1
6,WriteCheck,1764751731.035295,7838,0,1
4,SendPayment,1764751731.045354,9207,0,1
1,Amalgamate,1764751731.055663,8100,0,1
2,Balance,1764751731.065357,991,0,1
2,Balance,1764751731.075357,6422,0,1
4,SendPayment,1764751731.085297,7799,0,1
3,DepositChecking,1764751731.095340,9041,0,1
4,SendPayment,1764751731.105528,10241,0,1
6,WriteCheck,1764751731.115783,9879,0,1
6,WriteCheck,1764751731.125676,9451,0,1
4,SendPayment,1764751731.135496,8944,0,1
4,SendPayment,1764751731.145381,8938,0,1
6,WriteCheck,1764751731.155370,10272,0,1
3,DepositChecking,1764751731.165661,7680,0,1
4,SendPayment,1764751731.175342,11530,0,1
4,SendPayment,1764751731.186921,11366,0,1
6,WriteCheck,1764751731.198309,8888,0,1
4,SendPayment,1764751731.207227,11632,0,1
2,Balance,1764751731.218889,1955,0,1
3,DepositChecking,1764751731.225439,11621,0,1
5,TransactSavings,1764751731.237083,77029,0,1
4,SendPayment,1764751731.314142,15103,0,1
5,TransactSavings,1764751731.329288,73114,0,1
1,Amalgamate,1764751731.402423,8436,0,1
3,DepositChecking,1764751731.410886,7725,0,1
5,TransactSavings,1764751731.418632,9314,0,1
6,WriteCheck,1764751731.427965,11008,0,1
6,WriteCheck,1764751731.438995,8962,0,1
4,SendPayment,1764751731.447982,10628,0,1
3,DepositChecking,1764751731.458628,8080,0,1
1,Amalgamate,1764751731.466724,10433,0,1
3,DepositChecking,1764751731.477174,9921,0,1
4,SendPayment,1764751731.487113,11680,0,1
2,Balance,1764751731.498816,5389,0,1
1,Amalgamate,1764751731.504226,9377,0,1
2,Balance,1764751731.513625,907,0,1
2,Balance,1764751731.514550,5964,0,1
1,Amalgamate,1764751731.520543,10189,0,1
4,SendPayment,1764751731.530755,11482,0,1
4,SendPayment,1764751731.542260,9359,0,1
1,Amalgamate,1764751731.551651,8233,0,1
1,Amalgamate,1764751731.559902,11049,0,1
4,SendPayment,1764751731.570972,8685,0,1
2,Balance,1764751731.579675,838,0,1
1,Amalgamate,1764751731.580517,9872,0,1
5,TransactSavings,1764751731.590408,8853,0,1
3,DepositChecking,1764751731.599279,7600,0,1
4,SendPayment,1764751731.606898,7359,0,1
2,Balance,1764751731.614277,5125,0,1
5,TransactSavings,1764751731.619420,8562,0,1
5,TransactSavings,1764751731.628002,8748,0,1
5,TransactSavings,1764751731.636776,7841,0,1
3,DepositChecking,1764751731.644639,7703,0,1
3,DepositChecking,1764751731.652363,10258,0,1
6,WriteCheck,1764751731.662643,7430,0,1
4,SendPayment,1764751731.670096,8065,0,1
5,TransactSavings,1764751731.678182,7858,0,1
2,Balance,1764751731.686063,5647,0,1
4,SendPayment,1764751731.691731,10187,0,1
5,TransactSavings,1764751731.701940,11743,0,1
4,SendPayment,1764751731.713707,7625,0,1
2,Balance,1764751731.721355,5906,0,1
5,TransactSavings,1764751731.727278,9308,0,1
5,TransactSavings,1764751731.736607,8837,0,1
3,DepositChecking,1764751731.745462,10110,0,1
1,Amalgamate,1764751731.755590,14708,0,1
5,TransactSavings,1764751731.770322,9841,0,1
3,DepositChecking,1764751731.780196,8440,0,1
4,SendPayment,1764751731.788655,7914,0,1
4,SendPayment,1764751731.796592,8098,0,1
4,SendPayment,1764751731.804714,7375,0,1
4,SendPayment,1764751731.812109,9347,0,1
1,Amalgamate,1764751731.821480,9458,0,1
4,SendPayment,1764751731.830961,9236,0,1
5,TransactSavings,1764751731.840221,9282,0,1
4,SendPayment,1764751731.849525,7543,0,1
5,TransactSavings,1764751731.857158,7666,0,1
6,WriteCheck,1764751731.864847,8299,0,1
5,TransactSavings,1764751731.873169,9561,0,1
3,DepositChecking,1764751731.882756,7188,0,1
6,WriteCheck,1764751731.889966,8041,0,1
1,Amalgamate,1764751731.898025,8109,0,1
3,DepositChecking,1764751731.906156,8450,0,1
4,SendPayment,1764751731.914630,8187,0,1
5,TransactSavings,1764751731.922839,8066,0,1
1,Amalgamate,1764751731.930930,8934,0,1
2,Balance,1764751731.939886,5469,0,1
1,Amalgamate,1764751731.945372,7767,0,1
5,TransactSavings,1764751731.953160,8751,0,1
6,WriteCheck,1764751731.961935,8602,0,1
4,SendPayment,1764751731.970561,7513,0,1
1,Amalgamate,1764751731.978095,7646,0,1
2,Balance,1764751731.985755,1102,0,1
3,DepositChecking,1764751731.986872,9157,0,1
1,Amalgamate,1764751731.996043,8517,0,1
3,DepositChecking,1764751732.004586,9680,0,1
5,TransactSavings,1764751732.014288,8080,0,1
4,SendPayment,1764751732.022395,8861,0,1
5,TransactSavings,1764751732.031278,9264,0,1
2,Balance,1764751732.040568,1502,0,1
6,WriteCheck,1764751732.042092,8463,0,1
2,Balance,1764751732.050579,1131,0,1
4,SendPayment,1764751732.055417,8615,0,1
3,DepositChecking,1764751732.065341,8170,0,1
5,TransactSavings,1764751732.075452,8132,0,1
1,Amalgamate,1764751732.085422,9544,0,1
2,Balance,1764751732.095343,6682,0,1
5,TransactSavings,1764751732.105331,9169,0,1
5,TransactSavings,1764751732.115296,8368,0,1
4,SendPayment,1764751732.125373,10085,0,1
5,TransactSavings,1764751732.135471,7992,0,1
5,TransactSavings,1764751732.145387,9917,0,1
4,SendPayment,1764751732.155320,10355,0,1
1,Amalgamate,1764751732.165690,8247,0,1
4,SendPayment,1764751732.175376,7778,0,1
6,WriteCheck,1764751732.185329,8300,0,1
1,Amalgamate,1764751732.195409,10206,0,1
3,DepositChecking,1764751732.205631,7913,0,1
4,SendPayment,1764751732.215369,8024,0,1
6,WriteCheck,1764751732.225448,9447,0,1
3,DepositChecking,1764751732.235351,8059,0,1
1,Amalgamate,1764751732.245392,9080,0,1
3,DepositChecking,1764751732.255327,7798,0,1
5,TransactSavings,1764751732.265338,9674,0,1
4,SendPayment,1764751732.275335,10054,0,1
4,SendPayment,1764751732.285402,8946,0,1
1,Amalgamate,1764751732.295333,9054,0,1
5,TransactSavings,1764751732.305347,8512,0,1
6,WriteCheck,1764751732.315390,8545,0,1
4,SendPayment,1764751732.325478,8570,0,1
3,DepositChecking,1764751732.335331,8044,0,1
3,DepositChecking,1764751732.345409,11193,0,1
3,DepositChecking,1764751732.356626,9886,0,1
3,DepositChecking,1764751732.366539,8660,0,1
1,Amalgamate,1764751732.375319,8527,0,1
6,WriteCheck,1764751732.385453,8544,0,1
6,WriteCheck,1764751732.395342,8302,0,1
1,Amalgamate,1764751732.405561,8245,0,1
2,Balance,1764751732.415411,5896,0,1
2,Balance,1764751732.425512,6016,0,1
4,SendPayment,1764751732.435633,8067,0,1
6,WriteCheck,1764751732.445377,12526,0,1
2,Balance,1764751732.457924,6101,0,1
3,DepositChecking,1764751732.465416,10194,0,1
5,TransactSavings,1764751732.475622,10482,0,1
5,TransactSavings,1764751732.486138,11406,0,1
6,WriteCheck,1764751732.497601,11128,0,1
4,SendPayment,1764751732.508751,11752,0,1
1,Amalgamate,1764751732.520527,11952,0,1
4,SendPayment,1764751732.532503,11436,0,1
1,Amalgamate,1764751732.543963,9788,0,1
3,DepositChecking,1764751732.553777,8112,0,1
3,DepositChecking,1764751732.561914,9301,0,1
5,TransactSavings,1764751732.571249,9386,0,1
5,TransactSavings,1764751732.580660,7767,0,1
6,WriteCheck,1764751732.588452,8231,0,1
2,Balance,1764751732.596702,1152,0,1
1,Amalgamate,1764751732.605603,9316,0,1
4,SendPayment,1764751732.615388,8213,0,1
5,TransactSavings,1764751732.625451,8433,0,1
5,TransactSavings,1764751732.635470,9186,0,1
6,WriteCheck,1764751732.645324,8315,0,1
1,Amalgamate,1764751732.655347,8975,0,1
3,DepositChecking,1764751732.665322,9955,0,1
5,TransactSavings,1764751732.675314,8228,0,1
3,DepositChecking,1764751732.685413,8751,0,1
3,DepositChecking,1764751732.695320,8262,0,1
5,TransactSavings,1764751732.705357,6806,0,1
3,DepositChecking,1764751732.715477,9453,0,1
1,Amalgamate,1764751732.725351,8854,0,1
4,SendPayment,1764751732.735423,13425,0,1
2,Balance,1764751732.748873,967,0,1
4,SendPayment,1764751732.755331,15945,0,1
3,DepositChecking,1764751732.771299,16389,0,1
4,SendPayment,1764751732.787707,7424,0,1
6,WriteCheck,1764751732.795153,9130,0,1
2,Balance,1764751732.804305,5529,0,1
6,WriteCheck,1764751732.809853,7214,0,1
3,DepositChecking,1764751732.817085,6773,0,1
5,TransactSavings,1764751732.825439,7818,0,1
1,Amalgamate,1764751732.835381,9029,0,1
1,Amalgamate,1764751732.845536,9867,0,1
1,Amalgamate,1764751732.855420,10923,0,1
5,TransactSavings,1764751732.866360,9014,0,1
3,DepositChecking,1764751732.875386,7704,0,1
5,TransactSavings,1764751732.885338,11191,0,1
4,SendPayment,1764751732.896547,16465,0,1
6,WriteCheck,1764751732.913047,12392,0,1
3,DepositChecking,1764751732.925455,8485,0,1
1,Amalgamate,1764751732.933960,13310,0,1
5,TransactSavings,1764751732.947285,9810,0,1
4,SendPayment,1764751732.957107,7481,0,1
1,Amalgamate,1764751732.964627,7632,0,1
5,TransactSavings,1764751732.972273,9324,0,1
1,Amalgamate,1764751732.981609,8523,0,1
3,DepositChecking,1764751732.990141,8866,0,1
3,DepositChecking,1764751732.999019,9058,0,1
5,TransactSavings,1764751733.008086,9027,0,1
4,SendPayment,1764751733.017122,6904,0,1
1,Amalgamate,1764751733.025273,7525,0,1
2,Balance,1764751733.035284,996,0,1
5,TransactSavings,1764751733.045265,9170,0,1
6,WriteCheck,1764751733.055320,7343,0,1
4,SendPayment,1764751733.065324,8326,0,1
4,SendPayment,1764751733.075291,9750,0,1
1,Amalgamate,1764751733.085302,7409,0,1
4,SendPayment,1764751733.095393,7624,0,1
1,Amalgamate,1764751733.105271,8111,0,1
4,SendPayment,1764751733.115292,7257,0,1
4,SendPayment,1764751733.125332,8697,0,1
4,SendPayment,1764751733.135358,7115,0,1
5,TransactSavings,1764751733.145318,7731,0,1
4,SendPayment,1764751733.155345,7634,0,1
1,Amalgamate,1764751733.165324,9054,0,1
6,WriteCheck,1764751733.175302,8088,0,1
3,DepositChecking,1764751733.185406,7274,0,1
5,TransactSavings,1764751733.195397,10334,0,1
3,DepositChecking,1764751733.205747,7024,0,1
6,WriteCheck,1764751733.215289,6938,0,1
3,DepositChecking,1764751733.225304,8594,0,1
6,WriteCheck,1764751733.235398,7977,0,1
1,Amalgamate,1764751733.245329,10184,0,1
2,Balance,1764751733.255527,5325,0,1
5,TransactSavings,1764751733.265291,8604,0,1
4,SendPayment,1764751733.275335,7814,0,1
3,DepositChecking,1764751733.285385,8405,0,1
5,TransactSavings,1764751733.295360,7797,0,1
1,Amalgamate,1764751733.305403,9383,0,1
4,SendPayment,1764751733.315445,8556,0,1
2,Balance,1764751733.325283,857,0,1
5,TransactSavings,1764751733.335267,8438,0,1
4,SendPayment,1764751733.345457,8585,0,1
2,Balance,1764751733.355318,5669,0,1
2,Balance,1764751733.365400,954,0,1
5,TransactSavings,1764751733.375363,7607,0,1
1,Amalgamate,1764751733.385289,6851,0,1
2,Balance,1764751733.395418,978,0,1
2,Balance,1764751733.405438,1081,0,1
6,WriteCheck,1764751733.415310,12176,0,1
6,WriteCheck,1764751733.427505,61212,0,1
4,SendPayment,1764751733.488736,24679,0,1
1,Amalgamate,1764751733.513437,8848,0,1
5,TransactSavings,1764751733.522308,8903,0,1
5,TransactSavings,1764751733.531233,8573,0,1
4,SendPayment,1764751733.539824,8676,0,1
1,Amalgamate,1764751733.548518,6821,0,1
2,Balance,1764751733.555354,991,0,1
1,Amalgamate,1764751733.556354,7769,0,1
5,TransactSavings,1764751733.564139,7156,0,1
6,WriteCheck,1764751733.571311,7119,0,1
4,SendPayment,1764751733.578458,7288,0,1
1,Amalgamate,1764751733.585759,7310,0,1
4,SendPayment,1764751733.593091,6683,0,1
4,SendPayment,1764751733.599787,6812,0,1
1,Amalgamate,1764751733.606611,8389,0,1
6,WriteCheck,1764751733.615017,7449,0,1
6,WriteCheck,1764751733.622483,7840,0,1
5,TransactSavings,1764751733.630336,8716,0,1
2,Balance,1764751733.639066,5274,0,1
2,Balance,1764751733.644350,811,0,1
2,Balance,1764751733.645169,825,0,1
6,WriteCheck,1764751733.646013,6917,0,1
2,Balance,1764751733.655313,1063,0,1
6,WriteCheck,1764751733.665307,7314,0,1
4,SendPayment,1764751733.675336,7368,0,1
3,DepositChecking,1764751733.685425,8196,0,1
4,SendPayment,1764751733.695341,11423,0,1
4,SendPayment,1764751733.706776,7711,0,1
5,TransactSavings,1764751733.715402,8108,0,1
3,DepositChecking,1764751733.725373,7079,0,1
4,SendPayment,1764751733.735354,8398,0,1
2,Balance,1764751733.745436,940,0,1
6,WriteCheck,1764751733.755487,7928,0,1
3,DepositChecking,1764751733.765373,8406,0,1
2,Balance,1764751733.775318,821,0,1
5,TransactSavings,1764751733.785327,10181,0,1
3,DepositChecking,1764751733.795527,8003,0,1
1,Amalgamate,1764751733.805363,11604,0,1
3,DepositChecking,1764751733.816981,7233,0,1
6,WriteCheck,1764751733.825328,8920,0,1
3,DepositChecking,1764751733.835331,7300,0,1
5,TransactSavings,1764751733.845345,7127,0,1
1,Amalgamate,1764751733.855450,9169,0,1
4,SendPayment,1764751733.865286,7391,0,1
5,TransactSavings,1764751733.875286,8163,0,1
2,Balance,1764751733.885367,5085,0,1
2,Balance,1764751733.895464,5481,0,1
3,DepositChecking,1764751733.905439,7944,0,1
3,DepositChecking,1764751733.915274,8092,0,1
6,WriteCheck,1764751733.925280,8728,0,1
4,SendPayment,1764751733.935312,7977,0,1
2,Balance,1764751733.945295,715,0,1
1,Amalgamate,1764751733.955289,9334,0,1
1,Amalgamate,1764751733.965529,8212,0,1
5,TransactSavings,1764751733.975242,6996,0,1
2,Balance,1764751733.985475,1160,0,1
2,Balance,1764751733.995331,5412,0,1
4,SendPayment,1764751734.005326,8921,0,1
2,Balance,1764751734.015488,5157,0,1
4,SendPayment,1764751734.025332,7694,0,1
5,TransactSavings,1764751734.035273,6890,0,1
4,SendPayment,1764751734.045512,9839,0,1
4,SendPayment,1764751734.055359,9172,0,1
5,TransactSavings,1764751734.065335,7048,0,1
6,WriteCheck,1764751734.075328,6815,0,1
1,Amalgamate,1764751734.085362,7049,0,1
3,DepositChecking,1764751734.095307,8103,0,1
2,Balance,1764751734.105290,4831,0,1
5,TransactSavings,1764751734.115295,7015,0,1
4,SendPayment,1764751734.125281,7821,0,1
4,SendPayment,1764751734.135358,7513,0,1
2,Balance,1764751734.145271,731,0,1
4,SendPayment,1764751734.155304,9096,0,1
1,Amalgamate,1764751734.165389,8288,0,1
5,TransactSavings,1764751734.175322,7085,0,1
4,SendPayment,1764751734.185457,8364,0,1
2,Balance,1764751734.195329,910,0,1
5,TransactSavings,1764751734.205360,9078,0,1
2,Balance,1764751734.215313,5279,0,1
2,Balance,1764751734.225469,984,0,1
3,DepositChecking,1764751734.235289,8998,0,1
4,SendPayment,1764751734.245311,8008,0,1
3,DepositChecking,1764751734.255587,6503,0,1
2,Balance,1764751734.265471,7796,0,1
2,Balance,1764751734.275302,734,0,1
4,SendPayment,1764751734.285305,7266,0,1
5,TransactSavings,1764751734.295434,7346,0,1
4,SendPayment,1764751734.305343,7349,0,1
5,TransactSavings,1764751734.315276,7294,0,1
5,TransactSavings,1764751734.325342,7105,0,1
5,TransactSavings,1764751734.335289,7166,0,1
3,DepositChecking,1764751734.345311,8562,0,1
5,TransactSavings,1764751734.355312,7292,0,1
5,TransactSavings,1764751734.365303,7276,0,1
4,SendPayment,1764751734.375321,8330,0,1
3,DepositChecking,1764751734.385338,6932,0,1
2,Balance,1764751734.395330,1123,0,1
1,Amalgamate,1764751734.405312,8566,0,1
2,Balance,1764751734.415279,937,0,1
4,SendPayment,1764751734.425352,10441,0,1
5,TransactSavings,1764751734.435810,7933,0,1
6,WriteCheck,1764751734.445343,8937,0,1
5,TransactSavings,1764751734.455313,7166,0,1
4,SendPayment,1764751734.465287,7777,0,1
1,Amalgamate,1764751734.475319,8236,0,1
2,Balance,1764751734.485307,1215,0,1
3,DepositChecking,1764751734.495359,8080,0,1
4,SendPayment,1764751734.505347,9752,0,1
3,DepositChecking,1764751734.515297,7549,0,1
5,TransactSavings,1764751734.525289,5779,0,1
4,SendPayment,1764751734.535285,7533,0,1
3,DepositChecking,1764751734.545374,7289,0,1
2,Balance,1764751734.555279,759,0,1
6,WriteCheck,1764751734.565289,8394,0,1
3,DepositChecking,1764751734.575319,8147,0,1
6,WriteCheck,1764751734.585320,9027,0,1
6,WriteCheck,1764751734.595305,9125,0,1
6,WriteCheck,1764751734.605423,7716,0,1
6,WriteCheck,1764751734.615278,7711,0,1
6,WriteCheck,1764751734.625294,11896,0,1
2,Balance,1764751734.637207,5636,0,1
2,Balance,1764751734.645378,5293,0,1
1,Amalgamate,1764751734.655355,10554,0,1
3,DepositChecking,1764751734.665924,11009,0,1
2,Balance,1764751734.676955,10637,0,1
2,Balance,1764751734.687609,4776,0,1
5,TransactSavings,1764751734.695395,8387,0,1
3,DepositChecking,1764751734.705350,7612,0,1
5,TransactSavings,1764751734.715335,7697,0,1
6,WriteCheck,1764751734.725289,7211,0,1
6,WriteCheck,1764751734.735368,7888,0,1
1,Amalgamate,1764751734.745324,8404,0,1
6,WriteCheck,1764751734.755398,6870,0,1
3,DepositChecking,1764751734.765436,8306,0,1
2,Balance,1764751734.775275,5155,0,1
1,Amalgamate,1764751734.785248,7312,0,1
5,TransactSavings,1764751734.795366,9343,0,1
1,Amalgamate,1764751734.805336,9497,0,1
6,WriteCheck,1764751734.815330,7021,0,1
2,Balance,1764751734.825396,8879,0,1
2,Balance,1764751734.835304,817,0,1
4,SendPayment,1764751734.845325,7559,0,1
2,Balance,1764751734.855296,5507,0,1
2,Balance,1764751734.865284,833,0,1
4,SendPayment,1764751734.875340,7834,0,1
2,Balance,1764751734.885308,6176,0,1
2,Balance,1764751734.895300,1055,0,1
3,DepositChecking,1764751734.905292,7607,0,1
4,SendPayment,1764751734.915302,7399,0,1
6,WriteCheck,1764751734.925304,13546,0,1
2,Balance,1764751734.938869,10891,0,1
4,SendPayment,1764751734.949779,21555,0,1
4,SendPayment,1764751734.971357,9964,0,1
1,Amalgamate,1764751734.981332,6904,0,1
1,Amalgamate,1764751734.988244,8107,0,1
3,DepositChecking,1764751734.996359,9966,0,1
3,DepositChecking,1764751735.006337,7222,0,1
3,DepositChecking,1764751735.013589,11553,0,1
6,WriteCheck,1764751735.025153,15240,0,1
4,SendPayment,1764751735.040408,8752,0,1
2,Balance,1764751735.049173,7896,0,1
6,WriteCheck,1764751735.057081,8665,0,1
2,Balance,1764751735.065757,892,0,1
3,DepositChecking,1764751735.066659,10964,0,1
5,TransactSavings,1764751735.077635,11630,0,1
1,Amalgamate,1764751735.089283,13382,0,1
6,WriteCheck,1764751735.102684,19459,0,1
1,Amalgamate,1764751735.122160,8354,0,1
4,SendPayment,1764751735.130531,15719,0,1
1,Amalgamate,1764751735.146260,8372,0,1
5,TransactSavings,1764751735.154642,8568,0,1
5,TransactSavings,1764751735.163224,10000,0,1
5,TransactSavings,1764751735.173235,8652,0,1
6,WriteCheck,1764751735.181896,8430,0,1
4,SendPayment,1764751735.190340,7354,0,1
6,WriteCheck,1764751735.197707,7854,0,1
4,SendPayment,1764751735.205581,8137,0,1
1,Amalgamate,1764751735.213730,7474,0,1
5,TransactSavings,1764751735.221215,7403,0,1
4,SendPayment,1764751735.228628,7620,0,1
4,SendPayment,1764751735.236258,7385,0,1
6,WriteCheck,1764751735.245269,7117,0,1
4,SendPayment,1764751735.255307,8030,0,1
5,TransactSavings,1764751735.265269,7743,0,1
5,TransactSavings,1764751735.275270,7283,0,1
4,SendPayment,1764751735.285309,7970,0,1
4,SendPayment,1764751735.295507,7561,0,1
6,WriteCheck,1764751735.305296,6955,0,1
1,Amalgamate,1764751735.315289,7879,0,1
3,DepositChecking,1764751735.325323,7167,0,1
4,SendPayment,1764751735.335450,7045,0,1
1,Amalgamate,1764751735.345323,8233,0,1
6,WriteCheck,1764751735.355565,6923,0,1
5,TransactSavings,1764751735.365374,8047,0,1
4,SendPayment,1764751735.375317,8203,0,1
4,SendPayment,1764751735.385713,8967,0,1
5,TransactSavings,1764751735.395456,9197,0,1
2,Balance,1764751735.405332,824,0,1
1,Amalgamate,1764751735.415545,7556,0,1
2,Balance,1764751735.425278,854,0,1
6,WriteCheck,1764751735.435387,8174,0,1
1,Amalgamate,1764751735.445403,9135,0,1
2,Balance,1764751735.455287,5013,0,1
6,WriteCheck,1764751735.465271,7306,0,1
6,WriteCheck,1764751735.475388,6878,0,1
4,SendPayment,1764751735.485348,11036,0,1
5,TransactSavings,1764751735.496397,8405,0,1
5,TransactSavings,1764751735.505288,8327,0,1
1,Amalgamate,1764751735.515340,7736,0,1
6,WriteCheck,1764751735.525438,7202,0,1
2,Balance,1764751735.535292,1066,0,1
4,SendPayment,1764751735.545285,7552,0,1
2,Balance,1764751735.555314,923,0,1
4,SendPayment,1764751735.565373,8854,0,1
6,WriteCheck,1764751735.575429,6970,0,1
6,WriteCheck,1764751735.585327,10629,0,1
1,Amalgamate,1764751735.595971,39967,0,1
6,WriteCheck,1764751735.635957,7434,0,1
5,TransactSavings,1764751735.643407,8473,0,1
2,Balance,1764751735.651895,6156,0,1
1,Amalgamate,1764751735.658067,7445,0,1
4,SendPayment,1764751735.665523,9081,0,1
5,TransactSavings,1764751735.674620,7357,0,1
2,Balance,1764751735.681992,4904,0,1
6,WriteCheck,1764751735.686908,7479,0,1
4,SendPayment,1764751735.694403,7317,0,1
2,Balance,1764751735.701735,4840,0,1
1,Amalgamate,1764751735.706585,6765,0,1
5,TransactSavings,1764751735.715312,7372,0,1
5,TransactSavings,1764751735.725333,7939,0,1
2,Balance,1764751735.735271,4777,0,1
3,DepositChecking,1764751735.745275,10855,0,1
2,Balance,1764751735.756145,5531,0,1
4,SendPayment,1764751735.765316,8843,0,1
3,DepositChecking,1764751735.775284,6959,0,1
6,WriteCheck,1764751735.785357,7372,0,1
5,TransactSavings,1764751735.795344,7170,0,1
1,Amalgamate,1764751735.805326,7582,0,1
2,Balance,1764751735.815297,7015,0,1
2,Balance,1764751735.825291,5138,0,1
4,SendPayment,1764751735.835282,8547,0,1
3,DepositChecking,1764751735.845350,9185,0,1
1,Amalgamate,1764751735.855327,7989,0,1
2,Balance,1764751735.865340,6239,0,1
3,DepositChecking,1764751735.875354,8503,0,1
2,Balance,1764751735.885349,5947,0,1
2,Balance,1764751735.895321,1221,0,1
6,WriteCheck,1764751735.905409,8517,0,1
6,WriteCheck,1764751735.915541,7970,0,1
4,SendPayment,1764751735.925315,8361,0,1
5,TransactSavings,1764751735.935364,9654,0,1
4,SendPayment,1764751735.945306,8370,0,1
4,SendPayment,1764751735.955322,11374,0,1
4,SendPayment,1764751735.966724,9629,0,1
6,WriteCheck,1764751735.976370,7881,0,1
1,Amalgamate,1764751735.985276,7175,0,1
1,Amalgamate,1764751735.995340,8260,0,1
1,Amalgamate,1764751736.005285,6961,0,1
6,WriteCheck,1764751736.015322,8225,0,1
2,Balance,1764751736.025314,1099,0,1
1,Amalgamate,1764751736.035667,7407,0,1
6,WriteCheck,1764751736.045293,6765,0,1
6,WriteCheck,1764751736.055311,8540,0,1
2,Balance,1764751736.065281,1190,0,1
5,TransactSavings,1764751736.075274,7199,0,1
4,SendPayment,1764751736.085266,6979,0,1
1,Amalgamate,1764751736.095292,7064,0,1
5,TransactSavings,1764751736.105361,7838,0,1
6,WriteCheck,1764751736.115292,7733,0,1
3,DepositChecking,1764751736.125272,7980,0,1
6,WriteCheck,1764751736.135285,7174,0,1
3,DepositChecking,1764751736.145303,7461,0,1
2,Balance,1764751736.155289,5509,0,1
5,TransactSavings,1764751736.165296,7729,0,1
5,TransactSavings,1764751736.175290,7333,0,1
1,Amalgamate,1764751736.185290,7190,0,1
2,Balance,1764751736.195306,1257,0,1
5,TransactSavings,1764751736.205298,7372,0,1
4,SendPayment,1764751736.215279,7324,0,1
4,SendPayment,1764751736.225282,7851,0,1
1,Amalgamate,1764751736.235312,9855,0,1
4,SendPayment,1764751736.245268,7646,0,1
2,Balance,1764751736.255282,875,0,1
2,Balance,1764751736.265395,5059,0,1
1,Amalgamate,1764751736.275307,9325,0,1
5,TransactSavings,1764751736.285300,7343,0,1
3,DepositChecking,1764751736.295446,6936,0,1
5,TransactSavings,1764751736.305327,8386,0,1
4,SendPayment,1764751736.315296,7266,0,1
1,Amalgamate,1764751736.325304,8073,0,1
3,DepositChecking,1764751736.335265,7382,0,1
5,TransactSavings,1764751736.345278,7603,0,1
4,SendPayment,1764751736.355271,6991,0,1
1,Amalgamate,1764751736.365281,7076,0,1
6,WriteCheck,1764751736.375295,7259,0,1
3,DepositChecking,1764751736.385464,7086,0,1
4,SendPayment,1764751736.395343,7338,0,1
6,WriteCheck,1764751736.405311,7411,0,1
4,SendPayment,1764751736.415255,6645,0,1
1,Amalgamate,1764751736.425257,7422,0,1
4,SendPayment,1764751736.435287,7797,0,1
4,SendPayment,1764751736.445463,6965,0,1
4,SendPayment,1764751736.455311,6806,0,1
4,SendPayment,1764751736.465293,8100,0,1
5,TransactSavings,1764751736.475271,7167,0,1
6,WriteCheck,1764751736.485313,7988,0,1
2,Balance,1764751736.495323,932,0,1
3,DepositChecking,1764751736.505288,8535,0,1
2,Balance,1764751736.515274,5294,0,1
3,DepositChecking,1764751736.525347,5636,0,1
3,DepositChecking,1764751736.535281,6934,0,1
4,SendPayment,1764751736.545288,9991,0,1
6,WriteCheck,1764751736.555314,8947,0,1
1,Amalgamate,1764751736.565319,7328,0,1
6,WriteCheck,1764751736.575346,10164,0,1
4,SendPayment,1764751736.585524,8912,0,1
1,Amalgamate,1764751736.595369,7254,0,1
6,WriteCheck,1764751736.605310,7678,0,1
3,DepositChecking,1764751736.615289,8674,0,1
2,Balance,1764751736.625308,936,0,1
6,WriteCheck,1764751736.635372,8160,0,1
2,Balance,1764751736.645391,10037,0,1
2,Balance,1764751736.655443,1063,0,1
1,Amalgamate,1764751736.665311,8883,0,1
5,TransactSavings,1764751736.675282,7409,0,1
2,Balance,1764751736.685285,1137,0,1
6,WriteCheck,1764751736.695297,7953,0,1
3,DepositChecking,1764751736.705330,7329,0,1
2,Balance,1764751736.715289,5350,0,1
3,DepositChecking,1764751736.725338,8354,0,1
3,DepositChecking,1764751736.735337,7169,0,1
5,TransactSavings,1764751736.745360,6999,0,1
2,Balance,1764751736.755317,5634,0,1
4,SendPayment,1764751736.765280,10690,0,1
4,SendPayment,1764751736.775985,11034,0,1
5,TransactSavings,1764751736.787036,13644,0,1
1,Amalgamate,1764751736.800695,9723,0,1
4,SendPayment,1764751736.810433,7523,0,1
2,Balance,1764751736.817971,837,0,1
2,Balance,1764751736.825266,870,0,1
6,WriteCheck,1764751736.835280,9152,0,1
4,SendPayment,1764751736.845316,6837,0,1
5,TransactSavings,1764751736.855359,8704,0,1
4,SendPayment,1764751736.865271,10814,0,1
1,Amalgamate,1764751736.876097,7863,0,1
1,Amalgamate,1764751736.885274,7515,0,1
1,Amalgamate,1764751736.895273,8200,0,1
4,SendPayment,1764751736.905345,7817,0,1
4,SendPayment,1764751736.915779,7883,0,1
1,Amalgamate,1764751736.925286,7439,0,1
5,TransactSavings,1764751736.935299,7731,0,1
2,Balance,1764751736.945269,4823,0,1
3,DepositChecking,1764751736.955277,10061,0,1
3,DepositChecking,1764751736.965348,7235,0,1
3,DepositChecking,1764751736.975523,7830,0,1
4,SendPayment,1764751736.985685,7218,0,1
4,SendPayment,1764751736.995292,7566,0,1
6,WriteCheck,1764751737.005316,9503,0,1
6,WriteCheck,1764751737.015293,7469,0,1
2,Balance,1764751737.025287,7179,0,1
1,Amalgamate,1764751737.035299,7615,0,1
4,SendPayment,1764751737.045364,8727,0,1
6,WriteCheck,1764751737.055323,9665,0,1
5,TransactSavings,1764751737.065320,7645,0,1
3,DepositChecking,1764751737.075261,9259,0,1
4,SendPayment,1764751737.085301,8921,0,1
1,Amalgamate,1764751737.095298,7931,0,1
1,Amalgamate,1764751737.105278,12602,0,1
6,WriteCheck,1764751737.117901,22994,0,1
6,WriteCheck,1764751737.140921,18067,0,1
4,SendPayment,1764751737.159011,8740,0,1
6,WriteCheck,1764751737.167765,10906,0,1
4,SendPayment,1764751737.178684,7695,0,1
5,TransactSavings,1764751737.186392,8312,0,1
4,SendPayment,1764751737.194732,7065,0,1
5,TransactSavings,1764751737.201812,7374,0,1
2,Balance,1764751737.209200,5212,0,1
5,TransactSavings,1764751737.214428,7073,0,1
5,TransactSavings,1764751737.221514,7637,0,1
4,SendPayment,1764751737.229160,7408,0,1
1,Amalgamate,1764751737.236578,8517,0,1
6,WriteCheck,1764751737.245309,12338,0,1
2,Balance,1764751737.257661,1283,0,1
5,TransactSavings,1764751737.265342,16102,0,1
5,TransactSavings,1764751737.281458,7094,0,1
6,WriteCheck,1764751737.288566,7790,0,1
4,SendPayment,1764751737.296368,6901,0,1
1,Amalgamate,1764751737.305299,7223,0,1
5,TransactSavings,1764751737.315357,8945,0,1
1,Amalgamate,1764751737.325305,7298,0,1
6,WriteCheck,1764751737.335411,6994,0,1
2,Balance,1764751737.345328,710,0,1
3,DepositChecking,1764751737.355291,7189,0,1
6,WriteCheck,1764751737.365400,6854,0,1
4,SendPayment,1764751737.375276,7561,0,1
1,Amalgamate,1764751737.385330,8083,0,1
4,SendPayment,1764751737.395335,7945,0,1
4,SendPayment,1764751737.405381,8001,0,1
2,Balance,1764751737.415297,5358,0,1
6,WriteCheck,1764751737.425300,7001,0,1
6,WriteCheck,1764751737.435258,7117,0,1
6,WriteCheck,1764751737.445285,7245,0,1
2,Balance,1764751737.455521,701,0,1
4,SendPayment,1764751737.465299,9279,0,1
3,DepositChecking,1764751737.475315,8508,0,1
6,WriteCheck,1764751737.485963,8668,0,1
3,DepositChecking,1764751737.495356,9602,0,1
3,DepositChecking,1764751737.505331,11657,0,1
5,TransactSavings,1764751737.517005,8325,0,1
6,WriteCheck,1764751737.525341,6813,0,1
1,Amalgamate,1764751737.535290,7500,0,1
2,Balance,1764751737.545292,5247,0,1
4,SendPayment,1764751737.555301,7117,0,1
2,Balance,1764751737.565419,4894,0,1
5,TransactSavings,1764751737.575442,7733,0,1
1,Amalgamate,1764751737.585283,7113,0,1
5,TransactSavings,1764751737.595295,8391,0,1
2,Balance,1764751737.605342,892,0,1
3,DepositChecking,1764751737.615410,8890,0,1
1,Amalgamate,1764751737.625417,6812,0,1
5,TransactSavings,1764751737.635333,6996,0,1
5,TransactSavings,1764751737.645377,6794,0,1
6,WriteCheck,1764751737.655338,7399,0,1
4,SendPayment,1764751737.665358,7309,0,1
4,SendPayment,1764751737.675321,7267,0,1
6,WriteCheck,1764751737.685292,7231,0,1
6,WriteCheck,1764751737.695239,7604,0,1
3,DepositChecking,1764751737.705340,7558,0,1
3,DepositChecking,1764751737.715268,6915,0,1
3,DepositChecking,1764751737.725357,6950,0,1
4,SendPayment,1764751737.735282,7288,0,1
4,SendPayment,1764751737.745365,6957,0,1
6,WriteCheck,1764751737.755357,9299,0,1
5,TransactSavings,1764751737.765298,64215,0,1
4,SendPayment,1764751737.829529,22905,0,1
4,SendPayment,1764751737.852450,58321,0,1
4,SendPayment,1764751737.910784,10003,0,1
6,WriteCheck,1764751737.920797,10544,0,1
3,DepositChecking,1764751737.931353,6641,0,1
1,Amalgamate,1764751737.938002,6590,0,1
3,DepositChecking,1764751737.944599,8398,0,1
3,DepositChecking,1764751737.953009,7844,0,1
3,DepositChecking,1764751737.960864,6817,0,1
3,DepositChecking,1764751737.967690,7140,0,1
1,Amalgamate,1764751737.974841,11444,0,1
1,Amalgamate,1764751737.986295,7199,0,1
4,SendPayment,1764751737.993502,7517,0,1
2,Balance,1764751738.001026,4752,0,1
4,SendPayment,1764751738.005784,7175,0,1
5,TransactSavings,1764751738.012969,7378,0,1
2,Balance,1764751738.020355,6805,0,1
2,Balance,1764751738.027166,621,0,1
1,Amalgamate,1764751738.027798,7087,0,1
2,Balance,1764751738.034892,794,0,1
4,SendPayment,1764751738.035693,6843,0,1
5,TransactSavings,1764751738.042543,6997,0,1
2,Balance,1764751738.049548,4814,0,1
6,WriteCheck,1764751738.054369,6722,0,1
6,WriteCheck,1764751738.061098,8383,0,1
4,SendPayment,1764751738.069487,7345,0,1
1,Amalgamate,1764751738.076840,7007,0,1
4,SendPayment,1764751738.083855,8431,0,1
6,WriteCheck,1764751738.092292,8629,0,1
3,DepositChecking,1764751738.100927,6946,0,1
2,Balance,1764751738.107882,4902,0,1
5,TransactSavings,1764751738.112791,7684,0,1
3,DepositChecking,1764751738.120483,7375,0,1
4,SendPayment,1764751738.127865,7102,0,1
1,Amalgamate,1764751738.134978,8689,0,1
1,Amalgamate,1764751738.143676,8039,0,1
5,TransactSavings,1764751738.151722,6840,0,1
6,WriteCheck,1764751738.158570,7254,0,1
2,Balance,1764751738.165832,4892,0,1
1,Amalgamate,1764751738.170731,6804,0,1
3,DepositChecking,1764751738.177542,6867,0,1
4,SendPayment,1764751738.185531,6941,0,1
4,SendPayment,1764751738.195278,8136,0,1
5,TransactSavings,1764751738.205504,7639,0,1
6,WriteCheck,1764751738.215623,6697,0,1
3,DepositChecking,1764751738.225345,6994,0,1
1,Amalgamate,1764751738.235554,7947,0,1
1,Amalgamate,1764751738.245528,7094,0,1
3,DepositChecking,1764751738.255307,7296,0,1
4,SendPayment,1764751738.265346,7716,0,1
1,Amalgamate,1764751738.275360,6646,0,1
6,WriteCheck,1764751738.285298,6943,0,1
4,SendPayment,1764751738.295522,8182,0,1
5,TransactSavings,1764751738.305275,8654,0,1
1,Amalgamate,1764751738.315284,7147,0,1
6,WriteCheck,1764751738.325286,6873,0,1
5,TransactSavings,1764751738.335282,7185,0,1
2,Balance,1764751738.345286,6099,0,1
4,SendPayment,1764751738.355253,7787,0,1
4,SendPayment,1764751738.365252,7102,0,1
1,Amalgamate,1764751738.375314,7225,0,1
2,Balance,1764751738.385276,5142,0,1
4,SendPayment,1764751738.395285,7415,0,1
1,Amalgamate,1764751738.405268,8160,0,1
4,SendPayment,1764751738.415341,7889,0,1
4,SendPayment,1764751738.425288,7425,0,1
1,Amalgamate,1764751738.435271,7436,0,1
4,SendPayment,1764751738.445286,7376,0,1
6,WriteCheck,1764751738.455289,7137,0,1
1,Amalgamate,1764751738.465268,9389,0,1
4,SendPayment,1764751738.475339,8019,0,1
1,Amalgamate,1764751738.485301,7311,0,1
5,TransactSavings,1764751738.495346,8368,0,1
4,SendPayment,1764751738.505363,8477,0,1
1,Amalgamate,1764751738.515304,8438,0,1
5,TransactSavings,1764751738.525313,7219,0,1
1,Amalgamate,1764751738.535318,7633,0,1
6,WriteCheck,1764751738.545312,7368,0,1
2,Balance,1764751738.555425,840,0,1
2,Balance,1764751738.565362,5206,0,1
4,SendPayment,1764751738.575281,8216,0,1
2,Balance,1764751738.585345,738,0,1
5,TransactSavings,1764751738.595347,8049,0,1
3,DepositChecking,1764751738.605351,7030,0,1
5,TransactSavings,1764751738.615347,6904,0,1
3,DepositChecking,1764751738.625313,7378,0,1
3,DepositChecking,1764751738.635392,7209,0,1
5,TransactSavings,1764751738.645385,32251,0,1
1,Amalgamate,1764751738.677650,10534,0,1
4,SendPayment,1764751738.688196,9248,0,1
3,DepositChecking,1764751738.697456,6756,0,1
5,TransactSavings,1764751738.704225,8778,0,1
2,Balance,1764751738.713011,656,0,1
5,TransactSavings,1764751738.713671,11827,0,1
6,WriteCheck,1764751738.725508,9099,0,1
2,Balance,1764751738.734624,4830,0,1
6,WriteCheck,1764751738.739463,7039,0,1
6,WriteCheck,1764751738.746509,10016,0,1
4,SendPayment,1764751738.756540,7403,0,1
5,TransactSavings,1764751738.765291,9425,0,1
1,Amalgamate,1764751738.775355,9330,0,1
3,DepositChecking,1764751738.785422,8850,0,1
6,WriteCheck,1764751738.795281,8239,0,1
2,Balance,1764751738.805369,7116,0,1
2,Balance,1764751738.815347,6050,0,1
5,TransactSavings,1764751738.825343,8996,0,1
2,Balance,1764751738.835285,5374,0,1
6,WriteCheck,1764751738.845354,8298,0,1
3,DepositChecking,1764751738.855492,6737,0,1
4,SendPayment,1764751738.865274,6708,0,1
1,Amalgamate,1764751738.875313,8696,0,1
4,SendPayment,1764751738.885286,12805,0,1
3,DepositChecking,1764751738.898101,7908,0,1
3,DepositChecking,1764751738.906017,9052,0,1
6,WriteCheck,1764751738.915276,7308,0,1
3,DepositChecking,1764751738.925262,7747,0,1
4,SendPayment,1764751738.935255,7316,0,1
5,TransactSavings,1764751738.945282,7137,0,1
4,SendPayment,1764751738.955404,7226,0,1
2,Balance,1764751738.965255,4912,0,1
5,TransactSavings,1764751738.975297,7125,0,1
1,Amalgamate,1764751738.985416,7057,0,1
2,Balance,1764751738.995504,4709,0,1
5,TransactSavings,1764751739.005270,6913,0,1
6,WriteCheck,1764751739.015282,7603,0,1
5,TransactSavings,1764751739.025332,10548,0,1
2,Balance,1764751739.035891,930,0,1
4,SendPayment,1764751739.045328,7651,0,1
5,TransactSavings,1764751739.055337,7506,0,1
3,DepositChecking,1764751739.065311,6775,0,1
3,DepositChecking,1764751739.075304,12174,0,1
3,DepositChecking,1764751739.087506,7691,0,1
5,TransactSavings,1764751739.095286,9455,0,1
2,Balance,1764751739.105344,1216,0,1
4,SendPayment,1764751739.115284,7788,0,1
4,SendPayment,1764751739.125265,9827,0,1
5,TransactSavings,1764751739.135278,8487,0,1
1,Amalgamate,1764751739.145289,7764,0,1
4,SendPayment,1764751739.155269,8973,0,1
1,Amalgamate,1764751739.165283,10830,0,1
1,Amalgamate,1764751739.176126,7424,0,1
2,Balance,1764751739.185275,812,0,1
4,SendPayment,1764751739.195303,8572,0,1
4,SendPayment,1764751739.205311,6912,0,1
1,Amalgamate,1764751739.215302,6709,0,1
2,Balance,1764751739.225298,789,0,1
2,Balance,1764751739.235349,8839,0,1
4,SendPayment,1764751739.245306,10384,0,1
5,TransactSavings,1764751739.255700,7089,0,1
2,Balance,1764751739.265305,778,0,1
3,DepositChecking,1764751739.275391,23272,0,1
2,Balance,1764751739.298676,819,0,1
3,DepositChecking,1764751739.299504,19029,0,1
3,DepositChecking,1764751739.318542,7690,0,1
3,DepositChecking,1764751739.326241,6693,0,1
4,SendPayment,1764751739.332943,7617,0,1
3,DepositChecking,1764751739.340567,7741,0,1
5,TransactSavings,1764751739.348317,6867,0,1
4,SendPayment,1764751739.355262,7328,0,1
4,SendPayment,1764751739.365257,6906,0,1
6,WriteCheck,1764751739.375351,7389,0,1
5,TransactSavings,1764751739.385269,7138,0,1
3,DepositChecking,1764751739.395440,6925,0,1
6,WriteCheck,1764751739.405249,7137,0,1
5,TransactSavings,1764751739.415273,7338,0,1
6,WriteCheck,1764751739.425307,67762,0,1
2,Balance,1764751739.493089,1132,0,1
6,WriteCheck,1764751739.494230,17995,0,1
5,TransactSavings,1764751739.512240,6897,0,1
5,TransactSavings,1764751739.519148,8500,0,1
2,Balance,1764751739.527658,861,0,1
5,TransactSavings,1764751739.528526,8890,0,1
1,Amalgamate,1764751739.537426,8359,0,1
4,SendPayment,1764751739.545796,8127,0,1
3,DepositChecking,1764751739.553933,6778,0,1
6,WriteCheck,1764751739.560722,7395,0,1
6,WriteCheck,1764751739.568126,7657,0,1
4,SendPayment,1764751739.575794,8078,0,1
4,SendPayment,1764751739.583890,7432,0,1
6,WriteCheck,1764751739.591333,8387,0,1
5,TransactSavings,1764751739.599732,6990,0,1
4,SendPayment,1764751739.606734,6991,0,1
2,Balance,1764751739.613738,807,0,1
6,WriteCheck,1764751739.614552,6370,0,1
3,DepositChecking,1764751739.620931,6607,0,1
6,WriteCheck,1764751739.627546,7447,0,1
2,Balance,1764751739.635274,845,0,1
3,DepositChecking,1764751739.645392,6843,0,1
1,Amalgamate,1764751739.655345,6976,0,1
3,DepositChecking,1764751739.665330,7662,0,1
6,WriteCheck,1764751739.675327,7018,0,1
3,DepositChecking,1764751739.685356,7934,0,1
3,DepositChecking,1764751739.695341,7973,0,1
5,TransactSavings,1764751739.705272,6611,0,1
1,Amalgamate,1764751739.715262,7171,0,1
1,Amalgamate,1764751739.725432,7398,0,1
1,Amalgamate,1764751739.735272,7754,0,1
5,TransactSavings,1764751739.745238,7008,0,1
4,SendPayment,1764751739.755313,7611,0,1
6,WriteCheck,1764751739.765300,7139,0,1
5,TransactSavings,1764751739.775280,7630,0,1
5,TransactSavings,1764751739.785292,7618,0,1
6,WriteCheck,1764751739.795295,7434,0,1
2,Balance,1764751739.805317,5590,0,1
6,WriteCheck,1764751739.815280,8201,0,1
1,Amalgamate,1764751739.825295,7373,0,1
4,SendPayment,1764751739.835321,7942,0,1
3,DepositChecking,1764751739.845352,7602,0,1
2,Balance,1764751739.855287,5345,0,1
4,SendPayment,1764751739.865320,6890,0,1
2,Balance,1764751739.875288,855,0,1
2,Balance,1764751739.885334,951,0,1
3,DepositChecking,1764751739.895365,7186,0,1
5,TransactSavings,1764751739.905289,7254,0,1
1,Amalgamate,1764751739.915351,8495,0,1
6,WriteCheck,1764751739.925453,61109,0,1
1,Amalgamate,1764751739.986577,67943,0,1
5,TransactSavings,1764751740.054538,17535,0,1
6,WriteCheck,1764751740.072089,7499,0,1
1,Amalgamate,1764751740.079602,7083,0,1
4,SendPayment,1764751740.086697,10155,0,1
6,WriteCheck,1764751740.096868,8879,0,1
1,Amalgamate,1764751740.105762,7521,0,1
2,Balance,1764751740.113295,645,0,1
4,SendPayment,1764751740.113943,6860,0,1
5,TransactSavings,1764751740.120813,6705,0,1
3,DepositChecking,1764751740.127529,7021,0,1
3,DepositChecking,1764751740.134574,7747,0,1
5,TransactSavings,1764751740.142337,7520,0,1
4,SendPayment,1764751740.149867,9308,0,1
5,TransactSavings,1764751740.159186,7104,0,1
2,Balance,1764751740.166299,655,0,1
5,TransactSavings,1764751740.166957,7784,0,1
1,Amalgamate,1764751740.174752,7376,0,1
6,WriteCheck,1764751740.182136,6604,0,1
4,SendPayment,1764751740.188749,8042,0,1
4,SendPayment,1764751740.196803,6960,0,1
2,Balance,1764751740.203775,960,0,1
4,SendPayment,1764751740.204741,6824,0,1
3,DepositChecking,1764751740.211572,6782,0,1
3,DepositChecking,1764751740.218363,6969,0,1
4,SendPayment,1764751740.225338,7063,0,1
6,WriteCheck,1764751740.232412,7269,0,1
4,SendPayment,1764751740.239689,8238,0,1
5,TransactSavings,1764751740.247933,8341,0,1
1,Amalgamate,1764751740.256282,8568,0,1
2,Balance,1764751740.264870,982,0,1
5,TransactSavings,1764751740.265859,7956,0,1
6,WriteCheck,1764751740.273821,8578,0,1
2,Balance,1764751740.282406,5573,0,1
3,DepositChecking,1764751740.287987,6946,0,1
4,SendPayment,1764751740.294941,6762,0,1
4,SendPayment,1764751740.301709,6664,0,1
4,SendPayment,1764751740.308380,6644,0,1
6,WriteCheck,1764751740.315260,7537,0,1
6,WriteCheck,1764751740.325275,8995,0,1
5,TransactSavings,1764751740.335469,7492,0,1
5,TransactSavings,1764751740.345264,7069,0,1
6,WriteCheck,1764751740.355432,7336,0,1
6,WriteCheck,1764751740.365261,7168,0,1
5,TransactSavings,1764751740.375355,6746,0,1
1,Amalgamate,1764751740.385428,8006,0,1
3,DepositChecking,1764751740.395495,6859,0,1
1,Amalgamate,1764751740.405358,7149,0,1
6,WriteCheck,1764751740.415384,8197,0,1
1,Amalgamate,1764751740.425325,7111,0,1
3,DepositChecking,1764751740.435347,7848,0,1
6,WriteCheck,1764751740.445277,8253,0,1
3,DepositChecking,1764751740.455303,6801,0,1
2,Balance,1764751740.465637,4818,0,1
2,Balance,1764751740.475287,5080,0,1
4,SendPayment,1764751740.485421,8869,0,1
2,Balance,1764751740.495284,5066,0,1
4,SendPayment,1764751740.505389,7440,0,1
1,Amalgamate,1764751740.515324,7246,0,1
6,WriteCheck,1764751740.525307,9010,0,1
5,TransactSavings,1764751740.535298,7329,0,1
5,TransactSavings,1764751740.545348,7981,0,1
3,DepositChecking,1764751740.555441,9763,0,1
1,Amalgamate,1764751740.565336,9613,0,1
4,SendPayment,1764751740.575852,7326,0,1
4,SendPayment,1764751740.585390,8346,0,1
2,Balance,1764751740.595324,5128,0,1
4,SendPayment,1764751740.605341,7716,0,1
5,TransactSavings,1764751740.615311,6734,0,1
1,Amalgamate,1764751740.625337,8328,0,1
4,SendPayment,1764751740.635336,7101,0,1
6,WriteCheck,1764751740.645371,7104,0,1
5,TransactSavings,1764751740.655275,7340,0,1
1,Amalgamate,1764751740.665287,7193,0,1
1,Amalgamate,1764751740.675326,7190,0,1
4,SendPayment,1764751740.685346,7128,0,1
4,SendPayment,1764751740.695394,10244,0,1
2,Balance,1764751740.705648,4561,0,1
5,TransactSavings,1764751740.715327,7310,0,1
1,Amalgamate,1764751740.725366,8257,0,1
4,SendPayment,1764751740.735268,7126,0,1
6,WriteCheck,1764751740.745333,6910,0,1
6,WriteCheck,1764751740.755288,7186,0,1
4,SendPayment,1764751740.765274,7108,0,1
5,TransactSavings,1764751740.775306,6958,0,1
3,DepositChecking,1764751740.785288,7225,0,1
3,DepositChecking,1764751740.795308,8699,0,1
6,WriteCheck,1764751740.805380,8164,0,1
2,Balance,1764751740.815391,6378,0,1
2,Balance,1764751740.825316,832,0,1
2,Balance,1764751740.835271,774,0,1
3,DepositChecking,1764751740.845447,7406,0,1
5,TransactSavings,1764751740.855458,6663,0,1
1,Amalgamate,1764751740.865264,7144,0,1
6,WriteCheck,1764751740.875260,6471,0,1
2,Balance,1764751740.885276,4573,0,1
6,WriteCheck,1764751740.895260,6880,0,1
3,DepositChecking,1764751740.905262,7339,0,1
3,DepositChecking,1764751740.915306,9412,0,1
5,TransactSavings,1764751740.925475,7257,0,1
3,DepositChecking,1764751740.935299,7094,0,1
4,SendPayment,1764751740.945311,10986,0,1
6,WriteCheck,1764751740.956306,8097,0,1
3,DepositChecking,1764751740.965312,11557,0,1
2,Balance,1764751740.976878,898,0,1
1,Amalgamate,1764751740.985269,6698,0,1
5,TransactSavings,1764751740.995264,6717,0,1
1,Amalgamate,1764751741.005295,5832,0,1
1,Amalgamate,1764751741.015445,7228,0,1
3,DepositChecking,1764751741.025327,6674,0,1
4,SendPayment,1764751741.035230,7626,0,1
1,Amalgamate,1764751741.045264,7019,0,1
2,Balance,1764751741.055276,736,0,1
1,Amalgamate,1764751741.065283,7243,0,1
2,Balance,1764751741.075265,678,0,1
1,Amalgamate,1764751741.085323,8476,0,1
6,WriteCheck,1764751741.095266,7483,0,1
2,Balance,1764751741.105279,5065,0,1
2,Balance,1764751741.115519,1185,0,1
4,SendPayment,1764751741.125281,8650,0,1
2,Balance,1764751741.135266,835,0,1
4,SendPayment,1764751741.145405,7832,0,1
5,TransactSavings,1764751741.155335,7022,0,1
4,SendPayment,1764751741.165394,8109,0,1
1,Amalgamate,1764751741.175315,7404,0,1
4,SendPayment,1764751741.185283,7053,0,1
5,TransactSavings,1764751741.195284,7072,0,1
3,DepositChecking,1764751741.205370,8540,0,1
5,TransactSavings,1764751741.215354,7041,0,1
6,WriteCheck,1764751741.225271,7302,0,1
3,DepositChecking,1764751741.235306,7200,0,1
5,TransactSavings,1764751741.245320,7617,0,1
2,Balance,1764751741.255256,690,0,1
4,SendPayment,1764751741.265445,7237,0,1
2,Balance,1764751741.275396,767,0,1
1,Amalgamate,1764751741.285326,7222,0,1
3,DepositChecking,1764751741.295285,6929,0,1
6,WriteCheck,1764751741.305264,6925,0,1
2,Balance,1764751741.315276,5949,0,1
1,Amalgamate,1764751741.325308,8406,0,1
3,DepositChecking,1764751741.335442,6816,0,1
1,Amalgamate,1764751741.345287,7978,0,1
6,WriteCheck,1764751741.355307,6999,0,1
2,Balance,1764751741.365308,7202,0,1
6,WriteCheck,1764751741.375430,6870,0,1
6,WriteCheck,1764751741.385504,6891,0,1
5,TransactSavings,1764751741.395435,6830,0,1
5,TransactSavings,1764751741.405267,7974,0,1
5,TransactSavings,1764751741.415280,6860,0,1
5,TransactSavings,1764751741.425305,8779,0,1
3,DepositChecking,1764751741.435391,6930,0,1
5,TransactSavings,1764751741.445317,7184,0,1
6,WriteCheck,1764751741.455285,9736,0,1
2,Balance,1764751741.465267,700,0,1
4,SendPayment,1764751741.475316,22763,0,1
4,SendPayment,1764751741.498094,11968,0,1
4,SendPayment,1764751741.510077,7739,0,1
5,TransactSavings,1764751741.517832,7151,0,1
3,DepositChecking,1764751741.524998,6723,0,1
6,WriteCheck,1764751741.531732,7595,0,1
5,TransactSavings,1764751741.539339,8689,0,1
2,Balance,1764751741.548039,986,0,1
1,Amalgamate,1764751741.555327,7654,0,1
1,Amalgamate,1764751741.565270,7913,0,1
1,Amalgamate,1764751741.575288,7772,0,1
6,WriteCheck,1764751741.585308,8577,0,1
4,SendPayment,1764751741.595449,17121,0,1
3,DepositChecking,1764751741.612587,62853,0,1
2,Balance,1764751741.675455,1011,0,1
3,DepositChecking,1764751741.676475,7016,0,1
4,SendPayment,1764751741.683501,7893,0,1
4,SendPayment,1764751741.691407,7314,0,1
1,Amalgamate,1764751741.698733,6835,0,1
6,WriteCheck,1764751741.705586,7492,0,1
5,TransactSavings,1764751741.713089,8778,0,1
4,SendPayment,1764751741.721877,8200,0,1
6,WriteCheck,1764751741.730089,7165,0,1
4,SendPayment,1764751741.737264,7155,0,1
4,SendPayment,1764751741.744427,7043,0,1
4,SendPayment,1764751741.751483,7546,0,1
5,TransactSavings,1764751741.759039,7075,0,1
6,WriteCheck,1764751741.766125,6701,0,1
1,Amalgamate,1764751741.772836,6523,0,1
3,DepositChecking,1764751741.779368,7602,0,1
4,SendPayment,1764751741.786979,7503,0,1
6,WriteCheck,1764751741.794497,7412,0,1
6,WriteCheck,1764751741.801919,18499,0,1
4,SendPayment,1764751741.820440,6668,0,1
3,DepositChecking,1764751741.827118,6724,0,1
5,TransactSavings,1764751741.833852,6761,0,1
1,Amalgamate,1764751741.840623,6918,0,1
4,SendPayment,1764751741.847553,6783,0,1
1,Amalgamate,1764751741.855273,7127,0,1
5,TransactSavings,1764751741.865305,7178,0,1
1,Amalgamate,1764751741.875365,7260,0,1
2,Balance,1764751741.885391,881,0,1
1,Amalgamate,1764751741.895385,9269,0,1
2,Balance,1764751741.905279,5243,0,1
3,DepositChecking,1764751741.915287,9610,0,1
2,Balance,1764751741.925272,5129,0,1
6,WriteCheck,1764751741.935279,7318,0,1
5,TransactSavings,1764751741.945309,6914,0,1
6,WriteCheck,1764751741.955374,6884,0,1
5,TransactSavings,1764751741.965280,8130,0,1
5,TransactSavings,1764751741.975276,7278,0,1
2,Balance,1764751741.985407,749,0,1
6,WriteCheck,1764751741.995338,6883,0,1
6,WriteCheck,1764751742.006255,7027,0,1
3,DepositChecking,1764751742.015481,6960,0,1
5,TransactSavings,1764751742.025375,7879,0,1
3,DepositChecking,1764751742.035297,7352,0,1
3,DepositChecking,1764751742.045359,6574,0,1
1,Amalgamate,1764751742.055505,7425,0,1
4,SendPayment,1764751742.065373,7313,0,1
3,DepositChecking,1764751742.075332,7119,0,1
1,Amalgamate,1764751742.085485,8116,0,1
5,TransactSavings,1764751742.095347,66331,0,1
4,SendPayment,1764751742.161694,117722,0,1
5,TransactSavings,1764751742.279431,7911,0,1
6,WriteCheck,1764751742.287354,7117,0,1
2,Balance,1764751742.294485,758,0,1
3,DepositChecking,1764751742.295249,7886,0,1
4,SendPayment,1764751742.303144,10933,0,1
1,Amalgamate,1764751742.314090,7900,0,1
6,WriteCheck,1764751742.322002,7382,0,1
6,WriteCheck,1764751742.329397,7135,0,1
4,SendPayment,1764751742.336541,11105,0,1
5,TransactSavings,1764751742.347657,7605,0,1
2,Balance,1764751742.355274,5582,0,1
3,DepositChecking,1764751742.360866,7693,0,1
5,TransactSavings,1764751742.368581,7517,0,1
2,Balance,1764751742.376110,5235,0,1
5,TransactSavings,1764751742.381362,8680,0,1
1,Amalgamate,1764751742.390054,6619,0,1
5,TransactSavings,1764751742.396680,6865,0,1
4,SendPayment,1764751742.403554,8529,0,1
2,Balance,1764751742.412093,807,0,1
3,DepositChecking,1764751742.412909,6798,0,1
6,WriteCheck,1764751742.419718,7715,0,1
1,Amalgamate,1764751742.427443,10033,0,1
6,WriteCheck,1764751742.437486,7035,0,1
5,TransactSavings,1764751742.444535,6747,0,1
4,SendPayment,1764751742.451292,6605,0,1
4,SendPayment,1764751742.457905,7806,0,1
6,WriteCheck,1764751742.465718,7108,0,1
1,Amalgamate,1764751742.472835,8093,0,1
4,SendPayment,1764751742.480946,61007,0,1
4,SendPayment,1764751742.541973,7864,0,1
4,SendPayment,1764751742.549853,8168,0,1
1,Amalgamate,1764751742.558034,7524,0,1
1,Amalgamate,1764751742.565586,7490,0,1
6,WriteCheck,1764751742.573092,7569,0,1
3,DepositChecking,1764751742.580672,6441,0,1
5,TransactSavings,1764751742.587122,8223,0,1
3,DepositChecking,1764751742.595357,8560,0,1
1,Amalgamate,1764751742.603938,8032,0,1
5,TransactSavings,1764751742.611984,8345,0,1
6,WriteCheck,1764751742.620343,7436,0,1
6,WriteCheck,1764751742.627793,7378,0,1
4,SendPayment,1764751742.635186,6817,0,1
1,Amalgamate,1764751742.642013,6461,0,1
4,SendPayment,1764751742.648483,6709,0,1
5,TransactSavings,1764751742.655203,6655,0,1
4,SendPayment,1764751742.661871,7563,0,1
1,Amalgamate,1764751742.669446,8101,0,1
4,SendPayment,1764751742.677598,7705,0,1
6,WriteCheck,1764751742.685315,6532,0,1
1,Amalgamate,1764751742.691856,8658,0,1
6,WriteCheck,1764751742.700525,7197,0,1
4,SendPayment,1764751742.707735,7389,0,1
6,WriteCheck,1764751742.715139,7354,0,1
3,DepositChecking,1764751742.722507,6670,0,1
4,SendPayment,1764751742.729188,8677,0,1
3,DepositChecking,1764751742.737882,6892,0,1
4,SendPayment,1764751742.744788,7139,0,1
6,WriteCheck,1764751742.751938,6593,0,1
2,Balance,1764751742.758541,723,0,1
1,Amalgamate,1764751742.759280,7726,0,1
2,Balance,1764751742.767018,1059,0,1
1,Amalgamate,1764751742.768086,7009,0,1
1,Amalgamate,1764751742.775105,7909,0,1
3,DepositChecking,1764751742.783026,6543,0,1
4,SendPayment,1764751742.789592,7752,0,1
5,TransactSavings,1764751742.797356,7957,0,1
4,SendPayment,1764751742.805320,8388,0,1
6,WriteCheck,1764751742.813724,7220,0,1
6,WriteCheck,1764751742.820960,6758,0,1
1,Amalgamate,1764751742.827729,7923,0,1
3,DepositChecking,1764751742.835663,6732,0,1
6,WriteCheck,1764751742.842407,7669,0,1
1,Amalgamate,1764751742.850085,7955,0,1
4,SendPayment,1764751742.858045,10915,0,1
4,SendPayment,1764751742.868967,7181,0,1
4,SendPayment,1764751742.876157,7653,0,1
4,SendPayment,1764751742.883820,8826,0,1
4,SendPayment,1764751742.892654,6765,0,1
2,Balance,1764751742.899425,5929,0,1
2,Balance,1764751742.905362,657,0,1
3,DepositChecking,1764751742.915313,6693,0,1
1,Amalgamate,1764751742.925247,7540,0,1
4,SendPayment,1764751742.935365,8133,0,1
1,Amalgamate,1764751742.945282,7486,0,1
1,Amalgamate,1764751742.955385,7238,0,1
4,SendPayment,1764751742.965336,7093,0,1
3,DepositChecking,1764751742.975509,6864,0,1
3,DepositChecking,1764751742.985295,8856,0,1
6,WriteCheck,1764751742.995261,6665,0,1
1,Amalgamate,1764751743.005295,7777,0,1
5,TransactSavings,1764751743.015263,8058,0,1
3,DepositChecking,1764751743.025374,6874,0,1
2,Balance,1764751743.035523,5645,0,1
3,DepositChecking,1764751743.045290,10412,0,1
4,SendPayment,1764751743.055713,7936,0,1
3,DepositChecking,1764751743.065369,7101,0,1
3,DepositChecking,1764751743.075275,6966,0,1
4,SendPayment,1764751743.085313,6767,0,1
5,TransactSavings,1764751743.095282,6752,0,1
5,TransactSavings,1764751743.105287,7062,0,1
6,WriteCheck,1764751743.115270,8499,0,1
3,DepositChecking,1764751743.125505,11237,0,1
4,SendPayment,1764751743.136751,7268,0,1
5,TransactSavings,1764751743.145281,7601,0,1
1,Amalgamate,1764751743.155261,7431,0,1
5,TransactSavings,1764751743.165311,6654,0,1
4,SendPayment,1764751743.175398,7222,0,1
6,WriteCheck,1764751743.185312,8548,0,1
4,SendPayment,1764751743.195283,7357,0,1
2,Balance,1764751743.205412,6507,0,1
4,SendPayment,1764751743.215285,7576,0,1
4,SendPayment,1764751743.225304,6766,0,1
2,Balance,1764751743.235262,719,0,1
2,Balance,1764751743.245259,5071,0,1
5,TransactSavings,1764751743.255322,7270,0,1
1,Amalgamate,1764751743.265323,7638,0,1
6,WriteCheck,1764751743.275276,8267,0,1
5,TransactSavings,1764751743.285305,7025,0,1
2,Balance,1764751743.295297,6253,0,1
2,Balance,1764751743.305337,7674,0,1
4,SendPayment,1764751743.315357,8473,0,1
4,SendPayment,1764751743.325358,7298,0,1
6,WriteCheck,1764751743.335346,6760,0,1
4,SendPayment,1764751743.345610,6562,0,1
2,Balance,1764751743.355263,4680,0,1
2,Balance,1764751743.365308,4548,0,1
2,Balance,1764751743.375275,5149,0,1
3,DepositChecking,1764751743.385298,6597,0,1
3,DepositChecking,1764751743.395292,7136,0,1
4,SendPayment,1764751743.405474,7647,0,1
1,Amalgamate,1764751743.415555,7727,0,1
1,Amalgamate,1764751743.425564,7905,0,1
5,TransactSavings,1764751743.435575,8236,0,1
5,TransactSavings,1764751743.445271,6678,0,1
1,Amalgamate,1764751743.455267,11975,0,1
4,SendPayment,1764751743.467251,8843,0,1
1,Amalgamate,1764751743.476106,7632,0,1
6,WriteCheck,1764751743.485333,7451,0,1
3,DepositChecking,1764751743.495287,6782,0,1
3,DepositChecking,1764751743.505302,9756,0,1
1,Amalgamate,1764751743.515268,7436,0,1
3,DepositChecking,1764751743.525313,8473,0,1
4,SendPayment,1764751743.535295,10393,0,1
4,SendPayment,1764751743.545701,7059,0,1
5,TransactSavings,1764751743.555330,6851,0,1
5,TransactSavings,1764751743.565291,8499,0,1
1,Amalgamate,1764751743.575358,113928,0,1
3,DepositChecking,1764751743.689304,13833,0,1
2,Balance,1764751743.703156,13799,0,1
3,DepositChecking,1764751743.716972,17633,0,1
3,DepositChecking,1764751743.734623,7885,0,1
5,TransactSavings,1764751743.742519,7886,0,1
4,SendPayment,1764751743.750419,8817,0,1
6,WriteCheck,1764751743.759251,7041,0,1
6,WriteCheck,1764751743.766306,8983,0,1
3,DepositChecking,1764751743.775301,29286,0,1
5,TransactSavings,1764751743.804622,12873,0,1
4,SendPayment,1764751743.817507,7039,0,1
1,Amalgamate,1764751743.824557,8545,0,1
4,SendPayment,1764751743.833112,7717,0,1
1,Amalgamate,1764751743.840844,12163,0,1
3,DepositChecking,1764751743.853017,6850,0,1
4,SendPayment,1764751743.859889,10167,0,1
1,Amalgamate,1764751743.870075,8413,0,1
4,SendPayment,1764751743.878510,8578,0,1
1,Amalgamate,1764751743.887109,14695,0,1
2,Balance,1764751743.901831,1725,0,1
5,TransactSavings,1764751743.903569,7633,0,1
6,WriteCheck,1764751743.911229,9959,0,1
2,Balance,1764751743.921212,1502,0,1
5,TransactSavings,1764751743.922729,8704,0,1
2,Balance,1764751743.931449,1263,0,1
1,Amalgamate,1764751743.932724,8942,0,1
6,WriteCheck,1764751743.941674,6004,0,1
6,WriteCheck,1764751743.947687,7798,0,1
4,SendPayment,1764751743.955493,7295,0,1
1,Amalgamate,1764751743.962794,9973,0,1
6,WriteCheck,1764751743.972777,7965,0,1
5,TransactSavings,1764751743.980750,8491,0,1
1,Amalgamate,1764751743.989248,7404,0,1
1,Amalgamate,1764751743.996659,7354,0,1
5,TransactSavings,1764751744.004023,7501,0,1
4,SendPayment,1764751744.011541,8643,0,1
4,SendPayment,1764751744.020207,7583,0,1
3,DepositChecking,1764751744.027801,7127,0,1
4,SendPayment,1764751744.034940,9682,0,1
4,SendPayment,1764751744.044631,6879,0,1
4,SendPayment,1764751744.051517,8391,0,1
1,Amalgamate,1764751744.059917,7271,0,1
2,Balance,1764751744.067197,678,0,1
6,WriteCheck,1764751744.067878,6963,0,1
6,WriteCheck,1764751744.074850,7076,0,1
6,WriteCheck,1764751744.081933,6860,0,1
3,DepositChecking,1764751744.088802,6882,0,1
1,Amalgamate,1764751744.095690,8454,0,1
5,TransactSavings,1764751744.104154,6754,0,1
3,DepositChecking,1764751744.110916,7486,0,1
2,Balance,1764751744.118408,5346,0,1
3,DepositChecking,1764751744.123761,7674,0,1
4,SendPayment,1764751744.131444,6909,0,1
6,WriteCheck,1764751744.138362,7831,0,1
4,SendPayment,1764751744.146203,6943,0,1
5,TransactSavings,1764751744.153156,6748,0,1
3,DepositChecking,1764751744.159912,8014,0,1
4,SendPayment,1764751744.167935,6760,0,1
4,SendPayment,1764751744.174704,6770,0,1
4,SendPayment,1764751744.181480,7451,0,1
4,SendPayment,1764751744.188940,7319,0,1
4,SendPayment,1764751744.196269,7274,0,1
4,SendPayment,1764751744.205259,7725,0,1
6,WriteCheck,1764751744.215269,8576,0,1
2,Balance,1764751744.225328,5227,0,1
5,TransactSavings,1764751744.235368,7157,0,1
3,DepositChecking,1764751744.245310,6808,0,1
4,SendPayment,1764751744.255415,59291,0,1
1,Amalgamate,1764751744.314729,13225,0,1
6,WriteCheck,1764751744.327971,16683,0,1
2,Balance,1764751744.344670,4914,0,1
6,WriteCheck,1764751744.349590,6813,0,1
6,WriteCheck,1764751744.356409,9253,0,1
5,TransactSavings,1764751744.365674,5228,0,1
5,TransactSavings,1764751744.370913,6941,0,1
1,Amalgamate,1764751744.377863,8031,0,1
3,DepositChecking,1764751744.385899,6725,0,1
6,WriteCheck,1764751744.392632,9529,0,1
3,DepositChecking,1764751744.402171,8277,0,1
4,SendPayment,1764751744.410456,6868,0,1
2,Balance,1764751744.417329,5499,0,1
1,Amalgamate,1764751744.422835,7875,0,1
6,WriteCheck,1764751744.430719,8380,0,1
5,TransactSavings,1764751744.439107,7141,0,1
1,Amalgamate,1764751744.446254,7561,0,1
5,TransactSavings,1764751744.453827,5704,0,1
3,DepositChecking,1764751744.459538,4989,0,1
6,WriteCheck,1764751744.464538,8938,0,1
6,WriteCheck,1764751744.473487,8738,0,1
6,WriteCheck,1764751744.482237,8983,0,1
2,Balance,1764751744.491230,10221,0,1
1,Amalgamate,1764751744.501468,8456,0,1
1,Amalgamate,1764751744.509939,8529,0,1
3,DepositChecking,1764751744.518482,8021,0,1
6,WriteCheck,1764751744.526514,7952,0,1
6,WriteCheck,1764751744.535310,7339,0,1
1,Amalgamate,1764751744.545310,7768,0,1
2,Balance,1764751744.555269,990,0,1
3,DepositChecking,1764751744.565424,6918,0,1
4,SendPayment,1764751744.575386,7102,0,1
3,DepositChecking,1764751744.585333,6857,0,1
4,SendPayment,1764751744.595277,7493,0,1
4,SendPayment,1764751744.605348,7061,0,1
1,Amalgamate,1764751744.615297,7012,0,1
3,DepositChecking,1764751744.625362,7031,0,1
1,Amalgamate,1764751744.635375,6951,0,1
4,SendPayment,1764751744.645304,8195,0,1
5,TransactSavings,1764751744.655319,7034,0,1
5,TransactSavings,1764751744.665436,6921,0,1
1,Amalgamate,1764751744.675350,7007,0,1
2,Balance,1764751744.685259,1114,0,1
4,SendPayment,1764751744.695287,7968,0,1
3,DepositChecking,1764751744.705275,6932,0,1
3,DepositChecking,1764751744.715323,6829,0,1
6,WriteCheck,1764751744.725353,7464,0,1
1,Amalgamate,1764751744.735261,7991,0,1
5,TransactSavings,1764751744.745351,6929,0,1
6,WriteCheck,1764751744.755412,7850,0,1
1,Amalgamate,1764751744.765347,7312,0,1
2,Balance,1764751744.775273,757,0,1
2,Balance,1764751744.785386,5123,0,1
4,SendPayment,1764751744.795326,6785,0,1
2,Balance,1764751744.805304,736,0,1
6,WriteCheck,1764751744.815262,7229,0,1
1,Amalgamate,1764751744.825305,7645,0,1
2,Balance,1764751744.835306,5967,0,1
3,DepositChecking,1764751744.845418,8021,0,1
5,TransactSavings,1764751744.855460,7912,0,1
2,Balance,1764751744.865351,4681,0,1
4,SendPayment,1764751744.875501,6959,0,1
2,Balance,1764751744.885253,696,0,1
6,WriteCheck,1764751744.895284,7893,0,1
5,TransactSavings,1764751744.905302,7557,0,1
6,WriteCheck,1764751744.915430,7810,0,1
1,Amalgamate,1764751744.925464,7482,0,1
3,DepositChecking,1764751744.935268,6840,0,1
1,Amalgamate,1764751744.945262,7375,0,1
2,Balance,1764751744.955298,629,0,1
4,SendPayment,1764751744.965263,7484,0,1
1,Amalgamate,1764751744.975280,7381,0,1
4,SendPayment,1764751744.985375,6979,0,1
2,Balance,1764751744.995449,6722,0,1
1,Amalgamate,1764751745.005278,8075,0,1
4,SendPayment,1764751745.015282,8522,0,1
4,SendPayment,1764751745.025253,7696,0,1
3,DepositChecking,1764751745.035291,8380,0,1
3,DepositChecking,1764751745.045440,7257,0,1
2,Balance,1764751745.055301,682,0,1
2,Balance,1764751745.065311,784,0,1
4,SendPayment,1764751745.075523,7845,0,1
1,Amalgamate,1764751745.085278,8001,0,1
1,Amalgamate,1764751745.095259,9868,0,1
4,SendPayment,1764751745.105261,9808,0,1
4,SendPayment,1764751745.115255,9702,0,1
6,WriteCheck,1764751745.125408,9161,0,1
6,WriteCheck,1764751745.135320,6630,0,1
4,SendPayment,1764751745.145631,6700,0,1
5,TransactSavings,1764751745.155302,6725,0,1
3,DepositChecking,1764751745.165387,7207,0,1
5,TransactSavings,1764751745.175417,6525,0,1
6,WriteCheck,1764751745.185267,7248,0,1
2,Balance,1764751745.195357,4838,0,1
4,SendPayment,1764751745.205431,8042,0,1
4,SendPayment,1764751745.215444,7384,0,1
4,SendPayment,1764751745.225290,14536,0,1
3,DepositChecking,1764751745.239848,8312,0,1
5,TransactSavings,1764751745.248176,7368,0,1
4,SendPayment,1764751745.255560,7164,0,1
3,DepositChecking,1764751745.265329,8054,0,1
5,TransactSavings,1764751745.275321,7982,0,1
6,WriteCheck,1764751745.285350,8814,0,1
3,DepositChecking,1764751745.295296,8751,0,1
5,TransactSavings,1764751745.305348,7649,0,1
6,WriteCheck,1764751745.315366,8374,0,1
6,WriteCheck,1764751745.325358,9649,0,1
1,Amalgamate,1764751745.335310,8037,0,1
2,Balance,1764751745.345349,875,0,1
4,SendPayment,1764751745.355349,8586,0,1
6,WriteCheck,1764751745.365416,8619,0,1
5,TransactSavings,1764751745.375345,8749,0,1
2,Balance,1764751745.385532,1592,0,1
4,SendPayment,1764751745.395474,8601,0,1
3,DepositChecking,1764751745.405425,9128,0,1
3,DepositChecking,1764751745.415359,8343,0,1
3,DepositChecking,1764751745.425320,7691,0,1
3,DepositChecking,1764751745.435364,9684,0,1
2,Balance,1764751745.445390,1280,0,1
1,Amalgamate,1764751745.455379,8008,0,1
4,SendPayment,1764751745.465396,9157,0,1
3,DepositChecking,1764751745.475350,10024,0,1
4,SendPayment,1764751745.485391,8016,0,1
5,TransactSavings,1764751745.495483,8880,0,1
4,SendPayment,1764751745.505329,9192,0,1
3,DepositChecking,1764751745.515316,8917,0,1
6,WriteCheck,1764751745.525292,7470,0,1
6,WriteCheck,1764751745.535458,6699,0,1
2,Balance,1764751745.545361,5761,0,1
6,WriteCheck,1764751745.555335,9381,0,1
3,DepositChecking,1764751745.565320,9854,0,1
4,SendPayment,1764751745.575326,7534,0,1
1,Amalgamate,1764751745.585409,8085,0,1
3,DepositChecking,1764751745.595421,9206,0,1
4,SendPayment,1764751745.605326,7741,0,1
4,SendPayment,1764751745.615306,10027,0,1
5,TransactSavings,1764751745.625354,9787,0,1
6,WriteCheck,1764751745.635310,11097,0,1
3,DepositChecking,1764751745.646430,7340,0,1
6,WriteCheck,1764751745.655350,10537,0,1
4,SendPayment,1764751745.665905,9218,0,1
5,TransactSavings,1764751745.675321,7617,0,1
6,WriteCheck,1764751745.685373,8726,0,1
1,Amalgamate,1764751745.695353,7987,0,1
6,WriteCheck,1764751745.705372,9008,0,1
3,DepositChecking,1764751745.715272,8955,0,1
3,DepositChecking,1764751745.725318,8303,0,1
5,TransactSavings,1764751745.735308,7860,0,1
4,SendPayment,1764751745.745430,8549,0,1
3,DepositChecking,1764751745.755331,12649,0,1
1,Amalgamate,1764751745.767994,8387,0,1
3,DepositChecking,1764751745.776392,7757,0,1
4,SendPayment,1764751745.785343,9590,0,1
1,Amalgamate,1764751745.795274,8407,0,1
4,SendPayment,1764751745.805340,8955,0,1
5,TransactSavings,1764751745.815303,13525,0,1
6,WriteCheck,1764751745.828845,13105,0,1
6,WriteCheck,1764751745.841962,17070,0,1
3,DepositChecking,1764751745.859047,10406,0,1
3,DepositChecking,1764751745.869469,7962,0,1
6,WriteCheck,1764751745.877442,7825,0,1
1,Amalgamate,1764751745.885279,9076,0,1
2,Balance,1764751745.894373,4973,0,1
1,Amalgamate,1764751745.899357,7413,0,1
4,SendPayment,1764751745.906780,8001,0,1
5,TransactSavings,1764751745.915343,6798,0,1
6,WriteCheck,1764751745.925636,7748,0,1
2,Balance,1764751745.935586,853,0,1
6,WriteCheck,1764751745.945237,8259,0,1
4,SendPayment,1764751745.955451,15571,0,1
5,TransactSavings,1764751745.971034,14805,0,1
3,DepositChecking,1764751745.985850,8175,0,1
6,WriteCheck,1764751745.994036,6668,0,1
4,SendPayment,1764751746.000711,8061,0,1
4,SendPayment,1764751746.008779,8250,0,1
5,TransactSavings,1764751746.017048,8361,0,1
3,DepositChecking,1764751746.025422,7525,0,1
6,WriteCheck,1764751746.035398,8079,0,1
3,DepositChecking,1764751746.045340,9158,0,1
2,Balance,1764751746.055470,1414,0,1
2,Balance,1764751746.065274,5257,0,1
4,SendPayment,1764751746.075254,8382,0,1
4,SendPayment,1764751746.085299,7403,0,1
2,Balance,1764751746.095419,965,0,1
3,DepositChecking,1764751746.105325,9640,0,1
2,Balance,1764751746.115408,977,0,1
1,Amalgamate,1764751746.125363,7579,0,1
1,Amalgamate,1764751746.135335,8928,0,1
1,Amalgamate,1764751746.145337,9972,0,1
6,WriteCheck,1764751746.155319,13179,0,1
3,DepositChecking,1764751746.168512,10294,0,1
3,DepositChecking,1764751746.178814,8327,0,1
4,SendPayment,1764751746.187151,7143,0,1
5,TransactSavings,1764751746.195306,7797,0,1
3,DepositChecking,1764751746.205323,8427,0,1
1,Amalgamate,1764751746.215292,10274,0,1
4,SendPayment,1764751746.225589,7828,0,1
5,TransactSavings,1764751746.235297,8497,0,1
4,SendPayment,1764751746.245411,7761,0,1
1,Amalgamate,1764751746.255333,7486,0,1
2,Balance,1764751746.265307,6974,0,1
5,TransactSavings,1764751746.275326,7707,0,1
1,Amalgamate,1764751746.285282,7339,0,1
2,Balance,1764751746.295304,754,0,1
2,Balance,1764751746.305353,1010,0,1
5,TransactSavings,1764751746.315327,7886,0,1
6,WriteCheck,1764751746.325397,8892,0,1
4,SendPayment,1764751746.335253,7494,0,1
2,Balance,1764751746.345324,5648,0,1
2,Balance,1764751746.355259,4775,0,1
4,SendPayment,1764751746.365364,8709,0,1
5,TransactSavings,1764751746.375289,9310,0,1
4,SendPayment,1764751746.385327,8237,0,1
3,DepositChecking,1764751746.395292,6691,0,1
1,Amalgamate,1764751746.405273,8801,0,1
4,SendPayment,1764751746.415257,8853,0,1
6,WriteCheck,1764751746.425353,8372,0,1
2,Balance,1764751746.435419,695,0,1
2,Balance,1764751746.445324,889,0,1
2,Balance,1764751746.455664,808,0,1
1,Amalgamate,1764751746.465266,107332,0,1
2,Balance,1764751746.572614,6047,0,1
6,WriteCheck,1764751746.578672,7579,0,1
1,Amalgamate,1764751746.586261,16882,0,1
4,SendPayment,1764751746.603165,8938,0,1
4,SendPayment,1764751746.612125,8400,0,1
5,TransactSavings,1764751746.620546,8418,0,1
4,SendPayment,1764751746.628983,7010,0,1
5,TransactSavings,1764751746.636006,6521,0,1
6,WriteCheck,1764751746.642540,7964,0,1
4,SendPayment,1764751746.650513,8896,0,1
5,TransactSavings,1764751746.659423,8099,0,1
6,WriteCheck,1764751746.667535,6713,0,1
3,DepositChecking,1764751746.674259,6202,0,1
4,SendPayment,1764751746.680468,8519,0,1
2,Balance,1764751746.688996,4755,0,1
2,Balance,1764751746.693763,4640,0,1
6,WriteCheck,1764751746.698419,6622,0,1
2,Balance,1764751746.705050,4765,0,1
5,TransactSavings,1764751746.709822,6807,0,1
1,Amalgamate,1764751746.716639,8402,0,1
4,SendPayment,1764751746.725056,8245,0,1
4,SendPayment,1764751746.733317,7164,0,1
4,SendPayment,1764751746.740495,7180,0,1
4,SendPayment,1764751746.747686,6800,0,1
6,WriteCheck,1764751746.754497,7169,0,1
3,DepositChecking,1764751746.761678,6916,0,1
4,SendPayment,1764751746.768609,6918,0,1
4,SendPayment,1764751746.775547,6447,0,1
6,WriteCheck,1764751746.782004,8654,0,1
4,SendPayment,1764751746.790679,7088,0,1
1,Amalgamate,1764751746.797780,9510,0,1
4,SendPayment,1764751746.807309,7094,0,1
4,SendPayment,1764751746.814417,8201,0,1
4,SendPayment,1764751746.822631,6735,0,1
4,SendPayment,1764751746.829377,7918,0,1
4,SendPayment,1764751746.837304,6853,0,1
4,SendPayment,1764751746.844168,7797,0,1
1,Amalgamate,1764751746.851978,6728,0,1
6,WriteCheck,1764751746.858717,6668,0,1
1,Amalgamate,1764751746.865394,6573,0,1
2,Balance,1764751746.875267,969,0,1
3,DepositChecking,1764751746.885291,7080,0,1
1,Amalgamate,1764751746.895342,9985,0,1
3,DepositChecking,1764751746.905338,8513,0,1
4,SendPayment,1764751746.915313,8389,0,1
1,Amalgamate,1764751746.925331,9081,0,1
4,SendPayment,1764751746.935409,8417,0,1
2,Balance,1764751746.945399,5411,0,1
4,SendPayment,1764751746.955381,10751,0,1
6,WriteCheck,1764751746.966146,8293,0,1
6,WriteCheck,1764751746.975386,10026,0,1
1,Amalgamate,1764751746.985428,7803,0,1
3,DepositChecking,1764751746.995327,7873,0,1
2,Balance,1764751747.005387,5541,0,1
2,Balance,1764751747.015389,1442,0,1
3,DepositChecking,1764751747.025387,9310,0,1
4,SendPayment,1764751747.035286,8022,0,1
4,SendPayment,1764751747.045339,9045,0,1
1,Amalgamate,1764751747.055281,8175,0,1
2,Balance,1764751747.065329,1212,0,1
3,DepositChecking,1764751747.075351,8423,0,1
3,DepositChecking,1764751747.085624,8768,0,1
6,WriteCheck,1764751747.095563,8543,0,1
5,TransactSavings,1764751747.105306,9233,0,1
4,SendPayment,1764751747.115638,8826,0,1
6,WriteCheck,1764751747.125333,8394,0,1
6,WriteCheck,1764751747.135327,7315,0,1
2,Balance,1764751747.145322,1144,0,1
1,Amalgamate,1764751747.155434,9524,0,1
6,WriteCheck,1764751747.165304,9667,0,1
4,SendPayment,1764751747.175287,10018,0,1
5,TransactSavings,1764751747.185321,7400,0,1
4,SendPayment,1764751747.195290,8688,0,1
1,Amalgamate,1764751747.205280,10052,0,1
2,Balance,1764751747.215344,5472,0,1
6,WriteCheck,1764751747.225301,8152,0,1
4,SendPayment,1764751747.235418,8684,0,1
1,Amalgamate,1764751747.245299,10239,0,1
6,WriteCheck,1764751747.255554,9022,0,1
6,WriteCheck,1764751747.265601,8279,0,1
4,SendPayment,1764751747.275387,7304,0,1
1,Amalgamate,1764751747.285287,7915,0,1
4,SendPayment,1764751747.295342,9914,0,1
4,SendPayment,1764751747.305291,8733,0,1
4,SendPayment,1764751747.315316,8222,0,1
3,DepositChecking,1764751747.325439,7146,0,1
1,Amalgamate,1764751747.335321,8566,0,1
2,Balance,1764751747.345296,1077,0,1
4,SendPayment,1764751747.355386,8003,0,1
6,WriteCheck,1764751747.365383,9240,0,1
1,Amalgamate,1764751747.375334,8091,0,1
5,TransactSavings,1764751747.385706,7375,0,1
3,DepositChecking,1764751747.395336,8801,0,1
5,TransactSavings,1764751747.405357,7637,0,1
4,SendPayment,1764751747.415340,8308,0,1
2,Balance,1764751747.425355,6886,0,1
3,DepositChecking,1764751747.435393,7672,0,1
3,DepositChecking,1764751747.445383,8535,0,1
1,Amalgamate,1764751747.455361,7302,0,1
1,Amalgamate,1764751747.465360,10679,0,1
4,SendPayment,1764751747.476066,7310,0,1
2,Balance,1764751747.485393,6016,0,1
6,WriteCheck,1764751747.495376,9472,0,1
6,WriteCheck,1764751747.505342,7097,0,1
1,Amalgamate,1764751747.515449,11870,0,1
5,TransactSavings,1764751747.527335,7462,0,1
6,WriteCheck,1764751747.535300,7282,0,1
3,DepositChecking,1764751747.545426,9462,0,1
2,Balance,1764751747.555392,1145,0,1
6,WriteCheck,1764751747.565341,8856,0,1
4,SendPayment,1764751747.575309,9085,0,1
4,SendPayment,1764751747.585342,7566,0,1
3,DepositChecking,1764751747.595336,11426,0,1
5,TransactSavings,1764751747.606793,7670,0,1
5,TransactSavings,1764751747.615423,9823,0,1
3,DepositChecking,1764751747.625322,7479,0,1
2,Balance,1764751747.635355,7453,0,1
2,Balance,1764751747.645401,1121,0,1
3,DepositChecking,1764751747.655383,6895,0,1
5,TransactSavings,1764751747.665419,9162,0,1
6,WriteCheck,1764751747.675389,7383,0,1
4,SendPayment,1764751747.685370,9014,0,1
4,SendPayment,1764751747.695287,7895,0,1
3,DepositChecking,1764751747.705342,8083,0,1
6,WriteCheck,1764751747.715351,8015,0,1
4,SendPayment,1764751747.725257,7967,0,1
5,TransactSavings,1764751747.735270,7414,0,1
6,WriteCheck,1764751747.745363,7057,0,1
4,SendPayment,1764751747.755391,6844,0,1
1,Amalgamate,1764751747.765271,6612,0,1
5,TransactSavings,1764751747.775274,6373,0,1
2,Balance,1764751747.785346,872,0,1
3,DepositChecking,1764751747.795409,6596,0,1
1,Amalgamate,1764751747.805278,8000,0,1
4,SendPayment,1764751747.815273,7040,0,1
2,Balance,1764751747.825303,4915,0,1
5,TransactSavings,1764751747.835302,8917,0,1
4,SendPayment,1764751747.845268,7172,0,1
5,TransactSavings,1764751747.855379,7037,0,1
2,Balance,1764751747.865495,7899,0,1
5,TransactSavings,1764751747.875318,8184,0,1
4,SendPayment,1764751747.885317,6918,0,1
3,DepositChecking,1764751747.895252,6977,0,1
5,TransactSavings,1764751747.905325,8128,0,1
4,SendPayment,1764751747.915368,7092,0,1
5,TransactSavings,1764751747.925506,7755,0,1
5,TransactSavings,1764751747.935376,6535,0,1
2,Balance,1764751747.945269,936,0,1
3,DepositChecking,1764751747.955256,8038,0,1
3,DepositChecking,1764751747.965267,6733,0,1
4,SendPayment,1764751747.975287,10430,0,1
4,SendPayment,1764751747.985727,15936,0,1
1,Amalgamate,1764751748.001673,70911,0,1
4,SendPayment,1764751748.072598,7763,0,1
6,WriteCheck,1764751748.080370,9001,0,1
2,Balance,1764751748.089381,5228,0,1
2,Balance,1764751748.094616,6362,0,1
4,SendPayment,1764751748.100987,7121,0,1
6,WriteCheck,1764751748.108117,7152,0,1
4,SendPayment,1764751748.115278,7103,0,1
5,TransactSavings,1764751748.122390,8640,0,1
2,Balance,1764751748.131042,761,0,1
1,Amalgamate,1764751748.131806,19207,0,1
2,Balance,1764751748.151022,63114,0,1
6,WriteCheck,1764751748.214153,7841,0,1
4,SendPayment,1764751748.222006,7843,0,1
2,Balance,1764751748.229858,5289,0,1
1,Amalgamate,1764751748.235155,7313,0,1
1,Amalgamate,1764751748.242476,7665,0,1
6,WriteCheck,1764751748.250149,7738,0,1
2,Balance,1764751748.257896,4931,0,1
5,TransactSavings,1764751748.262834,6560,0,1
6,WriteCheck,1764751748.269403,7094,0,1
1,Amalgamate,1764751748.276505,9785,0,1
3,DepositChecking,1764751748.286303,6847,0,1
4,SendPayment,1764751748.293197,9550,0,1
5,TransactSavings,1764751748.302773,9158,0,1
4,SendPayment,1764751748.311950,6652,0,1
6,WriteCheck,1764751748.318617,7086,0,1
1,Amalgamate,1764751748.325710,9293,0,1
1,Amalgamate,1764751748.335009,9094,0,1
4,SendPayment,1764751748.344112,7522,0,1
3,DepositChecking,1764751748.351644,7826,0,1
5,TransactSavings,1764751748.359478,7969,0,1
4,SendPayment,1764751748.367454,7980,0,1
1,Amalgamate,1764751748.375440,9393,0,1
2,Balance,1764751748.384844,5005,0,1
4,SendPayment,1764751748.389855,7918,0,1
5,TransactSavings,1764751748.397780,9321,0,1
3,DepositChecking,1764751748.407119,9344,0,1
3,DepositChecking,1764751748.416475,6648,0,1
3,DepositChecking,1764751748.423131,6096,0,1
6,WriteCheck,1764751748.429233,8259,0,1
6,WriteCheck,1764751748.437504,6537,0,1
1,Amalgamate,1764751748.444050,7304,0,1
4,SendPayment,1764751748.451360,6467,0,1
6,WriteCheck,1764751748.457833,7935,0,1
5,TransactSavings,1764751748.465779,9938,0,1
6,WriteCheck,1764751748.475732,8490,0,1
2,Balance,1764751748.484321,942,0,1
2,Balance,1764751748.485269,866,0,1
5,TransactSavings,1764751748.486142,9328,0,1
1,Amalgamate,1764751748.495483,8658,0,1
6,WriteCheck,1764751748.505346,9220,0,1
3,DepositChecking,1764751748.515291,6744,0,1
4,SendPayment,1764751748.525521,10725,0,1
5,TransactSavings,1764751748.536262,8271,0,1
4,SendPayment,1764751748.545292,14303,0,1
2,Balance,1764751748.559613,1185,0,1
6,WriteCheck,1764751748.565328,9607,0,1
4,SendPayment,1764751748.575273,6554,0,1
2,Balance,1764751748.585316,764,0,1
4,SendPayment,1764751748.595426,8483,0,1
3,DepositChecking,1764751748.605290,63439,0,1
2,Balance,1764751748.668743,1077,0,1
4,SendPayment,1764751748.669829,75386,0,1
5,TransactSavings,1764751748.745231,9591,0,1
4,SendPayment,1764751748.754840,13562,0,1
4,SendPayment,1764751748.768419,11512,0,1
2,Balance,1764751748.779952,6895,0,1
5,TransactSavings,1764751748.786859,7555,0,1
3,DepositChecking,1764751748.794431,7244,0,1
2,Balance,1764751748.801689,5016,0,1
4,SendPayment,1764751748.806715,8423,0,1
2,Balance,1764751748.815153,836,0,1
3,DepositChecking,1764751748.815997,6441,0,1
2,Balance,1764751748.822452,975,0,1
2,Balance,1764751748.823434,6729,0,1
1,Amalgamate,1764751748.830171,8253,0,1
4,SendPayment,1764751748.838431,10705,0,1
3,DepositChecking,1764751748.849149,7534,0,1
3,DepositChecking,1764751748.856691,7804,0,1
2,Balance,1764751748.864502,666,0,1
3,DepositChecking,1764751748.865170,6864,0,1
6,WriteCheck,1764751748.872060,8366,0,1
5,TransactSavings,1764751748.880438,6691,0,1
1,Amalgamate,1764751748.887140,7463,0,1
4,SendPayment,1764751748.894612,8988,0,1
3,DepositChecking,1764751748.903610,7428,0,1
1,Amalgamate,1764751748.911047,7729,0,1
1,Amalgamate,1764751748.918782,8264,0,1
4,SendPayment,1764751748.927054,6902,0,1
1,Amalgamate,1764751748.933964,7837,0,1
5,TransactSavings,1764751748.941811,8000,0,1
6,WriteCheck,1764751748.949819,7974,0,1
5,TransactSavings,1764751748.957800,8083,0,1
3,DepositChecking,1764751748.965890,6626,0,1
4,SendPayment,1764751748.972525,7441,0,1
3,DepositChecking,1764751748.979973,6510,0,1
2,Balance,1764751748.986489,616,0,1
3,DepositChecking,1764751748.987107,7278,0,1
5,TransactSavings,1764751748.994390,7024,0,1
1,Amalgamate,1764751749.001422,7059,0,1
4,SendPayment,1764751749.008488,8414,0,1
4,SendPayment,1764751749.016911,7242,0,1
5,TransactSavings,1764751749.025255,7895,0,1
4,SendPayment,1764751749.035328,7102,0,1
4,SendPayment,1764751749.045315,6883,0,1
2,Balance,1764751749.055439,805,0,1
6,WriteCheck,1764751749.065296,7049,0,1
3,DepositChecking,1764751749.075306,6797,0,1
2,Balance,1764751749.085286,814,0,1
2,Balance,1764751749.095259,839,0,1
4,SendPayment,1764751749.105285,7799,0,1
4,SendPayment,1764751749.115398,7140,0,1
1,Amalgamate,1764751749.125262,7175,0,1
3,DepositChecking,1764751749.135522,6927,0,1
1,Amalgamate,1764751749.145345,7045,0,1
3,DepositChecking,1764751749.155301,6748,0,1
4,SendPayment,1764751749.165896,7470,0,1
3,DepositChecking,1764751749.175502,7285,0,1
1,Amalgamate,1764751749.185317,7499,0,1
1,Amalgamate,1764751749.195284,7321,0,1
6,WriteCheck,1764751749.205417,7175,0,1
1,Amalgamate,1764751749.215276,8878,0,1
4,SendPayment,1764751749.225252,7159,0,1
4,SendPayment,1764751749.235302,8081,0,1
3,DepositChecking,1764751749.245335,6775,0,1
5,TransactSavings,1764751749.255360,8666,0,1
2,Balance,1764751749.265268,5239,0,1
4,SendPayment,1764751749.275284,11765,0,1
3,DepositChecking,1764751749.287062,59847,0,1
3,DepositChecking,1764751749.346923,8939,0,1
6,WriteCheck,1764751749.355876,7675,0,1
6,WriteCheck,1764751749.363578,10055,0,1
3,DepositChecking,1764751749.373655,8297,0,1
5,TransactSavings,1764751749.381990,9703,0,1
2,Balance,1764751749.391715,7602,0,1
4,SendPayment,1764751749.399338,7741,0,1
5,TransactSavings,1764751749.407104,10020,0,1
6,WriteCheck,1764751749.417144,7836,0,1
2,Balance,1764751749.425004,5818,0,1
4,SendPayment,1764751749.430847,8132,0,1
4,SendPayment,1764751749.439002,8014,0,1
1,Amalgamate,1764751749.447035,8734,0,1
4,SendPayment,1764751749.455785,7577,0,1
3,DepositChecking,1764751749.463387,9332,0,1
5,TransactSavings,1764751749.472741,7527,0,1
3,DepositChecking,1764751749.480358,10979,0,1
1,Amalgamate,1764751749.491354,11794,0,1
4,SendPayment,1764751749.503168,9900,0,1
2,Balance,1764751749.513088,6229,0,1
5,TransactSavings,1764751749.519332,7915,0,1
1,Amalgamate,1764751749.527262,9117,0,1
2,Balance,1764751749.536394,5201,0,1
5,TransactSavings,1764751749.541613,9115,0,1
4,SendPayment,1764751749.550748,7624,0,1
4,SendPayment,1764751749.558390,6988,0,1
6,WriteCheck,1764751749.565388,8740,0,1
6,WriteCheck,1764751749.574146,8280,0,1
2,Balance,1764751749.582444,5998,0,1
6,WriteCheck,1764751749.588458,7669,0,1
2,Balance,1764751749.596143,989,0,1
4,SendPayment,1764751749.605364,10363,0,1
5,TransactSavings,1764751749.615740,7963,0,1
1,Amalgamate,1764751749.625369,8506,0,1
4,SendPayment,1764751749.635310,8799,0,1
1,Amalgamate,1764751749.645358,7736,0,1
4,SendPayment,1764751749.655306,7923,0,1
3,DepositChecking,1764751749.665339,7471,0,1
2,Balance,1764751749.675375,5482,0,1
1,Amalgamate,1764751749.685453,8515,0,1
6,WriteCheck,1764751749.695352,7522,0,1
4,SendPayment,1764751749.705289,9698,0,1
2,Balance,1764751749.715385,5457,0,1
4,SendPayment,1764751749.725311,8301,0,1
1,Amalgamate,1764751749.735387,7989,0,1
2,Balance,1764751749.745397,6876,0,1
2,Balance,1764751749.755313,5869,0,1
1,Amalgamate,1764751749.765325,7713,0,1
4,SendPayment,1764751749.775306,7248,0,1
4,SendPayment,1764751749.785351,8309,0,1
1,Amalgamate,1764751749.795345,7904,0,1
5,TransactSavings,1764751749.805309,8887,0,1
3,DepositChecking,1764751749.815299,5536,0,1
4,SendPayment,1764751749.825321,8070,0,1
4,SendPayment,1764751749.835339,8284,0,1
2,Balance,1764751749.845334,2060,0,1
2,Balance,1764751749.855362,1403,0,1
1,Amalgamate,1764751749.865384,12256,0,1
6,WriteCheck,1764751749.877675,10771,0,1
1,Amalgamate,1764751749.888464,10875,0,1
4,SendPayment,1764751749.899361,11811,0,1
2,Balance,1764751749.911197,5608,0,1
3,DepositChecking,1764751749.916824,7432,0,1
2,Balance,1764751749.925349,5966,0,1
6,WriteCheck,1764751749.935344,11589,0,1
3,DepositChecking,1764751749.946952,8638,0,1
3,DepositChecking,1764751749.955613,10713,0,1
6,WriteCheck,1764751749.966346,11328,0,1
6,WriteCheck,1764751749.977692,9014,0,1
5,TransactSavings,1764751749.986732,9851,0,1
4,SendPayment,1764751749.996598,7705,0,1
1,Amalgamate,1764751750.005298,8660,0,1
3,DepositChecking,1764751750.015324,8335,0,1
5,TransactSavings,1764751750.025322,9318,0,1
6,WriteCheck,1764751750.035418,9070,0,1
4,SendPayment,1764751750.045337,11093,0,1
3,DepositChecking,1764751750.056447,11499,0,1
1,Amalgamate,1764751750.067967,11274,0,1
4,SendPayment,1764751750.079263,64333,0,1
4,SendPayment,1764751750.143626,9323,0,1
1,Amalgamate,1764751750.152980,12288,0,1
2,Balance,1764751750.165284,63880,0,1
1,Amalgamate,1764751750.229202,62434,0,1
1,Amalgamate,1764751750.291657,13405,0,1
5,TransactSavings,1764751750.305099,18500,0,1
1,Amalgamate,1764751750.323634,18411,0,1
4,SendPayment,1764751750.342085,8072,0,1
6,WriteCheck,1764751750.350190,7144,0,1
2,Balance,1764751750.357350,833,0,1
4,SendPayment,1764751750.358186,7001,0,1
5,TransactSavings,1764751750.365215,8928,0,1
1,Amalgamate,1764751750.374168,8268,0,1
6,WriteCheck,1764751750.382463,7421,0,1
2,Balance,1764751750.389915,1211,0,1
4,SendPayment,1764751750.391148,10542,0,1
3,DepositChecking,1764751750.401728,9586,0,1
1,Amalgamate,1764751750.411335,7805,0,1
2,Balance,1764751750.419152,744,0,1
6,WriteCheck,1764751750.419903,11394,0,1
4,SendPayment,1764751750.431315,7391,0,1
1,Amalgamate,1764751750.438719,7626,0,1
1,Amalgamate,1764751750.446360,7715,0,1
3,DepositChecking,1764751750.454086,7113,0,1
2,Balance,1764751750.461209,4855,0,1
6,WriteCheck,1764751750.466077,6786,0,1
5,TransactSavings,1764751750.472871,6785,0,1
4,SendPayment,1764751750.479664,7672,0,1
6,WriteCheck,1764751750.487350,6954,0,1
5,TransactSavings,1764751750.494322,9642,0,1
6,WriteCheck,1764751750.503990,6984,0,1
5,TransactSavings,1764751750.510991,6704,0,1
4,SendPayment,1764751750.517709,12123,0,1
5,TransactSavings,1764751750.529852,11915,0,1
4,SendPayment,1764751750.541788,13572,0,1
4,SendPayment,1764751750.555375,7056,0,1
6,WriteCheck,1764751750.562448,9050,0,1
2,Balance,1764751750.571510,4996,0,1
6,WriteCheck,1764751750.576518,8920,0,1
4,SendPayment,1764751750.585454,8011,0,1
3,DepositChecking,1764751750.593480,7468,0,1
6,WriteCheck,1764751750.600960,7967,0,1
6,WriteCheck,1764751750.608943,8867,0,1
4,SendPayment,1764751750.617824,8578,0,1
3,DepositChecking,1764751750.626412,7289,0,1
6,WriteCheck,1764751750.633711,8698,0,1
1,Amalgamate,1764751750.642419,6511,0,1
4,SendPayment,1764751750.648941,6719,0,1
1,Amalgamate,1764751750.655670,7358,0,1
4,SendPayment,1764751750.663039,6461,0,1
2,Balance,1764751750.669508,754,0,1
5,TransactSavings,1764751750.670270,8741,0,1
1,Amalgamate,1764751750.679022,8614,0,1
6,WriteCheck,1764751750.687647,6886,0,1
4,SendPayment,1764751750.694544,6777,0,1
2,Balance,1764751750.701335,5063,0,1
3,DepositChecking,1764751750.706407,6369,0,1
3,DepositChecking,1764751750.712787,8630,0,1
1,Amalgamate,1764751750.721429,9511,0,1
6,WriteCheck,1764751750.730949,6399,0,1
4,SendPayment,1764751750.737358,7487,0,1
2,Balance,1764751750.744862,1053,0,1
4,SendPayment,1764751750.745920,6819,0,1
6,WriteCheck,1764751750.752751,9167,0,1
1,Amalgamate,1764751750.761929,62720,0,1
3,DepositChecking,1764751750.824668,12640,0,1
5,TransactSavings,1764751750.837320,114700,0,1
5,TransactSavings,1764751750.952033,8832,0,1
4,SendPayment,1764751750.960876,7703,0,1
4,SendPayment,1764751750.968590,7064,0,1
1,Amalgamate,1764751750.975660,7236,0,1
3,DepositChecking,1764751750.982904,8599,0,1
3,DepositChecking,1764751750.991514,6707,0,1
1,Amalgamate,1764751750.998233,6945,0,1
4,SendPayment,1764751751.005187,9248,0,1
1,Amalgamate,1764751751.014444,7357,0,1
4,SendPayment,1764751751.021816,7603,0,1
3,DepositChecking,1764751751.029431,8796,0,1
1,Amalgamate,1764751751.038237,6988,0,1
3,DepositChecking,1764751751.045234,9344,0,1
5,TransactSavings,1764751751.054591,7639,0,1
1,Amalgamate,1764751751.062242,7553,0,1
3,DepositChecking,1764751751.069803,6556,0,1
3,DepositChecking,1764751751.076366,8745,0,1
6,WriteCheck,1764751751.085125,8075,0,1
3,DepositChecking,1764751751.093216,7135,0,1
5,TransactSavings,1764751751.100359,6598,0,1
3,DepositChecking,1764751751.106963,8263,0,1
1,Amalgamate,1764751751.115234,7866,0,1
6,WriteCheck,1764751751.123110,7499,0,1
4,SendPayment,1764751751.130616,6726,0,1
5,TransactSavings,1764751751.137348,7504,0,1
3,DepositChecking,1764751751.144864,7306,0,1
3,DepositChecking,1764751751.152181,6858,0,1
3,DepositChecking,1764751751.159048,6501,0,1
1,Amalgamate,1764751751.165556,10063,0,1
2,Balance,1764751751.175627,6296,0,1
4,SendPayment,1764751751.181936,7819,0,1
3,DepositChecking,1764751751.189768,8502,0,1
6,WriteCheck,1764751751.198280,7667,0,1
4,SendPayment,1764751751.205956,7068,0,1
1,Amalgamate,1764751751.213031,7165,0,1
4,SendPayment,1764751751.220202,6904,0,1
4,SendPayment,1764751751.227113,9038,0,1
4,SendPayment,1764751751.236160,7964,0,1
3,DepositChecking,1764751751.244133,7004,0,1
4,SendPayment,1764751751.251159,7460,0,1
2,Balance,1764751751.258628,4768,0,1
5,TransactSavings,1764751751.263405,9322,0,1
6,WriteCheck,1764751751.272739,7804,0,1
1,Amalgamate,1764751751.280557,7734,0,1
3,DepositChecking,1764751751.288305,7081,0,1
6,WriteCheck,1764751751.295404,8551,0,1
3,DepositChecking,1764751751.303971,7048,0,1
5,TransactSavings,1764751751.311030,6987,0,1
2,Balance,1764751751.318025,798,0,1
5,TransactSavings,1764751751.318839,7106,0,1
1,Amalgamate,1764751751.325951,8542,0,1
5,TransactSavings,1764751751.334505,7146,0,1
5,TransactSavings,1764751751.341662,11715,0,1
3,DepositChecking,1764751751.353395,9048,0,1
5,TransactSavings,1764751751.362468,9888,0,1
5,TransactSavings,1764751751.372378,8313,0,1
6,WriteCheck,1764751751.380707,9140,0,1
4,SendPayment,1764751751.389870,9700,0,1
3,DepositChecking,1764751751.399613,10487,0,1
6,WriteCheck,1764751751.410125,8241,0,1
1,Amalgamate,1764751751.418381,7662,0,1
4,SendPayment,1764751751.426052,8734,0,1
2,Balance,1764751751.434799,749,0,1
3,DepositChecking,1764751751.435551,6890,0,1
1,Amalgamate,1764751751.442450,7453,0,1
1,Amalgamate,1764751751.449912,7955,0,1
1,Amalgamate,1764751751.457881,7658,0,1
2,Balance,1764751751.465551,865,0,1
2,Balance,1764751751.466426,7527,0,1
4,SendPayment,1764751751.473963,7847,0,1
5,TransactSavings,1764751751.481827,9574,0,1
2,Balance,1764751751.491420,4973,0,1
1,Amalgamate,1764751751.496408,8029,0,1
4,SendPayment,1764751751.504457,7903,0,1
4,SendPayment,1764751751.512386,8690,0,1
4,SendPayment,1764751751.521102,8081,0,1
6,WriteCheck,1764751751.529223,9592,0,1
1,Amalgamate,1764751751.538842,8412,0,1
1,Amalgamate,1764751751.547307,8253,0,1
6,WriteCheck,1764751751.555576,7976,0,1
6,WriteCheck,1764751751.563578,9155,0,1
3,DepositChecking,1764751751.572755,10481,0,1
6,WriteCheck,1764751751.583262,8262,0,1
5,TransactSavings,1764751751.591548,7800,0,1
2,Balance,1764751751.599383,5341,0,1
5,TransactSavings,1764751751.605280,10417,0,1
3,DepositChecking,1764751751.615725,10908,0,1
5,TransactSavings,1764751751.626656,7745,0,1
6,WriteCheck,1764751751.635429,7026,0,1
5,TransactSavings,1764751751.645354,327431,0,1
4,SendPayment,1764751751.972800,9080,0,1
4,SendPayment,1764751751.981888,9460,0,1
3,DepositChecking,1764751751.991359,8793,0,1
5,TransactSavings,1764751752.000162,7310,0,1
4,SendPayment,1764751752.007480,7913,0,1
2,Balance,1764751752.015402,742,0,1
1,Amalgamate,1764751752.016151,11708,0,1
5,TransactSavings,1764751752.027867,8818,0,1
3,DepositChecking,1764751752.036695,10695,0,1
5,TransactSavings,1764751752.047401,7865,0,1
4,SendPayment,1764751752.055272,8144,0,1
6,WriteCheck,1764751752.063424,6955,0,1
3,DepositChecking,1764751752.070386,8122,0,1
6,WriteCheck,1764751752.078525,8405,0,1
6,WriteCheck,1764751752.086940,7321,0,1
6,WriteCheck,1764751752.094272,6842,0,1
4,SendPayment,1764751752.101121,8158,0,1
5,TransactSavings,1764751752.109290,8957,0,1
6,WriteCheck,1764751752.118260,8168,0,1
6,WriteCheck,1764751752.126441,7939,0,1
3,DepositChecking,1764751752.134392,7043,0,1
3,DepositChecking,1764751752.141452,7889,0,1
4,SendPayment,1764751752.149362,7620,0,1
5,TransactSavings,1764751752.156991,6969,0,1
4,SendPayment,1764751752.163970,9629,0,1
6,WriteCheck,1764751752.173615,8561,0,1
4,SendPayment,1764751752.182192,9987,0,1
4,SendPayment,1764751752.192195,7877,0,1
5,TransactSavings,1764751752.200084,8129,0,1
6,WriteCheck,1764751752.208224,8548,0,1
4,SendPayment,1764751752.216784,7842,0,1
3,DepositChecking,1764751752.224641,7535,0,1
3,DepositChecking,1764751752.232193,8070,0,1
4,SendPayment,1764751752.240273,7211,0,1
1,Amalgamate,1764751752.247499,8448,0,1
4,SendPayment,1764751752.255961,7577,0,1
5,TransactSavings,1764751752.263551,7362,0,1
1,Amalgamate,1764751752.270924,7767,0,1
4,SendPayment,1764751752.278703,7420,0,1
4,SendPayment,1764751752.286134,7018,0,1
5,TransactSavings,1764751752.293161,9092,0,1
1,Amalgamate,1764751752.302265,12262,0,1
4,SendPayment,1764751752.314544,10908,0,1
5,TransactSavings,1764751752.325463,20252,0,1
2,Balance,1764751752.345738,13777,0,1
2,Balance,1764751752.359532,7606,0,1
1,Amalgamate,1764751752.367148,9752,0,1
2,Balance,1764751752.376911,794,0,1
2,Balance,1764751752.377714,5570,0,1
6,WriteCheck,1764751752.383294,7466,0,1
3,DepositChecking,1764751752.390769,7702,0,1
1,Amalgamate,1764751752.398479,9361,0,1
4,SendPayment,1764751752.407852,7273,0,1
2,Balance,1764751752.415137,4688,0,1
1,Amalgamate,1764751752.419834,7393,0,1
2,Balance,1764751752.427235,7161,0,1
3,DepositChecking,1764751752.434407,6867,0,1
3,DepositChecking,1764751752.441286,7410,0,1
2,Balance,1764751752.448706,705,0,1
4,SendPayment,1764751752.449414,6485,0,1
3,DepositChecking,1764751752.455907,8974,0,1
6,WriteCheck,1764751752.464898,11656,0,1
4,SendPayment,1764751752.476568,122343,0,1
4,SendPayment,1764751752.598934,14049,0,1
2,Balance,1764751752.613012,7473,0,1
5,TransactSavings,1764751752.620506,7305,0,1
5,TransactSavings,1764751752.627840,9854,0,1
6,WriteCheck,1764751752.637708,8521,0,1
3,DepositChecking,1764751752.646241,6771,0,1
4,SendPayment,1764751752.653026,8371,0,1
4,SendPayment,1764751752.661412,7615,0,1
1,Amalgamate,1764751752.669039,8192,0,1
3,DepositChecking,1764751752.677242,7847,0,1
1,Amalgamate,1764751752.685108,7566,0,1
4,SendPayment,1764751752.692688,7958,0,1
4,SendPayment,1764751752.700657,6894,0,1
3,DepositChecking,1764751752.707565,6468,0,1
2,Balance,1764751752.714044,4734,0,1
4,SendPayment,1764751752.718792,6554,0,1
3,DepositChecking,1764751752.725358,6652,0,1
6,WriteCheck,1764751752.732024,9540,0,1
4,SendPayment,1764751752.741605,7186,0,1
5,TransactSavings,1764751752.748804,6409,0,1
5,TransactSavings,1764751752.755232,7619,0,1
5,TransactSavings,1764751752.762865,6498,0,1
1,Amalgamate,1764751752.769375,7320,0,1
6,WriteCheck,1764751752.776711,6649,0,1
4,SendPayment,1764751752.783378,9296,0,1
1,Amalgamate,1764751752.792691,7272,0,1
3,DepositChecking,1764751752.799977,8022,0,1
6,WriteCheck,1764751752.808015,7125,0,1
1,Amalgamate,1764751752.815160,8062,0,1
1,Amalgamate,1764751752.823240,7857,0,1
3,DepositChecking,1764751752.831113,7081,0,1
3,DepositChecking,1764751752.838209,7302,0,1
5,TransactSavings,1764751752.845522,8958,0,1
2,Balance,1764751752.854499,5248,0,1
4,SendPayment,1764751752.859762,7602,0,1
2,Balance,1764751752.867377,1013,0,1
2,Balance,1764751752.868400,4889,0,1
5,TransactSavings,1764751752.873299,6991,0,1
3,DepositChecking,1764751752.880308,9441,0,1
1,Amalgamate,1764751752.889767,7676,0,1
4,SendPayment,1764751752.897456,6760,0,1
4,SendPayment,1764751752.904233,6434,0,1
4,SendPayment,1764751752.910686,7455,0,1
5,TransactSavings,1764751752.918156,60595,0,1
5,TransactSavings,1764751752.978764,13014,0,1
5,TransactSavings,1764751752.991792,120288,0,1
4,SendPayment,1764751753.112097,7794,0,1
4,SendPayment,1764751753.119902,7307,0,1
1,Amalgamate,1764751753.127218,6532,0,1
5,TransactSavings,1764751753.133762,8171,0,1
3,DepositChecking,1764751753.141945,9106,0,1
1,Amalgamate,1764751753.151060,7072,0,1
3,DepositChecking,1764751753.158139,7685,0,1
5,TransactSavings,1764751753.165834,7145,0,1
3,DepositChecking,1764751753.172993,7344,0,1
4,SendPayment,1764751753.180348,8576,0,1
2,Balance,1764751753.188938,720,0,1
3,DepositChecking,1764751753.189661,6930,0,1
5,TransactSavings,1764751753.196602,8770,0,1
6,WriteCheck,1764751753.205382,8637,0,1
1,Amalgamate,1764751753.214027,7720,0,1
3,DepositChecking,1764751753.221760,6973,0,1
4,SendPayment,1764751753.228744,7131,0,1
1,Amalgamate,1764751753.235884,7672,0,1
4,SendPayment,1764751753.243564,6986,0,1
6,WriteCheck,1764751753.250561,7331,0,1
1,Amalgamate,1764751753.257901,6767,0,1
4,SendPayment,1764751753.264679,6945,0,1
2,Balance,1764751753.271631,626,0,1
1,Amalgamate,1764751753.272260,6871,0,1
4,SendPayment,1764751753.279138,8835,0,1
4,SendPayment,1764751753.287983,7559,0,1
4,SendPayment,1764751753.295554,6774,0,1
1,Amalgamate,1764751753.302338,7184,0,1
6,WriteCheck,1764751753.309529,7490,0,1
4,SendPayment,1764751753.317030,7731,0,1
6,WriteCheck,1764751753.324777,7966,0,1
6,WriteCheck,1764751753.332754,7566,0,1
6,WriteCheck,1764751753.340330,8058,0,1
3,DepositChecking,1764751753.348398,7186,0,1
4,SendPayment,1764751753.355593,6798,0,1
4,SendPayment,1764751753.362403,7082,0,1
6,WriteCheck,1764751753.369494,7295,0,1
6,WriteCheck,1764751753.376798,8694,0,1
6,WriteCheck,1764751753.385502,7626,0,1
4,SendPayment,1764751753.393137,8213,0,1
4,SendPayment,1764751753.401357,6790,0,1
6,WriteCheck,1764751753.408155,9986,0,1
5,TransactSavings,1764751753.418150,11064,0,1
4,SendPayment,1764751753.429222,10524,0,1
4,SendPayment,1764751753.439755,7424,0,1
3,DepositChecking,1764751753.447188,7650,0,1
4,SendPayment,1764751753.454846,7790,0,1
6,WriteCheck,1764751753.462643,9790,0,1
6,WriteCheck,1764751753.472447,7296,0,1
6,WriteCheck,1764751753.479758,6354,0,1
1,Amalgamate,1764751753.486122,6444,0,1
1,Amalgamate,1764751753.492577,6953,0,1
4,SendPayment,1764751753.499544,9774,0,1
4,SendPayment,1764751753.509331,8787,0,1
4,SendPayment,1764751753.518130,6292,0,1
1,Amalgamate,1764751753.524434,8559,0,1
2,Balance,1764751753.533006,5087,0,1
4,SendPayment,1764751753.538105,6453,0,1
2,Balance,1764751753.544570,4324,0,1
4,SendPayment,1764751753.548905,6615,0,1
6,WriteCheck,1764751753.555532,6562,0,1
3,DepositChecking,1764751753.562107,6838,0,1
6,WriteCheck,1764751753.568955,6919,0,1
5,TransactSavings,1764751753.575882,6721,0,1
6,WriteCheck,1764751753.582614,8353,0,1
4,SendPayment,1764751753.590982,7646,0,1
1,Amalgamate,1764751753.598638,6834,0,1
6,WriteCheck,1764751753.605483,6643,0,1
1,Amalgamate,1764751753.612135,6668,0,1
4,SendPayment,1764751753.618818,6643,0,1
3,DepositChecking,1764751753.625471,6197,0,1
5,TransactSavings,1764751753.631683,8587,0,1
3,DepositChecking,1764751753.640284,6953,0,1
3,DepositChecking,1764751753.647250,6493,0,1
4,SendPayment,1764751753.653760,10405,0,1
4,SendPayment,1764751753.664185,10002,0,1
6,WriteCheck,1764751753.674203,7906,0,1
6,WriteCheck,1764751753.682128,6797,0,1
5,TransactSavings,1764751753.688940,7604,0,1
3,DepositChecking,1764751753.696558,7069,0,1
6,WriteCheck,1764751753.703683,7790,0,1
3,DepositChecking,1764751753.711494,8027,0,1
4,SendPayment,1764751753.719539,8026,0,1
4,SendPayment,1764751753.727581,8458,0,1
2,Balance,1764751753.736052,4941,0,1
2,Balance,1764751753.741007,4809,0,1
5,TransactSavings,1764751753.745826,6846,0,1
6,WriteCheck,1764751753.752682,8424,0,1
2,Balance,1764751753.761115,838,0,1
3,DepositChecking,1764751753.761957,8827,0,1
4,SendPayment,1764751753.770797,7885,0,1
5,TransactSavings,1764751753.778691,6781,0,1
4,SendPayment,1764751753.785481,7151,0,1
6,WriteCheck,1764751753.792650,7880,0,1
5,TransactSavings,1764751753.800545,7526,0,1
4,SendPayment,1764751753.808085,9235,0,1
3,DepositChecking,1764751753.817338,9669,0,1
5,TransactSavings,1764751753.827030,6840,0,1
2,Balance,1764751753.833888,5181,0,1
1,Amalgamate,1764751753.839084,7550,0,1
4,SendPayment,1764751753.846648,8819,0,1
2,Balance,1764751753.855482,4824,0,1
3,DepositChecking,1764751753.860323,9478,0,1
4,SendPayment,1764751753.869818,8601,0,1
6,WriteCheck,1764751753.878433,8888,0,1
6,WriteCheck,1764751753.887334,8475,0,1
2,Balance,1764751753.895819,8541,0,1
1,Amalgamate,1764751753.904374,7989,0,1
1,Amalgamate,1764751753.912375,8176,0,1
4,SendPayment,1764751753.920565,10619,0,1
4,SendPayment,1764751753.931201,8112,0,1
5,TransactSavings,1764751753.939330,10449,0,1
3,DepositChecking,1764751753.949795,8903,0,1
1,Amalgamate,1764751753.958713,7460,0,1
6,WriteCheck,1764751753.966213,7552,0,1
4,SendPayment,1764751753.973786,6997,0,1
5,TransactSavings,1764751753.980825,8189,0,1
4,SendPayment,1764751753.989023,7614,0,1
4,SendPayment,1764751753.996644,8294,0,1
6,WriteCheck,1764751754.004947,10691,0,1
2,Balance,1764751754.015648,8723,0,1
5,TransactSavings,1764751754.024380,8288,0,1
4,SendPayment,1764751754.032679,7352,0,1
4,SendPayment,1764751754.040039,8737,0,1
3,DepositChecking,1764751754.048784,9386,0,1
2,Balance,1764751754.058178,733,0,1
4,SendPayment,1764751754.058914,9311,0,1
2,Balance,1764751754.068233,4915,0,1
1,Amalgamate,1764751754.073157,8258,0,1
3,DepositChecking,1764751754.081425,7795,0,1
5,TransactSavings,1764751754.089235,8969,0,1
4,SendPayment,1764751754.098213,9227,0,1
5,TransactSavings,1764751754.107450,9770,0,1
4,SendPayment,1764751754.117227,6771,0,1
4,SendPayment,1764751754.124021,11134,0,1
6,WriteCheck,1764751754.135168,7704,0,1
4,SendPayment,1764751754.142879,6869,0,1
4,SendPayment,1764751754.149755,7346,0,1
1,Amalgamate,1764751754.157107,7392,0,1
6,WriteCheck,1764751754.164506,23530,0,1
6,WriteCheck,1764751754.188052,21212,0,1
2,Balance,1764751754.209280,8020,0,1
3,DepositChecking,1764751754.217326,7784,0,1
6,WriteCheck,1764751754.225119,10187,0,1
6,WriteCheck,1764751754.235318,8129,0,1
2,Balance,1764751754.243461,767,0,1
4,SendPayment,1764751754.244234,8853,0,1
4,SendPayment,1764751754.253096,8003,0,1
5,TransactSavings,1764751754.261116,8291,0,1
1,Amalgamate,1764751754.269419,9777,0,1
3,DepositChecking,1764751754.279207,6494,0,1
6,WriteCheck,1764751754.285709,8504,0,1
5,TransactSavings,1764751754.294230,7982,0,1
6,WriteCheck,1764751754.302225,8024,0,1
1,Amalgamate,1764751754.310258,7760,0,1
5,TransactSavings,1764751754.318026,6456,0,1
4,SendPayment,1764751754.324493,8870,0,1
5,TransactSavings,1764751754.333375,8649,0,1
4,SendPayment,1764751754.342033,8357,0,1
1,Amalgamate,1764751754.350399,7557,0,1
5,TransactSavings,1764751754.357966,7584,0,1
6,WriteCheck,1764751754.365560,11417,0,1
1,Amalgamate,1764751754.376989,6880,0,1
5,TransactSavings,1764751754.383879,9745,0,1
1,Amalgamate,1764751754.393634,8969,0,1
4,SendPayment,1764751754.402614,7239,0,1
1,Amalgamate,1764751754.409862,6904,0,1
2,Balance,1764751754.416779,4682,0,1
3,DepositChecking,1764751754.425650,7256,0,1
4,SendPayment,1764751754.435279,7146,0,1
3,DepositChecking,1764751754.445337,8123,0,1
5,TransactSavings,1764751754.455280,7555,0,1
2,Balance,1764751754.465229,979,0,1
4,SendPayment,1764751754.475388,68940,0,1
3,DepositChecking,1764751754.544349,18393,0,1
1,Amalgamate,1764751754.562760,8281,0,1
4,SendPayment,1764751754.571060,6806,0,1
4,SendPayment,1764751754.577879,7529,0,1
3,DepositChecking,1764751754.585422,6311,0,1
4,SendPayment,1764751754.591742,6637,0,1
2,Balance,1764751754.598388,6580,0,1
4,SendPayment,1764751754.604982,8564,0,1
6,WriteCheck,1764751754.613564,7863,0,1
4,SendPayment,1764751754.621441,67695,0,1
4,SendPayment,1764751754.689152,12333,0,1
6,WriteCheck,1764751754.701502,8922,0,1
6,WriteCheck,1764751754.710440,7052,0,1
2,Balance,1764751754.717505,4759,0,1
6,WriteCheck,1764751754.722273,6341,0,1
6,WriteCheck,1764751754.728625,6373,0,1
2,Balance,1764751754.735011,989,0,1
1,Amalgamate,1764751754.736008,6721,0,1
1,Amalgamate,1764751754.742743,7117,0,1
5,TransactSavings,1764751754.749871,6332,0,1
1,Amalgamate,1764751754.756214,7806,0,1
6,WriteCheck,1764751754.764034,7021,0,1
4,SendPayment,1764751754.771068,6436,0,1
2,Balance,1764751754.777513,7478,0,1
3,DepositChecking,1764751754.785002,10023,0,1
6,WriteCheck,1764751754.795042,6550,0,1
5,TransactSavings,1764751754.801610,6414,0,1
1,Amalgamate,1764751754.808036,6695,0,1
5,TransactSavings,1764751754.814741,6521,0,1
4,SendPayment,1764751754.821279,7506,0,1
5,TransactSavings,1764751754.828800,7681,0,1
6,WriteCheck,1764751754.836492,7632,0,1
1,Amalgamate,1764751754.844135,6894,0,1
3,DepositChecking,1764751754.851038,8562,0,1
1,Amalgamate,1764751754.859611,8180,0,1
4,SendPayment,1764751754.867801,8458,0,1
3,DepositChecking,1764751754.876266,7261,0,1
3,DepositChecking,1764751754.883537,7742,0,1
4,SendPayment,1764751754.891293,6467,0,1
3,DepositChecking,1764751754.897766,7888,0,1
2,Balance,1764751754.905660,810,0,1
1,Amalgamate,1764751754.906476,7900,0,1
3,DepositChecking,1764751754.914390,6531,0,1
4,SendPayment,1764751754.920930,6188,0,1
3,DepositChecking,1764751754.927126,7361,0,1
4,SendPayment,1764751754.935253,6633,0,1
2,Balance,1764751754.945284,912,0,1
2,Balance,1764751754.955283,6062,0,1
2,Balance,1764751754.965323,812,0,1
3,DepositChecking,1764751754.975285,6826,0,1
5,TransactSavings,1764751754.985278,7233,0,1
3,DepositChecking,1764751754.995243,6389,0,1
6,WriteCheck,1764751755.005271,10410,0,1
1,Amalgamate,1764751755.015692,7376,0,1
6,WriteCheck,1764751755.025342,7043,0,1
4,SendPayment,1764751755.035390,9937,0,1
1,Amalgamate,1764751755.045340,9274,0,1
3,DepositChecking,1764751755.055253,6850,0,1
4,SendPayment,1764751755.065434,62173,0,1
2,Balance,1764751755.127620,14035,0,1
1,Amalgamate,1764751755.141664,61074,0,1
6,WriteCheck,1764751755.202752,16622,0,1
4,SendPayment,1764751755.219389,11636,0,1
2,Balance,1764751755.231043,8623,0,1
2,Balance,1764751755.239677,5785,0,1
6,WriteCheck,1764751755.245470,7559,0,1
2,Balance,1764751755.253041,856,0,1
5,TransactSavings,1764751755.253956,6821,0,1
4,SendPayment,1764751755.260898,7601,0,1
4,SendPayment,1764751755.268519,8197,0,1
1,Amalgamate,1764751755.276724,7000,0,1
6,WriteCheck,1764751755.283735,7280,0,1
6,WriteCheck,1764751755.291028,7377,0,1
3,DepositChecking,1764751755.298416,6799,0,1
1,Amalgamate,1764751755.305224,8839,0,1
4,SendPayment,1764751755.314074,6960,0,1
5,TransactSavings,1764751755.321045,7374,0,1
2,Balance,1764751755.328429,781,0,1
1,Amalgamate,1764751755.329213,6614,0,1
5,TransactSavings,1764751755.335835,8358,0,1
1,Amalgamate,1764751755.344205,7860,0,1
6,WriteCheck,1764751755.352079,6752,0,1
6,WriteCheck,1764751755.358843,6974,0,1
1,Amalgamate,1764751755.365825,8606,0,1
4,SendPayment,1764751755.374445,7178,0,1
6,WriteCheck,1764751755.381637,8468,0,1
4,SendPayment,1764751755.390114,7394,0,1
6,WriteCheck,1764751755.397517,7519,0,1
2,Balance,1764751755.405050,1011,0,1
4,SendPayment,1764751755.406067,7185,0,1
3,DepositChecking,1764751755.413262,8010,0,1
2,Balance,1764751755.421280,4445,0,1
3,DepositChecking,1764751755.425732,6585,0,1
5,TransactSavings,1764751755.432324,7084,0,1
4,SendPayment,1764751755.439415,7321,0,1
3,DepositChecking,1764751755.446749,7108,0,1
5,TransactSavings,1764751755.453868,6621,0,1
1,Amalgamate,1764751755.460495,9604,0,1
2,Balance,1764751755.470107,859,0,1
1,Amalgamate,1764751755.475262,8340,0,1
5,TransactSavings,1764751755.485400,7199,0,1
3,DepositChecking,1764751755.495297,6943,0,1
6,WriteCheck,1764751755.505328,9684,0,1
3,DepositChecking,1764751755.515265,13452,0,1
4,SendPayment,1764751755.528727,8219,0,1
1,Amalgamate,1764751755.536957,10562,0,1
5,TransactSavings,1764751755.547528,8681,0,1
1,Amalgamate,1764751755.556218,7978,0,1
3,DepositChecking,1764751755.565283,7121,0,1
4,SendPayment,1764751755.575372,6664,0,1
6,WriteCheck,1764751755.585289,6991,0,1
3,DepositChecking,1764751755.595282,6630,0,1
3,DepositChecking,1764751755.605315,7402,0,1
4,SendPayment,1764751755.615351,9327,0,1
2,Balance,1764751755.625274,1192,0,1
4,SendPayment,1764751755.635393,6987,0,1
3,DepositChecking,1764751755.645362,9543,0,1
6,WriteCheck,1764751755.655273,7124,0,1
4,SendPayment,1764751755.665391,7610,0,1
5,TransactSavings,1764751755.675325,8083,0,1
2,Balance,1764751755.685277,1186,0,1
4,SendPayment,1764751755.695312,7494,0,1
2,Balance,1764751755.705305,785,0,1
4,SendPayment,1764751755.715328,7423,0,1
4,SendPayment,1764751755.725282,9689,0,1
3,DepositChecking,1764751755.735275,9900,0,1
2,Balance,1764751755.745266,5436,0,1
2,Balance,1764751755.755346,4987,0,1
5,TransactSavings,1764751755.765284,8990,0,1
4,SendPayment,1764751755.775301,8457,0,1
3,DepositChecking,1764751755.785309,8727,0,1
3,DepositChecking,1764751755.795290,6331,0,1
4,SendPayment,1764751755.805320,8300,0,1
5,TransactSavings,1764751755.815322,7195,0,1
5,TransactSavings,1764751755.825333,7869,0,1
2,Balance,1764751755.835265,860,0,1
1,Amalgamate,1764751755.845269,8397,0,1
2,Balance,1764751755.855257,5020,0,1
3,DepositChecking,1764751755.865257,6986,0,1
2,Balance,1764751755.875271,5170,0,1
6,WriteCheck,1764751755.885322,6934,0,1
4,SendPayment,1764751755.895258,7628,0,1
4,SendPayment,1764751755.905269,6995,0,1
3,DepositChecking,1764751755.915575,8946,0,1
2,Balance,1764751755.925275,6593,0,1
3,DepositChecking,1764751755.935259,6663,0,1
1,Amalgamate,1764751755.945308,6885,0,1
2,Balance,1764751755.955287,1122,0,1
3,DepositChecking,1764751755.965317,6972,0,1
5,TransactSavings,1764751755.975306,6871,0,1
6,WriteCheck,1764751755.985322,8674,0,1
6,WriteCheck,1764751755.995273,6977,0,1
3,DepositChecking,1764751756.005272,6679,0,1
4,SendPayment,1764751756.015478,6750,0,1
5,TransactSavings,1764751756.025296,8255,0,1
2,Balance,1764751756.035500,8004,0,1
1,Amalgamate,1764751756.045387,10990,0,1
6,WriteCheck,1764751756.056385,7123,0,1
2,Balance,1764751756.065340,5222,0,1
2,Balance,1764751756.075393,4914,0,1
3,DepositChecking,1764751756.085343,7163,0,1
6,WriteCheck,1764751756.095298,7397,0,1
1,Amalgamate,1764751756.105261,7628,0,1
6,WriteCheck,1764751756.115281,6955,0,1
1,Amalgamate,1764751756.125339,8472,0,1
4,SendPayment,1764751756.135371,6847,0,1
6,WriteCheck,1764751756.145274,8548,0,1
2,Balance,1764751756.155286,6721,0,1
3,DepositChecking,1764751756.165272,7352,0,1
2,Balance,1764751756.175258,981,0,1
3,DepositChecking,1764751756.185478,7120,0,1
1,Amalgamate,1764751756.195267,8555,0,1
4,SendPayment,1764751756.205282,8953,0,1
5,TransactSavings,1764751756.215277,6518,0,1
2,Balance,1764751756.225259,709,0,1
2,Balance,1764751756.235265,1063,0,1
1,Amalgamate,1764751756.245319,7894,0,1
1,Amalgamate,1764751756.255547,7175,0,1
6,WriteCheck,1764751756.265428,6996,0,1
5,TransactSavings,1764751756.275313,7900,0,1
5,TransactSavings,1764751756.285340,6746,0,1
1,Amalgamate,1764751756.295410,8177,0,1
2,Balance,1764751756.305248,927,0,1
4,SendPayment,1764751756.315287,6855,0,1
3,DepositChecking,1764751756.325393,6548,0,1
4,SendPayment,1764751756.335263,7154,0,1
4,SendPayment,1764751756.345312,6670,0,1
5,TransactSavings,1764751756.355381,6603,0,1
2,Balance,1764751756.365263,854,0,1
4,SendPayment,1764751756.375265,7566,0,1
2,Balance,1764751756.385249,4777,0,1
5,TransactSavings,1764751756.395248,7014,0,1
6,WriteCheck,1764751756.405510,7607,0,1
4,SendPayment,1764751756.415330,6491,0,1
1,Amalgamate,1764751756.425245,7118,0,1
3,DepositChecking,1764751756.435260,6562,0,1
6,WriteCheck,1764751756.445305,7116,0,1
3,DepositChecking,1764751756.455367,5248,0,1
2,Balance,1764751756.465292,1047,0,1
4,SendPayment,1764751756.475267,7505,0,1
5,TransactSavings,1764751756.485278,10862,0,1
6,WriteCheck,1764751756.496154,9831,0,1
4,SendPayment,1764751756.505999,8838,0,1
4,SendPayment,1764751756.515385,8635,0,1
4,SendPayment,1764751756.525344,10575,0,1
4,SendPayment,1764751756.535935,9710,0,1
3,DepositChecking,1764751756.545659,7103,0,1
3,DepositChecking,1764751756.555342,8355,0,1
4,SendPayment,1764751756.565299,7553,0,1
5,TransactSavings,1764751756.575265,8217,0,1
4,SendPayment,1764751756.585259,7253,0,1
6,WriteCheck,1764751756.595345,7134,0,1
3,DepositChecking,1764751756.605332,6588,0,1
3,DepositChecking,1764751756.615278,8032,0,1
6,WriteCheck,1764751756.625276,7157,0,1
1,Amalgamate,1764751756.635313,7014,0,1
1,Amalgamate,1764751756.645361,9738,0,1
1,Amalgamate,1764751756.655282,12371,0,1
4,SendPayment,1764751756.667682,11754,0,1
2,Balance,1764751756.679450,1143,0,1
4,SendPayment,1764751756.685275,9288,0,1
1,Amalgamate,1764751756.695259,7017,0,1
4,SendPayment,1764751756.705325,7337,0,1
2,Balance,1764751756.715275,6787,0,1
5,TransactSavings,1764751756.725349,6688,0,1
1,Amalgamate,1764751756.735269,7718,0,1
5,TransactSavings,1764751756.745281,7697,0,1
5,TransactSavings,1764751756.755277,7357,0,1
5,TransactSavings,1764751756.765384,7335,0,1
2,Balance,1764751756.775342,811,0,1
4,SendPayment,1764751756.785326,8356,0,1
1,Amalgamate,1764751756.795311,13996,0,1
6,WriteCheck,1764751756.809322,11424,0,1
4,SendPayment,1764751756.820760,9392,0,1
6,WriteCheck,1764751756.830160,8443,0,1
6,WriteCheck,1764751756.838613,6643,0,1
1,Amalgamate,1764751756.845266,6650,0,1
2,Balance,1764751756.855299,696,0,1
5,TransactSavings,1764751756.865439,7107,0,1
4,SendPayment,1764751756.875462,7037,0,1
1,Amalgamate,1764751756.885422,6885,0,1
5,TransactSavings,1764751756.895345,6714,0,1
4,SendPayment,1764751756.905492,6797,0,1
1,Amalgamate,1764751756.915301,6436,0,1
6,WriteCheck,1764751756.925259,7110,0,1
1,Amalgamate,1764751756.935627,6957,0,1
4,SendPayment,1764751756.945381,6939,0,1
6,WriteCheck,1764751756.955325,6939,0,1
2,Balance,1764751756.965267,976,0,1
1,Amalgamate,1764751756.975295,6838,0,1
4,SendPayment,1764751756.985273,9098,0,1
1,Amalgamate,1764751756.995294,6913,0,1
2,Balance,1764751757.005310,5053,0,1
3,DepositChecking,1764751757.015327,6640,0,1
2,Balance,1764751757.025328,753,0,1
2,Balance,1764751757.035262,4985,0,1
4,SendPayment,1764751757.045298,7149,0,1
3,DepositChecking,1764751757.055297,6601,0,1
4,SendPayment,1764751757.065304,6823,0,1
6,WriteCheck,1764751757.075510,7019,0,1
5,TransactSavings,1764751757.085335,5143,0,1
2,Balance,1764751757.095256,6496,0,1
6,WriteCheck,1764751757.105266,6860,0,1
4,SendPayment,1764751757.115363,7019,0,1
3,DepositChecking,1764751757.125503,6772,0,1
6,WriteCheck,1764751757.135368,6857,0,1
3,DepositChecking,1764751757.145315,6659,0,1
4,SendPayment,1764751757.155292,7243,0,1
2,Balance,1764751757.165306,947,0,1
2,Balance,1764751757.175827,967,0,1
1,Amalgamate,1764751757.185344,7162,0,1
3,DepositChecking,1764751757.195399,6899,0,1
4,SendPayment,1764751757.205262,8274,0,1
2,Balance,1764751757.215273,4992,0,1
5,TransactSavings,1764751757.225335,7280,0,1
2,Balance,1764751757.235292,57862,0,1
5,TransactSavings,1764751757.293181,58095,0,1
5,TransactSavings,1764751757.351296,72173,0,1
5,TransactSavings,1764751757.423483,9746,0,1
2,Balance,1764751757.433241,755,0,1
1,Amalgamate,1764751757.434003,7613,0,1
4,SendPayment,1764751757.441623,7676,0,1
4,SendPayment,1764751757.449306,7023,0,1
1,Amalgamate,1764751757.456336,9073,0,1
2,Balance,1764751757.465417,5635,0,1
3,DepositChecking,1764751757.471061,6778,0,1
4,SendPayment,1764751757.477845,8194,0,1
6,WriteCheck,1764751757.486047,21235,0,1
6,WriteCheck,1764751757.507297,7004,0,1
4,SendPayment,1764751757.514309,6920,0,1
3,DepositChecking,1764751757.521237,8001,0,1
2,Balance,1764751757.529247,7317,0,1
3,DepositChecking,1764751757.536574,6845,0,1
6,WriteCheck,1764751757.543427,6468,0,1
5,TransactSavings,1764751757.549902,6918,0,1
2,Balance,1764751757.556835,4835,0,1
6,WriteCheck,1764751757.561680,7050,0,1
3,DepositChecking,1764751757.568743,6807,0,1
3,DepositChecking,1764751757.575561,6570,0,1
4,SendPayment,1764751757.582142,10584,0,1
1,Amalgamate,1764751757.592742,9652,0,1
4,SendPayment,1764751757.602409,9452,0,1
6,WriteCheck,1764751757.611873,8268,0,1
1,Amalgamate,1764751757.620154,8052,0,1
3,DepositChecking,1764751757.628219,6676,0,1
2,Balance,1764751757.634908,4710,0,1
3,DepositChecking,1764751757.639627,6120,0,1
6,WriteCheck,1764751757.645753,6551,0,1
3,DepositChecking,1764751757.652314,6425,0,1
1,Amalgamate,1764751757.658747,7822,0,1
6,WriteCheck,1764751757.666580,6311,0,1
6,WriteCheck,1764751757.672899,6070,0,1
5,TransactSavings,1764751757.678975,6206,0,1
3,DepositChecking,1764751757.685189,8191,0,1
6,WriteCheck,1764751757.693393,6342,0,1
1,Amalgamate,1764751757.699747,6623,0,1
5,TransactSavings,1764751757.706377,6378,0,1
5,TransactSavings,1764751757.712762,7405,0,1
4,SendPayment,1764751757.720181,7808,0,1
1,Amalgamate,1764751757.728000,7051,0,1
5,TransactSavings,1764751757.735060,6535,0,1
1,Amalgamate,1764751757.741603,6619,0,1
1,Amalgamate,1764751757.748233,6717,0,1
5,TransactSavings,1764751757.754962,6297,0,1
2,Balance,1764751757.761269,4545,0,1
3,DepositChecking,1764751757.765820,6145,0,1
2,Balance,1764751757.771973,6191,0,1
6,WriteCheck,1764751757.778172,8375,0,1
6,WriteCheck,1764751757.786556,6664,0,1
3,DepositChecking,1764751757.793232,6342,0,1
1,Amalgamate,1764751757.799581,6495,0,1
6,WriteCheck,1764751757.806082,6287,0,1
5,TransactSavings,1764751757.812381,6471,0,1
3,DepositChecking,1764751757.818863,6600,0,1
3,DepositChecking,1764751757.825476,9223,0,1
1,Amalgamate,1764751757.835466,7806,0,1
5,TransactSavings,1764751757.845337,6887,0,1
1,Amalgamate,1764751757.855385,6798,0,1
1,Amalgamate,1764751757.865447,7605,0,1
5,TransactSavings,1764751757.875290,7699,0,1
6,WriteCheck,1764751757.885300,7048,0,1
3,DepositChecking,1764751757.895297,7544,0,1
1,Amalgamate,1764751757.905265,8450,0,1
6,WriteCheck,1764751757.915268,7521,0,1
3,DepositChecking,1764751757.925256,6128,0,1
6,WriteCheck,1764751757.935372,8056,0,1
6,WriteCheck,1764751757.945247,6788,0,1
6,WriteCheck,1764751757.955382,6761,0,1
5,TransactSavings,1764751757.965465,9446,0,1
1,Amalgamate,1764751757.975265,6942,0,1
6,WriteCheck,1764751757.985318,6960,0,1
2,Balance,1764751757.995302,6593,0,1
4,SendPayment,1764751758.005332,7337,0,1
3,DepositChecking,1764751758.015294,6682,0,1
6,WriteCheck,1764751758.025314,6730,0,1
4,SendPayment,1764751758.035294,6553,0,1
1,Amalgamate,1764751758.045324,7106,0,1
1,Amalgamate,1764751758.055452,6968,0,1
2,Balance,1764751758.065403,4964,0,1
3,DepositChecking,1764751758.075341,7053,0,1
2,Balance,1764751758.085334,885,0,1
3,DepositChecking,1764751758.095323,6895,0,1
2,Balance,1764751758.105304,786,0,1
2,Balance,1764751758.115269,5237,0,1
6,WriteCheck,1764751758.125312,7077,0,1
4,SendPayment,1764751758.135493,6866,0,1
2,Balance,1764751758.145291,5138,0,1
4,SendPayment,1764751758.155325,7054,0,1
5,TransactSavings,1764751758.165316,6756,0,1
6,WriteCheck,1764751758.175363,7062,0,1
5,TransactSavings,1764751758.185380,9212,0,1
1,Amalgamate,1764751758.195304,7735,0,1
1,Amalgamate,1764751758.205503,6956,0,1
6,WriteCheck,1764751758.215496,7946,0,1
5,TransactSavings,1764751758.225273,6969,0,1
1,Amalgamate,1764751758.235534,6838,0,1
3,DepositChecking,1764751758.245518,6873,0,1
1,Amalgamate,1764751758.255352,8401,0,1
6,WriteCheck,1764751758.265321,7811,0,1
1,Amalgamate,1764751758.275408,8906,0,1
2,Balance,1764751758.285439,1202,0,1
5,TransactSavings,1764751758.295469,7985,0,1
3,DepositChecking,1764751758.305356,7714,0,1
4,SendPayment,1764751758.315523,9260,0,1
2,Balance,1764751758.325425,5700,0,1
2,Balance,1764751758.335592,8600,0,1
1,Amalgamate,1764751758.345341,8522,0,1
3,DepositChecking,1764751758.355423,7843,0,1
3,DepositChecking,1764751758.365313,9334,0,1
6,WriteCheck,1764751758.375323,8107,0,1
5,TransactSavings,1764751758.385470,6602,0,1
1,Amalgamate,1764751758.395542,6659,0,1
4,SendPayment,1764751758.405314,7793,0,1
1,Amalgamate,1764751758.415446,8086,0,1
6,WriteCheck,1764751758.425275,7866,0,1
1,Amalgamate,1764751758.435271,7700,0,1
6,WriteCheck,1764751758.445282,8223,0,1
2,Balance,1764751758.455358,770,0,1
6,WriteCheck,1764751758.465295,6743,0,1
2,Balance,1764751758.475308,4788,0,1
5,TransactSavings,1764751758.485275,8351,0,1
2,Balance,1764751758.495354,4898,0,1
4,SendPayment,1764751758.505372,8243,0,1
4,SendPayment,1764751758.515304,6782,0,1
6,WriteCheck,1764751758.525393,6643,0,1
4,SendPayment,1764751758.535280,6884,0,1
3,DepositChecking,1764751758.545277,6627,0,1
6,WriteCheck,1764751758.555312,7384,0,1
6,WriteCheck,1764751758.565309,6946,0,1
4,SendPayment,1764751758.575430,7194,0,1
1,Amalgamate,1764751758.585287,7966,0,1
1,Amalgamate,1764751758.595299,6723,0,1
6,WriteCheck,1764751758.605331,6644,0,1
3,DepositChecking,1764751758.615302,7666,0,1
4,SendPayment,1764751758.625268,6672,0,1
5,TransactSavings,1764751758.635269,7779,0,1
3,DepositChecking,1764751758.645275,6597,0,1
6,WriteCheck,1764751758.655261,6593,0,1
4,SendPayment,1764751758.665378,6941,0,1
4,SendPayment,1764751758.675365,7594,0,1
5,TransactSavings,1764751758.685361,6772,0,1
5,TransactSavings,1764751758.695369,6708,0,1
4,SendPayment,1764751758.705316,6467,0,1
3,DepositChecking,1764751758.715265,7526,0,1
4,SendPayment,1764751758.725320,6909,0,1
5,TransactSavings,1764751758.735366,6658,0,1
1,Amalgamate,1764751758.745274,6486,0,1
4,SendPayment,1764751758.755264,6679,0,1
6,WriteCheck,1764751758.765314,11090,0,1
2,Balance,1764751758.776420,5466,0,1
1,Amalgamate,1764751758.785373,7378,0,1
6,WriteCheck,1764751758.795406,6651,0,1
6,WriteCheck,1764751758.805284,7366,0,1
3,DepositChecking,1764751758.815308,7539,0,1
1,Amalgamate,1764751758.825320,11481,0,1
6,WriteCheck,1764751758.836818,16115,0,1
4,SendPayment,1764751758.852951,11745,0,1
5,TransactSavings,1764751758.864708,6547,0,1
1,Amalgamate,1764751758.871266,11276,0,1
2,Balance,1764751758.882550,721,0,1
6,WriteCheck,1764751758.885485,6610,0,1
4,SendPayment,1764751758.895328,6699,0,1
5,TransactSavings,1764751758.905463,6929,0,1
6,WriteCheck,1764751758.915480,6718,0,1
6,WriteCheck,1764751758.925443,6683,0,1
3,DepositChecking,1764751758.935541,7015,0,1
4,SendPayment,1764751758.945311,7252,0,1
4,SendPayment,1764751758.955561,6882,0,1
6,WriteCheck,1764751758.965360,6927,0,1
3,DepositChecking,1764751758.975414,9500,0,1
1,Amalgamate,1764751758.985416,122401,0,1
4,SendPayment,1764751759.107831,8312,0,1
4,SendPayment,1764751759.116155,6684,0,1
4,SendPayment,1764751759.122849,7021,0,1
5,TransactSavings,1764751759.129878,6621,0,1
2,Balance,1764751759.136506,674,0,1
3,DepositChecking,1764751759.137183,6306,0,1
3,DepositChecking,1764751759.143505,7434,0,1
1,Amalgamate,1764751759.150947,6472,0,1
1,Amalgamate,1764751759.157429,7036,0,1
4,SendPayment,1764751759.164476,7951,0,1
6,WriteCheck,1764751759.172437,6916,0,1
3,DepositChecking,1764751759.179361,7752,0,1
4,SendPayment,1764751759.187118,7632,0,1
6,WriteCheck,1764751759.194756,6489,0,1
4,SendPayment,1764751759.201250,6447,0,1
1,Amalgamate,1764751759.207704,8170,0,1
2,Balance,1764751759.215881,4856,0,1
4,SendPayment,1764751759.220745,6846,0,1
3,DepositChecking,1764751759.227598,6653,0,1
5,TransactSavings,1764751759.234257,6715,0,1
1,Amalgamate,1764751759.240984,7525,0,1
4,SendPayment,1764751759.248526,7605,0,1
2,Balance,1764751759.256139,676,0,1
5,TransactSavings,1764751759.256817,6830,0,1
3,DepositChecking,1764751759.263652,6459,0,1
4,SendPayment,1764751759.270121,7753,0,1
3,DepositChecking,1764751759.277888,6982,0,1
3,DepositChecking,1764751759.284879,6676,0,1
2,Balance,1764751759.291562,4452,0,1
2,Balance,1764751759.296022,682,0,1
5,TransactSavings,1764751759.296712,6447,0,1
3,DepositChecking,1764751759.305303,6766,0,1
2,Balance,1764751759.315331,6750,0,1
5,TransactSavings,1764751759.325498,6912,0,1
2,Balance,1764751759.335295,929,0,1
1,Amalgamate,1764751759.345419,7489,0,1
5,TransactSavings,1764751759.355330,4807,0,1
6,WriteCheck,1764751759.365297,6799,0,1
4,SendPayment,1764751759.375274,6708,0,1
6,WriteCheck,1764751759.385517,7135,0,1
5,TransactSavings,1764751759.395294,9575,0,1
2,Balance,1764751759.405316,61745,0,1
1,Amalgamate,1764751759.467093,14777,0,1
4,SendPayment,1764751759.481893,9716,0,1
4,SendPayment,1764751759.491628,8961,0,1
5,TransactSavings,1764751759.500611,8711,0,1
5,TransactSavings,1764751759.509343,7912,0,1
5,TransactSavings,1764751759.517265,6664,0,1
4,SendPayment,1764751759.523938,6814,0,1
6,WriteCheck,1764751759.530772,6812,0,1
2,Balance,1764751759.537597,672,0,1
6,WriteCheck,1764751759.538276,7268,0,1
3,DepositChecking,1764751759.545551,6374,0,1
3,DepositChecking,1764751759.551936,6180,0,1
1,Amalgamate,1764751759.558125,8327,0,1
4,SendPayment,1764751759.566464,6571,0,1
1,Amalgamate,1764751759.573046,6314,0,1
2,Balance,1764751759.579372,4846,0,1
4,SendPayment,1764751759.584229,6294,0,1
5,TransactSavings,1764751759.590536,7546,0,1
4,SendPayment,1764751759.598092,7360,0,1
2,Balance,1764751759.605463,5378,0,1
1,Amalgamate,1764751759.615295,6728,0,1
4,SendPayment,1764751759.625333,6889,0,1
4,SendPayment,1764751759.635406,8507,0,1
6,WriteCheck,1764751759.645325,6516,0,1
1,Amalgamate,1764751759.655306,7217,0,1
2,Balance,1764751759.665337,1019,0,1
4,SendPayment,1764751759.675473,7152,0,1
4,SendPayment,1764751759.685400,8870,0,1
3,DepositChecking,1764751759.695279,8797,0,1
5,TransactSavings,1764751759.705382,9595,0,1
2,Balance,1764751759.715359,8524,0,1
6,WriteCheck,1764751759.725280,6331,0,1
3,DepositChecking,1764751759.735367,7890,0,1
3,DepositChecking,1764751759.745423,7506,0,1
5,TransactSavings,1764751759.755291,7754,0,1
6,WriteCheck,1764751759.765288,6652,0,1
1,Amalgamate,1764751759.775279,6622,0,1
4,SendPayment,1764751759.785279,6415,0,1
2,Balance,1764751759.795297,4872,0,1
5,TransactSavings,1764751759.805405,10868,0,1
3,DepositChecking,1764751759.816284,6377,0,1
6,WriteCheck,1764751759.825284,6761,0,1
1,Amalgamate,1764751759.835279,6944,0,1
3,DepositChecking,1764751759.845526,6488,0,1
5,TransactSavings,1764751759.855335,7910,0,1
1,Amalgamate,1764751759.865330,7188,0,1
5,TransactSavings,1764751759.875507,7522,0,1
5,TransactSavings,1764751759.885375,7815,0,1
4,SendPayment,1764751759.895357,6873,0,1
5,TransactSavings,1764751759.905300,9080,0,1
4,SendPayment,1764751759.915340,7843,0,1
5,TransactSavings,1764751759.925326,8787,0,1
2,Balance,1764751759.935336,5033,0,1
4,SendPayment,1764751759.945278,7336,0,1
1,Amalgamate,1764751759.955320,6797,0,1
1,Amalgamate,1764751759.965370,6606,0,1
6,WriteCheck,1764751759.975319,6752,0,1
3,DepositChecking,1764751759.985364,6743,0,1
6,WriteCheck,1764751759.995320,6841,0,1
1,Amalgamate,1764751760.005366,8224,0,1
3,DepositChecking,1764751760.015332,6642,0,1
1,Amalgamate,1764751760.025405,7772,0,1
4,SendPayment,1764751760.035335,6737,0,1
5,TransactSavings,1764751760.045312,6795,0,1
6,WriteCheck,1764751760.055600,6697,0,1
1,Amalgamate,1764751760.065525,6978,0,1
2,Balance,1764751760.075297,4842,0,1
4,SendPayment,1764751760.085317,6911,0,1
4,SendPayment,1764751760.095708,6595,0,1
4,SendPayment,1764751760.105327,8180,0,1
1,Amalgamate,1764751760.115336,7833,0,1
5,TransactSavings,1764751760.125307,6708,0,1
1,Amalgamate,1764751760.135357,8042,0,1
4,SendPayment,1764751760.145296,6781,0,1
