Transaction Type Index,Transaction Name,Start Time (microseconds),Latency (microseconds),Worker Id (start number),Phase Id (index in config file)
2,Payment,1764751455.033685,19838,12,1
2,Payment,1764751455.033707,19773,8,1
1,NewOrder,1764751455.033760,33331,6,1
2,Payment,1764751455.038816,14877,10,1
1,NewOrder,1764751455.038838,33874,9,1
2,Payment,1764751455.038865,15445,3,1
2,Payment,1764751455.038872,15240,1,1
3,OrderStatus,1764751455.042433,16908,0,1
1,NewOrder,1764751455.042897,25408,11,1
1,NewOrder,1764751455.047795,34023,15,1
2,Payment,1764751455.047804,19728,7,1
1,NewOrder,1764751455.047868,32019,2,1
1,NewOrder,1764751455.047918,43132,13,1
1,NewOrder,1764751455.053577,16260,4,1
2,Payment,1764751455.053634,18776,8,1
1,NewOrder,1764751455.053721,37338,10,1
2,Payment,1764751455.053750,20340,12,1
2,Payment,1764751455.053846,28423,5,1
4,Delivery,1764751455.054126,46254,1,1
1,NewOrder,1764751455.054320,36743,3,1
2,Payment,1764751455.059405,16237,0,1
1,NewOrder,1764751455.067114,23652,6,1
2,Payment,1764751455.067552,14959,7,1
1,NewOrder,1764751455.068296,31573,14,1
2,Payment,1764751455.068322,22454,11,1
2,Payment,1764751455.069848,30209,4,1
1,NewOrder,1764751455.072423,26038,8,1
4,Delivery,1764751455.072724,28435,9,1
2,Payment,1764751455.074105,24393,12,1
5,StockLevel,1764751455.075655,15255,0,1
1,NewOrder,1764751455.079904,22676,2,1
1,NewOrder,1764751455.081835,77699,15,1
3,OrderStatus,1764751455.082283,6794,5,1
1,NewOrder,1764751455.082520,208306,7,1
2,Payment,1764751455.089103,196461,5,1
3,OrderStatus,1764751455.090784,9087,6,1
2,Payment,1764751455.090788,68786,11,1
5,StockLevel,1764751455.090915,293741,0,1
1,NewOrder,1764751455.091068,200026,10,1
1,NewOrder,1764751455.091075,199720,3,1
2,Payment,1764751455.091101,194458,13,1
1,NewOrder,1764751455.098480,187079,8,1
1,NewOrder,1764751455.098511,187050,12,1
2,Payment,1764751455.099885,185683,6,1
2,Payment,1764751455.099888,190838,14,1
1,NewOrder,1764751455.100070,191360,4,1
2,Payment,1764751455.100392,190367,1,1
1,NewOrder,1764751455.101213,189647,9,1
2,Payment,1764751455.102593,224351,2,1
1,NewOrder,1764751455.159557,172657,15,1
1,NewOrder,1764751455.159588,131087,11,1
1,NewOrder,1764751455.285589,40847,8,1
2,Payment,1764751455.285589,29613,6,1
2,Payment,1764751455.285589,40719,5,1
1,NewOrder,1764751455.285589,41036,13,1
1,NewOrder,1764751455.285595,40745,12,1
2,Payment,1764751455.290695,35628,11,1
5,StockLevel,1764751455.290738,35546,14,1
2,Payment,1764751455.290769,66684,1,1
1,NewOrder,1764751455.290820,51204,3,1
5,StockLevel,1764751455.290836,35481,7,1
2,Payment,1764751455.290865,35665,9,1
3,OrderStatus,1764751455.291109,916,10,1
2,Payment,1764751455.291437,66017,4,1
1,NewOrder,1764751455.292032,40206,10,1
1,NewOrder,1764751455.315242,38669,6,1
4,Delivery,1764751455.326332,38231,7,1
1,NewOrder,1764751455.326332,31164,5,1
1,NewOrder,1764751455.326332,36873,14,1
2,Payment,1764751455.326334,31036,11,1
5,StockLevel,1764751455.326350,27600,12,1
2,Payment,1764751455.326440,30953,8,1
2,Payment,1764751455.326533,30857,9,1
1,NewOrder,1764751455.326635,31018,13,1
3,OrderStatus,1764751455.326953,30419,2,1
2,Payment,1764751455.332228,25331,15,1
1,NewOrder,1764751455.332250,63349,10,1
2,Payment,1764751455.342042,22360,3,1
2,Payment,1764751455.353936,26415,6,1
1,NewOrder,1764751455.353989,30402,12,1
1,NewOrder,1764751455.357380,29207,11,1
2,Payment,1764751455.357382,29310,2,1
1,NewOrder,1764751455.357399,38397,9,1
2,Payment,1764751455.357403,26904,8,1
2,Payment,1764751455.357465,48327,1,1
1,NewOrder,1764751455.357479,38260,4,1
2,Payment,1764751455.357500,27205,5,1
3,OrderStatus,1764751455.357564,26756,15,1
3,OrderStatus,1764751455.357661,2485,13,1
2,Payment,1764751455.360179,26515,13,1
1,NewOrder,1764751455.363219,35529,14,1
2,Payment,1764751455.364414,22625,3,1
1,NewOrder,1764751455.364574,63698,7,1
3,OrderStatus,1764751455.380383,1528,6,1
2,Payment,1764751455.381936,23527,6,1
1,NewOrder,1764751455.384330,20881,8,1
1,NewOrder,1764751455.384335,43858,15,1
1,NewOrder,1764751455.384403,44020,12,1
1,NewOrder,1764751455.384666,308571,0,1
1,NewOrder,1764751455.384709,308457,5,1
1,NewOrder,1764751455.386601,18608,11,1
2,Payment,1764751455.386704,323004,2,1
2,Payment,1764751455.386706,18638,13,1
1,NewOrder,1764751455.387050,307120,3,1
2,Payment,1764751455.395625,314011,10,1
4,Delivery,1764751455.395744,320125,4,1
2,Payment,1764751455.395812,32964,9,1
2,Payment,1764751455.398761,221524,14,1
4,Delivery,1764751455.405230,304421,11,1
2,Payment,1764751455.405231,304403,8,1
2,Payment,1764751455.405361,287869,13,1
1,NewOrder,1764751455.405564,304095,6,1
1,NewOrder,1764751455.405804,303865,1,1
2,Payment,1764751455.428221,326236,15,1
1,NewOrder,1764751455.428294,287698,7,1
2,Payment,1764751455.428473,291244,12,1
1,NewOrder,1764751455.428788,280926,9,1
2,Payment,1764751455.620316,95609,14,1
5,StockLevel,1764751455.693203,26617,5,1
2,Payment,1764751455.693289,26985,0,1
1,NewOrder,1764751455.693523,42841,13,1
1,NewOrder,1764751455.694182,42180,3,1
4,Delivery,1764751455.709656,45428,10,1
1,NewOrder,1764751455.709662,44837,11,1
1,NewOrder,1764751455.709669,31442,6,1
1,NewOrder,1764751455.709678,44757,1,1
1,NewOrder,1764751455.709712,44918,2,1
2,Payment,1764751455.709716,26655,8,1
1,NewOrder,1764751455.709717,44893,9,1
2,Payment,1764751455.715885,38733,4,1
2,Payment,1764751455.715936,86150,14,1
5,StockLevel,1764751455.715998,38698,7,1
1,NewOrder,1764751455.719734,34866,12,1
1,NewOrder,1764751455.719831,51235,5,1
1,NewOrder,1764751455.720284,53314,0,1
2,Payment,1764751455.736386,21770,8,1
2,Payment,1764751455.736386,21942,3,1
4,Delivery,1764751455.736391,64582,13,1
1,NewOrder,1764751455.741126,32562,6,1
2,Payment,1764751455.754458,46513,1,1
1,NewOrder,1764751455.754470,47661,15,1
1,NewOrder,1764751455.754509,54065,11,1
1,NewOrder,1764751455.754611,47482,12,1
1,NewOrder,1764751455.754620,50410,9,1
3,OrderStatus,1764751455.754638,12761,2,1
1,NewOrder,1764751455.754656,53967,4,1
1,NewOrder,1764751455.754706,50322,7,1
4,Delivery,1764751455.755120,55530,10,1
1,NewOrder,1764751455.758174,43924,8,1
1,NewOrder,1764751455.758339,46689,3,1
4,Delivery,1764751455.767422,74122,2,1
3,OrderStatus,1764751455.771092,2250,5,1
2,Payment,1764751455.773359,35488,5,1
1,NewOrder,1764751455.773609,57095,0,1
1,NewOrder,1764751455.773700,35126,6,1
2,Payment,1764751455.800998,29705,1,1
1,NewOrder,1764751455.800998,36158,13,1
2,Payment,1764751455.802096,28625,14,1
1,NewOrder,1764751455.802103,35094,12,1
2,Payment,1764751455.802109,28596,8,1
1,NewOrder,1764751455.802135,35006,15,1
3,OrderStatus,1764751455.805043,25701,7,1
1,NewOrder,1764751455.805043,43839,3,1
2,Payment,1764751455.805044,29538,9,1
1,NewOrder,1764751455.808591,28525,11,1
2,Payment,1764751455.808635,56895,4,1
1,NewOrder,1764751455.808837,28282,6,1
2,Payment,1764751455.808857,28384,5,1
2,Payment,1764751455.810665,136195,10,1
2,Payment,1764751455.830730,18119,1,1
1,NewOrder,1764751455.830730,26445,8,1
2,Payment,1764751455.830730,18129,0,1
3,OrderStatus,1764751455.830734,1068,14,1
2,Payment,1764751455.830756,18157,7,1
5,StockLevel,1764751455.831813,25231,14,1
2,Payment,1764751455.834594,22433,9,1
1,NewOrder,1764751455.837129,28414,11,1
1,NewOrder,1764751455.837132,98851,6,1
2,Payment,1764751455.837151,19878,15,1
1,NewOrder,1764751455.837159,28513,13,1
2,Payment,1764751455.837209,19819,12,1
1,NewOrder,1764751455.837251,98742,5,1
2,Payment,1764751455.841584,35063,2,1
1,NewOrder,1764751455.848879,98201,1,1
2,Payment,1764751455.848879,23274,0,1
2,Payment,1764751455.848894,23249,3,1
1,NewOrder,1764751455.848924,87130,7,1
2,Payment,1764751455.857057,78925,15,1
1,NewOrder,1764751455.857057,89807,9,1
1,NewOrder,1764751455.857057,89822,12,1
1,NewOrder,1764751455.857066,89960,14,1
1,NewOrder,1764751455.857182,78921,8,1
2,Payment,1764751455.865562,70738,4,1
1,NewOrder,1764751455.865562,81489,11,1
2,Payment,1764751455.865684,70302,13,1
4,Delivery,1764751455.872170,212839,0,1
1,NewOrder,1764751455.872170,187626,3,1
1,NewOrder,1764751455.876683,194586,2,1
1,NewOrder,1764751455.936013,162282,5,1
2,Payment,1764751455.936013,129379,13,1
1,NewOrder,1764751455.936014,134279,6,1
1,NewOrder,1764751455.936014,131440,15,1
1,NewOrder,1764751455.936058,129372,7,1
1,NewOrder,1764751455.936107,130848,8,1
2,Payment,1764751455.936314,129093,4,1
1,NewOrder,1764751455.946878,124724,10,1
4,Delivery,1764751455.946878,123502,9,1
2,Payment,1764751455.946890,138306,12,1
2,Payment,1764751455.947032,120012,14,1
1,NewOrder,1764751455.947053,124587,11,1
2,Payment,1764751455.947090,124547,1,1
5,StockLevel,1764751456.059826,20320,3,1
5,StockLevel,1764751456.065407,19694,13,1
2,Payment,1764751456.065420,24005,4,1
1,NewOrder,1764751456.065440,24030,7,1
1,NewOrder,1764751456.066965,22559,8,1
3,OrderStatus,1764751456.067054,2028,14,1
3,OrderStatus,1764751456.067463,1359,15,1
2,Payment,1764751456.068831,16357,15,1
1,NewOrder,1764751456.069092,20345,14,1
2,Payment,1764751456.070302,19129,6,1
1,NewOrder,1764751456.070390,19385,9,1
4,Delivery,1764751456.071278,44691,2,1
1,NewOrder,1764751456.071614,26761,10,1
4,Delivery,1764751456.071639,45373,1,1
2,Payment,1764751456.071650,17802,11,1
1,NewOrder,1764751456.080172,32332,3,1
1,NewOrder,1764751456.085025,40255,0,1
1,NewOrder,1764751456.085114,23979,13,1
1,NewOrder,1764751456.085198,23831,15,1
1,NewOrder,1764751456.085218,27276,12,1
5,StockLevel,1764751456.089437,19531,4,1
2,Payment,1764751456.089442,14752,6,1
2,Payment,1764751456.089447,14680,14,1
2,Payment,1764751456.089464,14735,11,1
1,NewOrder,1764751456.089481,26495,7,1
2,Payment,1764751456.089528,19589,8,1
1,NewOrder,1764751456.089783,26169,9,1
2,Payment,1764751456.098316,17680,5,1
2,Payment,1764751456.098388,17561,10,1
4,Delivery,1764751456.104144,21196,14,1
2,Payment,1764751456.104206,11986,6,1
3,OrderStatus,1764751456.104209,940,11,1
4,Delivery,1764751456.105185,83487,11,1
1,NewOrder,1764751456.108993,87523,4,1
1,NewOrder,1764751456.109038,83583,15,1
2,Payment,1764751456.109102,16092,13,1
2,Payment,1764751456.109125,16144,8,1
1,NewOrder,1764751456.112504,91028,12,1
1,NewOrder,1764751456.112514,84130,3,1
3,OrderStatus,1764751456.115959,1855,10,1
1,NewOrder,1764751456.115961,80539,9,1
1,NewOrder,1764751456.115979,87443,2,1
4,Delivery,1764751456.115984,87494,7,1
2,Payment,1764751456.116009,72652,5,1
2,Payment,1764751456.116199,72469,6,1
2,Payment,1764751456.117020,86379,1,1
3,OrderStatus,1764751456.117824,70711,10,1
1,NewOrder,1764751456.125214,75299,13,1
2,Payment,1764751456.125273,71228,8,1
1,NewOrder,1764751456.125292,97712,0,1
3,OrderStatus,1764751456.125349,2001,14,1
1,NewOrder,1764751456.127361,76045,14,1
1,NewOrder,1764751456.188562,35997,10,1
5,StockLevel,1764751456.188677,33771,5,1
1,NewOrder,1764751456.188678,33974,6,1
1,NewOrder,1764751456.188682,35732,11,1
1,NewOrder,1764751456.192644,29887,15,1
1,NewOrder,1764751456.196522,28114,9,1
2,Payment,1764751456.196522,26087,8,1
2,Payment,1764751456.196526,25922,4,1
2,Payment,1764751456.196658,26750,3,1
2,Payment,1764751456.200538,22079,13,1
2,Payment,1764751456.203426,21469,1,1
2,Payment,1764751456.203426,20991,14,1
1,NewOrder,1764751456.203431,40404,2,1
2,Payment,1764751456.203513,20930,7,1
3,OrderStatus,1764751456.203537,1355,12,1
2,Payment,1764751456.204904,40910,12,1
1,NewOrder,1764751456.222479,29166,4,1
2,Payment,1764751456.222484,26738,5,1
3,OrderStatus,1764751456.222544,1746,15,1
1,NewOrder,1764751456.222626,29090,13,1
1,NewOrder,1764751456.222628,29221,8,1
2,Payment,1764751456.222659,26576,6,1
2,Payment,1764751456.223012,26217,0,1
2,Payment,1764751456.223419,25775,3,1
2,Payment,1764751456.224297,24940,15,1
1,NewOrder,1764751456.224421,27323,11,1
2,Payment,1764751456.224425,56883,14,1
2,Payment,1764751456.224451,57216,7,1
1,NewOrder,1764751456.224567,27244,10,1
3,OrderStatus,1764751456.224640,1075,9,1
2,Payment,1764751456.224902,26738,1,1
1,NewOrder,1764751456.225722,26061,9,1
1,NewOrder,1764751456.243857,51614,2,1
2,Payment,1764751456.245831,35718,12,1
4,Delivery,1764751456.249212,114273,3,1
1,NewOrder,1764751456.249234,32102,5,1
2,Payment,1764751456.249238,45772,0,1
2,Payment,1764751456.249247,51430,15,1
1,NewOrder,1764751456.249249,32089,6,1
1,NewOrder,1764751456.251653,37561,1,1
1,NewOrder,1764751456.251655,37496,4,1
1,NewOrder,1764751456.251728,111752,13,1
1,NewOrder,1764751456.251752,37405,11,1
2,Payment,1764751456.251785,29523,9,1
1,NewOrder,1764751456.251820,37148,10,1
1,NewOrder,1764751456.251851,29628,8,1
1,NewOrder,1764751456.281329,86809,14,1
2,Payment,1764751456.281329,13754,9,1
1,NewOrder,1764751456.281345,82128,5,1
2,Payment,1764751456.281347,14006,6,1
1,NewOrder,1764751456.281482,75167,8,1
1,NewOrder,1764751456.281554,84084,12,1
2,Payment,1764751456.281670,82268,7,1
2,Payment,1764751456.288989,74541,10,1
2,Payment,1764751456.289163,67488,11,1
2,Payment,1764751456.289165,74340,4,1
1,NewOrder,1764751456.289222,75563,1,1
2,Payment,1764751456.295031,69869,0,1
3,OrderStatus,1764751456.295096,2125,9,1
2,Payment,1764751456.295363,84403,6,1
2,Payment,1764751456.295479,69299,2,1
2,Payment,1764751456.297232,83045,9,1
1,NewOrder,1764751456.300695,67530,15,1
2,Payment,1764751456.356672,18356,11,1
5,StockLevel,1764751456.356674,18341,8,1
3,OrderStatus,1764751456.363496,16130,13,1
2,Payment,1764751456.363496,16359,5,1
3,OrderStatus,1764751456.363496,16309,3,1
4,Delivery,1764751456.363513,31994,4,1
2,Payment,1764751456.363537,53698,10,1
2,Payment,1764751456.363943,53301,7,1
2,Payment,1764751456.364785,20935,2,1
1,NewOrder,1764751456.364792,30786,1,1
2,Payment,1764751456.364907,15797,0,1
2,Payment,1764751456.365664,20148,12,1
1,NewOrder,1764751456.368151,22068,14,1
1,NewOrder,1764751456.368233,32591,15,1
2,Payment,1764751456.375033,15205,8,1
1,NewOrder,1764751456.375039,32398,11,1
2,Payment,1764751456.379642,27872,13,1
2,Payment,1764751456.379777,15741,6,1
2,Payment,1764751456.379813,21027,3,1
1,NewOrder,1764751456.379859,30311,5,1
2,Payment,1764751456.380284,15600,9,1
1,NewOrder,1764751456.380711,29303,0,1
4,Delivery,1764751456.385738,52486,2,1
1,NewOrder,1764751456.385822,31500,12,1
1,NewOrder,1764751456.390236,27016,14,1
1,NewOrder,1764751456.390249,27000,8,1
1,NewOrder,1764751456.395521,38708,4,1
2,Payment,1764751456.395528,38818,6,1
4,Delivery,1764751456.395587,44701,1,1
1,NewOrder,1764751456.395893,33656,9,1
3,OrderStatus,1764751456.400841,16546,15,1
1,NewOrder,1764751456.400851,44176,3,1
2,Payment,1764751456.407463,26706,11,1
1,NewOrder,1764751456.407528,26656,13,1
2,Payment,1764751456.410030,24160,0,1
2,Payment,1764751456.410235,23986,5,1
1,NewOrder,1764751456.417254,27772,10,1
2,Payment,1764751456.417260,16940,8,1
1,NewOrder,1764751456.417261,28291,14,1
1,NewOrder,1764751456.417268,28995,7,1
2,Payment,1764751456.417325,16936,12,1
2,Payment,1764751456.417395,20633,15,1
1,NewOrder,1764751456.429578,29226,9,1
2,Payment,1764751456.434190,24534,11,1
1,NewOrder,1764751456.434197,30032,13,1
1,NewOrder,1764751456.434199,39623,0,1
5,StockLevel,1764751456.434209,12935,8,1
2,Payment,1764751456.434233,42903,4,1
1,NewOrder,1764751456.434234,48371,5,1
2,Payment,1764751456.434270,24496,12,1
3,OrderStatus,1764751456.434353,3298,6,1
2,Payment,1764751456.437678,26508,6,1
2,Payment,1764751456.438039,26191,15,1
1,NewOrder,1764751456.438233,41703,2,1
1,NewOrder,1764751456.440297,33392,1,1
1,NewOrder,1764751456.445052,28638,10,1
5,StockLevel,1764751456.445052,32146,3,1
1,NewOrder,1764751456.445561,48002,14,1
4,Delivery,1764751456.446272,47167,7,1
1,NewOrder,1764751456.447155,27185,8,1
2,Payment,1764751456.458745,20971,11,1
1,NewOrder,1764751456.458779,29520,12,1
1,NewOrder,1764751456.458808,40671,9,1
1,NewOrder,1764751456.464213,40844,6,1
1,NewOrder,1764751456.464243,29183,13,1
1,NewOrder,1764751456.464243,35253,15,1
2,Payment,1764751456.473716,19791,10,1
2,Payment,1764751456.473716,21018,1,1
2,Payment,1764751456.473831,19616,0,1
1,NewOrder,1764751456.474351,31810,8,1
1,NewOrder,1764751456.477154,33184,4,1
1,NewOrder,1764751456.477209,26878,3,1
1,NewOrder,1764751456.479729,24316,11,1
5,StockLevel,1764751456.479951,19423,2,1
1,NewOrder,1764751456.482617,48510,5,1
3,OrderStatus,1764751456.488316,16654,12,1
2,Payment,1764751456.493446,17028,13,1
2,Payment,1764751456.493453,16958,7,1
1,NewOrder,1764751456.493458,45622,0,1
2,Payment,1764751456.493516,16750,10,1
1,NewOrder,1764751456.493568,37581,14,1
4,Delivery,1764751456.494743,48492,1,1
2,Payment,1764751456.499394,39817,2,1
2,Payment,1764751456.499492,43778,9,1
1,NewOrder,1764751456.499510,39598,15,1
1,NewOrder,1764751456.504068,48514,11,1
1,NewOrder,1764751456.504100,40058,3,1
2,Payment,1764751456.504979,55579,12,1
2,Payment,1764751456.505060,38011,6,1
2,Payment,1764751456.506183,33078,8,1
1,NewOrder,1764751456.510279,33254,10,1
2,Payment,1764751456.510341,28724,4,1
1,NewOrder,1764751456.510421,36331,7,1
2,Payment,1764751456.510483,32746,13,1
2,Payment,1764751456.531150,47046,5,1
1,NewOrder,1764751456.531164,29475,14,1
2,Payment,1764751456.539088,21471,4,1
1,NewOrder,1764751456.539093,30658,0,1
1,NewOrder,1764751456.539117,34726,15,1
1,NewOrder,1764751456.539224,38895,2,1
1,NewOrder,1764751456.539267,30427,8,1
1,NewOrder,1764751456.543095,30752,6,1
1,NewOrder,1764751456.543241,26514,13,1
1,NewOrder,1764751456.543244,30602,1,1
2,Payment,1764751456.543278,17280,9,1
5,StockLevel,1764751456.543539,17476,10,1
2,Payment,1764751456.544211,70664,3,1
1,NewOrder,1764751456.546767,31374,7,1
1,NewOrder,1764751456.552595,25629,11,1
2,Payment,1764751456.560581,17525,9,1
1,NewOrder,1764751456.560581,27044,4,1
4,Delivery,1764751456.560583,27048,12,1
2,Payment,1764751456.560648,17466,14,1
2,Payment,1764751456.561022,45020,10,1
2,Payment,1764751456.569710,17918,8,1
1,NewOrder,1764751456.569766,21795,13,1
1,NewOrder,1764751456.569766,45191,0,1
2,Payment,1764751456.573861,17783,6,1
2,Payment,1764751456.573861,32180,15,1
1,NewOrder,1764751456.573862,35972,1,1
2,Payment,1764751456.578126,45757,9,1
1,NewOrder,1764751456.578126,31710,14,1
2,Payment,1764751456.578128,27915,2,1
1,NewOrder,1764751456.578149,42825,7,1
5,StockLevel,1764751456.578199,31710,5,1
2,Payment,1764751456.578226,27819,11,1
5,StockLevel,1764751456.587650,27207,12,1
2,Payment,1764751456.587652,27226,8,1
2,Payment,1764751456.587652,27251,4,1
1,NewOrder,1764751456.591578,27996,13,1
1,NewOrder,1764751456.591660,29542,6,1
4,Delivery,1764751456.606068,93114,11,1
2,Payment,1764751456.606068,17816,2,1
1,NewOrder,1764751456.606068,37648,15,1
1,NewOrder,1764751456.606068,93079,10,1
1,NewOrder,1764751456.609850,89298,1,1
1,NewOrder,1764751456.609850,89362,14,1
2,Payment,1764751456.609912,33807,5,1
2,Payment,1764751456.614867,28853,12,1
1,NewOrder,1764751456.614884,92234,3,1
2,Payment,1764751456.614887,28826,8,1
2,Payment,1764751456.614911,92245,4,1
1,NewOrder,1764751456.614960,88030,0,1
1,NewOrder,1764751456.619588,87594,13,1
2,Payment,1764751456.620987,78161,7,1
2,Payment,1764751456.621219,93262,6,1
4,Delivery,1764751456.623895,79115,9,1
1,NewOrder,1764751456.623896,83216,2,1
2,Payment,1764751456.643735,63335,8,1
2,Payment,1764751456.643735,79765,5,1
1,NewOrder,1764751456.643735,63409,12,1
2,Payment,1764751456.643735,63375,15,1
1,NewOrder,1764751456.699169,29188,7,1
1,NewOrder,1764751456.699169,31620,1,1
2,Payment,1764751456.699169,15616,10,1
2,Payment,1764751456.699190,15219,11,1
1,NewOrder,1764751456.699219,35995,14,1
2,Payment,1764751456.703010,15816,0,1
1,NewOrder,1764751456.703019,41144,9,1
3,OrderStatus,1764751456.707080,733,8,1
1,NewOrder,1764751456.707113,23944,2,1
5,StockLevel,1764751456.707118,16319,15,1
1,NewOrder,1764751456.707125,23809,3,1
1,NewOrder,1764751456.707146,25135,12,1
2,Payment,1764751456.707164,33789,4,1
1,NewOrder,1764751456.707190,23548,13,1
5,StockLevel,1764751456.707819,15644,8,1
2,Payment,1764751456.714429,18036,11,1
1,NewOrder,1764751456.714491,33234,6,1
1,NewOrder,1764751456.714793,20445,10,1
1,NewOrder,1764751456.718841,34755,0,1
2,Payment,1764751456.723456,19578,15,1
1,NewOrder,1764751456.723473,24454,8,1
4,Delivery,1764751456.723507,62565,5,1
1,NewOrder,1764751456.728376,35073,7,1
2,Payment,1764751456.730753,17138,13,1
1,NewOrder,1764751456.730799,32684,1,1
1,NewOrder,1764751456.730942,32483,3,1
2,Payment,1764751456.731066,16820,2,1
1,NewOrder,1764751456.732290,31195,12,1
1,NewOrder,1764751456.732473,21526,11,1
1,NewOrder,1764751456.735226,37460,14,1
2,Payment,1764751456.735247,18230,10,1
1,NewOrder,1764751456.740968,27532,4,1
1,NewOrder,1764751456.743047,43017,15,1
1,NewOrder,1764751456.744174,52909,9,1
2,Payment,1764751456.747737,19502,6,1
1,NewOrder,1764751456.747897,49132,2,1
1,NewOrder,1764751456.747899,38168,13,1
2,Payment,1764751456.747937,38183,8,1
1,NewOrder,1764751456.753497,43848,10,1
1,NewOrder,1764751456.753612,60682,0,1
2,Payment,1764751456.754010,32137,11,1
1,NewOrder,1764751456.763444,41590,3,1
3,OrderStatus,1764751456.763462,1135,7,1
2,Payment,1764751456.763497,22634,1,1
1,NewOrder,1764751456.763497,41306,12,1
3,OrderStatus,1764751456.764607,1705,7,1
5,StockLevel,1764751456.766322,30768,7,1
2,Payment,1764751456.767248,37971,6,1
2,Payment,1764751456.768510,36433,4,1
2,Payment,1764751456.772705,32476,14,1
2,Payment,1764751456.786086,34875,15,1
4,Delivery,1764751456.786086,44497,13,1
1,NewOrder,1764751456.786086,49277,5,1
5,StockLevel,1764751456.786134,23752,8,1
4,Delivery,1764751456.786136,34249,1,1
4,Delivery,1764751456.786151,34406,11,1
2,Payment,1764751456.797047,16895,2,1
3,OrderStatus,1764751456.797094,16720,7,1
1,NewOrder,1764751456.797094,23547,9,1
1,NewOrder,1764751456.797354,23426,10,1
1,NewOrder,1764751456.804820,36968,12,1
2,Payment,1764751456.804953,15799,4,1
5,StockLevel,1764751456.805042,47724,3,1
1,NewOrder,1764751456.805188,35485,14,1
1,NewOrder,1764751456.805222,35131,6,1
2,Payment,1764751456.809922,20677,8,1
1,NewOrder,1764751456.813835,33395,7,1
1,NewOrder,1764751456.813954,43393,2,1
2,Payment,1764751456.814303,21033,0,1
1,NewOrder,1764751456.820407,36049,1,1
1,NewOrder,1764751456.820575,35908,11,1
2,Payment,1764751456.820651,19960,9,1
2,Payment,1764751456.820762,19976,4,1
4,Delivery,1764751456.820788,46029,10,1
2,Payment,1764751456.820966,19587,15,1
4,Delivery,1764751456.830601,41828,13,1
1,NewOrder,1764751456.830611,26387,8,1
2,Payment,1764751456.835348,17390,0,1
4,Delivery,1764751456.835373,48533,5,1
1,NewOrder,1764751456.840365,29939,6,1
2,Payment,1764751456.840563,17003,15,1
2,Payment,1764751456.840614,16776,9,1
3,OrderStatus,1764751456.840676,3327,14,1
2,Payment,1764751456.840746,16377,4,1
2,Payment,1764751456.841835,15393,12,1
1,NewOrder,1764751456.844019,23313,14,1
1,NewOrder,1764751456.847242,30603,7,1
5,StockLevel,1764751456.852755,19411,0,1
2,Payment,1764751456.852778,17440,3,1
1,NewOrder,1764751456.856474,37078,1,1
1,NewOrder,1764751456.856495,36988,11,1
2,Payment,1764751456.857012,19010,8,1
5,StockLevel,1764751456.857131,15328,4,1
3,OrderStatus,1764751456.857239,3070,12,1
1,NewOrder,1764751456.857356,33101,2,1
2,Payment,1764751456.857395,18409,9,1
1,NewOrder,1764751456.857575,32843,15,1
1,NewOrder,1764751456.860324,24105,12,1
2,Payment,1764751456.866834,42078,10,1
2,Payment,1764751456.867347,16677,14,1
1,NewOrder,1764751456.870242,27528,3,1
2,Payment,1764751456.870317,20151,6,1
1,NewOrder,1764751456.872178,30471,0,1
1,NewOrder,1764751456.872435,25346,13,1
2,Payment,1764751456.872461,18043,4,1
2,Payment,1764751456.875818,17688,9,1
5,StockLevel,1764751456.876037,2808,8,1
1,NewOrder,1764751456.877856,98410,7,1
1,NewOrder,1764751456.878855,12906,8,1
1,NewOrder,1764751456.883926,86550,5,1
1,NewOrder,1764751456.884043,92303,14,1
1,NewOrder,1764751456.884439,86040,12,1
2,Payment,1764751456.890435,14963,15,1
1,NewOrder,1764751456.890468,80184,2,1
1,NewOrder,1764751456.890471,77369,6,1
5,StockLevel,1764751456.890507,14965,4,1
2,Payment,1764751456.891779,13586,8,1
1,NewOrder,1764751456.893494,76969,11,1
1,NewOrder,1764751456.893516,82799,9,1
1,NewOrder,1764751456.893562,76897,1,1
1,NewOrder,1764751456.897786,83722,3,1
1,NewOrder,1764751456.897794,78664,13,1
2,Payment,1764751456.902666,73613,0,1
1,NewOrder,1764751456.905380,76161,8,1
2,Payment,1764751456.905411,71166,15,1
2,Payment,1764751456.905482,70913,4,1
5,StockLevel,1764751456.908928,74312,10,1
2,Payment,1764751456.967859,17953,6,1
1,NewOrder,1764751456.970474,40842,1,1
4,Delivery,1764751456.970474,40909,11,1
2,Payment,1764751456.970484,40828,5,1
1,NewOrder,1764751456.970486,37490,12,1
1,NewOrder,1764751456.970664,22206,2,1
1,NewOrder,1764751456.976285,49133,7,1
3,OrderStatus,1764751456.976291,6317,0,1
3,OrderStatus,1764751456.976317,1622,9,1
1,NewOrder,1764751456.976348,31502,14,1
2,Payment,1764751456.976402,16801,4,1
2,Payment,1764751456.976461,16583,13,1
1,NewOrder,1764751456.976587,31249,15,1
1,NewOrder,1764751456.977947,29876,9,1
4,Delivery,1764751456.981520,47138,3,1
1,NewOrder,1764751456.981550,29904,8,1
3,OrderStatus,1764751456.982616,25611,0,1
3,OrderStatus,1764751456.983248,14177,10,1
2,Payment,1764751456.985826,22020,6,1
1,NewOrder,1764751456.992894,46147,2,1
2,Payment,1764751456.993055,18316,13,1
1,NewOrder,1764751456.993213,61519,4,1
1,NewOrder,1764751456.997448,28021,10,1
2,Payment,1764751457.007842,17576,9,1
1,NewOrder,1764751457.007847,31199,15,1
2,Payment,1764751457.007855,17659,6,1
1,NewOrder,1764751457.007860,46875,14,1
5,StockLevel,1764751457.007985,17438,12,1
2,Payment,1764751457.008236,30833,0,1
2,Payment,1764751457.011324,27786,5,1
1,NewOrder,1764751457.011324,29675,1,1
2,Payment,1764751457.011394,27645,13,1
3,OrderStatus,1764751457.011397,17175,11,1
1,NewOrder,1764751457.011463,29840,8,1
1,NewOrder,1764751457.025473,33591,7,1
2,Payment,1764751457.025503,29236,9,1
1,NewOrder,1764751457.025519,33412,6,1
2,Payment,1764751457.025528,33425,12,1
2,Payment,1764751457.025539,54638,10,1
5,StockLevel,1764751457.028585,30397,11,1
3,OrderStatus,1764751457.028668,2018,3,1
1,NewOrder,1764751457.030696,42626,3,1
2,Payment,1764751457.039060,20199,2,1
1,NewOrder,1764751457.039060,19984,13,1
2,Payment,1764751457.039060,19893,15,1
5,StockLevel,1764751457.039077,19916,0,1
2,Payment,1764751457.039114,34234,5,1
3,OrderStatus,1764751457.041011,17833,1,1
2,Payment,1764751457.041312,17641,8,1
1,NewOrder,1764751457.054753,46214,4,1
2,Payment,1764751457.054753,39178,9,1
2,Payment,1764751457.054753,25566,14,1
1,NewOrder,1764751457.058860,35040,1,1
2,Payment,1764751457.058958,21203,6,1
2,Payment,1764751457.058963,21210,8,1
1,NewOrder,1764751457.058963,23377,15,1
2,Payment,1764751457.058964,21351,12,1
4,Delivery,1764751457.058992,42019,11,1
4,Delivery,1764751457.058996,57305,0,1
1,NewOrder,1764751457.059052,23183,13,1
1,NewOrder,1764751457.059077,23273,7,1
2,Payment,1764751457.059265,20890,2,1
2,Payment,1764751457.073344,13626,3,1
1,NewOrder,1764751457.073361,27562,5,1
2,Payment,1764751457.080170,22403,2,1
2,Payment,1764751457.080172,15379,6,1
1,NewOrder,1764751457.080181,24267,8,1
2,Payment,1764751457.080186,28479,10,1
2,Payment,1764751457.080319,15580,12,1
1,NewOrder,1764751457.080324,28270,14,1
2,Payment,1764751457.082246,30953,13,1
1,NewOrder,1764751457.082350,26346,15,1
2,Payment,1764751457.082362,31055,7,1
1,NewOrder,1764751457.086984,26246,3,1
1,NewOrder,1764751457.093916,51930,1,1
2,Payment,1764751457.093942,27938,9,1
1,NewOrder,1764751457.095560,19147,6,1
1,NewOrder,1764751457.095909,20230,12,1
2,Payment,1764751457.100978,13853,5,1
1,NewOrder,1764751457.100979,34383,4,1
3,OrderStatus,1764751457.101014,1546,11,1
1,NewOrder,1764751457.102573,43408,11,1
1,NewOrder,1764751457.102587,33054,2,1
1,NewOrder,1764751457.104459,30819,8,1
2,Payment,1764751457.108607,13257,14,1
2,Payment,1764751457.108675,37055,10,1
1,NewOrder,1764751457.108709,32893,15,1
1,NewOrder,1764751457.113242,32574,3,1
2,Payment,1764751457.113258,28371,13,1
1,NewOrder,1764751457.113447,32626,7,1
2,Payment,1764751457.114723,26882,6,1
1,NewOrder,1764751457.114841,35477,5,1
1,NewOrder,1764751457.116194,29884,12,1
1,NewOrder,1764751457.116314,36117,0,1
1,NewOrder,1764751457.121906,30546,9,1
1,NewOrder,1764751457.121906,28412,14,1
1,NewOrder,1764751457.135298,22743,8,1
4,Delivery,1764751457.135373,29363,4,1
2,Payment,1764751457.135649,16957,2,1
2,Payment,1764751457.141616,16483,15,1
1,NewOrder,1764751457.141617,34558,6,1
2,Payment,1764751457.141638,17671,13,1
1,NewOrder,1764751457.145739,30237,10,1
2,Payment,1764751457.145826,14334,3,1
1,NewOrder,1764751457.145856,37874,1,1
1,NewOrder,1764751457.145988,39835,11,1
1,NewOrder,1764751457.146080,34467,7,1
2,Payment,1764751457.146106,34276,12,1
2,Payment,1764751457.150332,14224,5,1
1,NewOrder,1764751457.150332,43881,14,1
2,Payment,1764751457.152442,23616,0,1
1,NewOrder,1764751457.152466,46673,9,1
2,Payment,1764751457.152615,16924,2,1
1,NewOrder,1764751457.158056,36503,8,1
1,NewOrder,1764751457.158109,25620,15,1
2,Payment,1764751457.159319,39554,13,1
1,NewOrder,1764751457.160170,28081,3,1
1,NewOrder,1764751457.164575,29846,5,1
3,OrderStatus,1764751457.164749,13393,4,1
2,Payment,1764751457.169559,15910,2,1
1,NewOrder,1764751457.175996,36365,10,1
2,Payment,1764751457.176071,18192,0,1
1,NewOrder,1764751457.176212,51590,6,1
1,NewOrder,1764751457.178153,33828,4,1
3,OrderStatus,1764751457.180397,14140,12,1
1,NewOrder,1764751457.180558,34519,7,1
1,NewOrder,1764751457.183743,31601,15,1
1,NewOrder,1764751457.183744,44177,1,1
1,NewOrder,1764751457.185481,42236,2,1
2,Payment,1764751457.185836,26435,11,1
5,StockLevel,1764751457.188308,23593,3,1
2,Payment,1764751457.194233,27205,14,1
1,NewOrder,1764751457.194277,52139,0,1
2,Payment,1764751457.194428,20562,5,1
2,Payment,1764751457.194546,33117,12,1
2,Payment,1764751457.194565,26937,8,1
4,Delivery,1764751457.198890,39568,13,1
1,NewOrder,1764751457.199151,37928,9,1
3,OrderStatus,1764751457.211919,5788,3,1
1,NewOrder,1764751457.211993,44355,4,1
1,NewOrder,1764751457.212285,30608,11,1
2,Payment,1764751457.212365,22992,10,1
1,NewOrder,1764751457.215001,35293,5,1
3,OrderStatus,1764751457.215087,20924,7,1
1,NewOrder,1764751457.215355,23091,15,1
1,NewOrder,1764751457.217720,21660,3,1
1,NewOrder,1764751457.221458,28791,14,1
2,Payment,1764751457.221519,16938,8,1
2,Payment,1764751457.227682,15182,12,1
4,Delivery,1764751457.227729,85100,2,1
2,Payment,1764751457.227811,26052,6,1
2,Payment,1764751457.227930,18552,1,1
2,Payment,1764751457.235376,14989,10,1
1,NewOrder,1764751457.236022,33341,7,1
1,NewOrder,1764751457.237088,71339,9,1
1,NewOrder,1764751457.238458,21622,15,1
1,NewOrder,1764751457.238467,68856,8,1
2,Payment,1764751457.238468,30036,13,1
2,Payment,1764751457.239388,14583,3,1
1,NewOrder,1764751457.242878,25703,12,1
4,Delivery,1764751457.242902,101365,11,1
2,Payment,1764751457.246430,23236,0,1
1,NewOrder,1764751457.246486,32297,1,1
1,NewOrder,1764751457.250267,56172,14,1
2,Payment,1764751457.250305,19053,5,1
1,NewOrder,1764751457.250368,59162,10,1
3,OrderStatus,1764751457.253931,1755,6,1
1,NewOrder,1764751457.253973,51616,3,1
1,NewOrder,1764751457.255697,55313,6,1
2,Payment,1764751457.256361,52943,4,1
1,NewOrder,1764751457.260119,70294,15,1
2,Payment,1764751457.268522,38790,13,1
2,Payment,1764751457.268592,75523,12,1
1,NewOrder,1764751457.269368,47865,5,1
1,NewOrder,1764751457.269372,74741,7,1
1,NewOrder,1764751457.269672,74773,0,1
2,Payment,1764751457.278800,79066,1,1
2,Payment,1764751457.305610,43071,3,1
1,NewOrder,1764751457.306450,51350,14,1
1,NewOrder,1764751457.307326,41340,13,1
2,Payment,1764751457.307331,36762,8,1
1,NewOrder,1764751457.308436,74303,9,1
2,Payment,1764751457.309314,43873,4,1
2,Payment,1764751457.309537,34534,10,1
1,NewOrder,1764751457.311022,37695,6,1
1,NewOrder,1764751457.312842,44957,2,1
2,Payment,1764751457.317248,65357,5,1
2,Payment,1764751457.330431,27369,15,1
2,Payment,1764751457.344092,19449,10,1
2,Payment,1764751457.344106,19423,8,1
2,Payment,1764751457.344121,19385,7,1
2,Payment,1764751457.344124,19584,12,1
3,OrderStatus,1764751457.344271,2225,11,1
1,NewOrder,1764751457.344454,47651,0,1
3,OrderStatus,1764751457.346505,17000,11,1
2,Payment,1764751457.348687,120392,13,1
2,Payment,1764751457.348696,18997,3,1
2,Payment,1764751457.348727,119833,6,1
2,Payment,1764751457.353206,111694,4,1
5,StockLevel,1764751457.357820,24786,14,1
2,Payment,1764751457.357820,29105,15,1
2,Payment,1764751457.357820,34260,2,1
2,Payment,1764751457.357874,110911,1,1
5,StockLevel,1764751457.363520,28545,11,1
2,Payment,1764751457.363520,28771,7,1
1,NewOrder,1764751457.363538,100320,8,1
2,Payment,1764751457.363548,28565,10,1
2,Payment,1764751457.363712,28394,12,1
1,NewOrder,1764751457.367713,96337,3,1
2,Payment,1764751457.382627,81244,14,1
2,Payment,1764751457.382627,103640,5,1
3,OrderStatus,1764751457.382747,2723,9,1
1,NewOrder,1764751457.385480,95814,9,1
1,NewOrder,1764751457.386936,94218,15,1
5,StockLevel,1764751457.392082,76344,11,1
2,Payment,1764751457.392090,101324,2,1
1,NewOrder,1764751457.392113,89122,0,1
2,Payment,1764751457.392114,101247,12,1
2,Payment,1764751457.392115,76663,10,1
1,NewOrder,1764751457.392296,89314,7,1
1,NewOrder,1764751457.463878,32907,8,1
1,NewOrder,1764751457.463881,29415,14,1
1,NewOrder,1764751457.464057,38538,3,1
1,NewOrder,1764751457.464908,37858,4,1
1,NewOrder,1764751457.468453,37571,11,1
2,Payment,1764751457.468568,24752,6,1
1,NewOrder,1764751457.468785,28042,10,1
3,OrderStatus,1764751457.468795,12730,1,1
2,Payment,1764751457.469088,44168,13,1
2,Payment,1764751457.481171,21427,15,1
2,Payment,1764751457.481244,21404,0,1
2,Payment,1764751457.481297,15822,9,1
2,Payment,1764751457.481533,50504,1,1
2,Payment,1764751457.481618,31379,7,1
1,NewOrder,1764751457.486284,26849,5,1
2,Payment,1764751457.493314,33604,14,1
1,NewOrder,1764751457.493330,33386,6,1
2,Payment,1764751457.493364,38260,12,1
2,Payment,1764751457.493421,19565,2,1
5,StockLevel,1764751457.496800,30028,8,1
1,NewOrder,1764751457.496836,22317,10,1
3,OrderStatus,1764751457.497126,1396,9,1
2,Payment,1764751457.498531,15123,9,1
4,Delivery,1764751457.502609,56728,15,1
2,Payment,1764751457.502609,36110,3,1
1,NewOrder,1764751457.502656,24245,0,1
1,NewOrder,1764751457.502770,38984,4,1
5,StockLevel,1764751457.506040,21629,11,1
1,NewOrder,1764751457.513001,46652,2,1
2,Payment,1764751457.513009,18067,7,1
2,Payment,1764751457.513140,18113,5,1
1,NewOrder,1764751457.513264,34045,13,1
1,NewOrder,1764751457.513662,28024,9,1
1,NewOrder,1764751457.519177,34190,10,1
1,NewOrder,1764751457.526734,42059,6,1
3,OrderStatus,1764751457.526845,4376,8,1
2,Payment,1764751457.526911,26040,0,1
1,NewOrder,1764751457.526924,41532,14,1
1,NewOrder,1764751457.527678,46904,11,1
3,OrderStatus,1764751457.531091,6944,7,1
1,NewOrder,1764751457.531230,30338,8,1
1,NewOrder,1764751457.531266,42815,5,1
2,Payment,1764751457.531632,27502,12,1
4,Delivery,1764751457.532043,36733,1,1
2,Payment,1764751457.538054,21088,7,1
1,NewOrder,1764751457.538734,35144,3,1
1,NewOrder,1764751457.541704,45168,9,1
1,NewOrder,1764751457.541765,32066,4,1
1,NewOrder,1764751457.547330,52482,13,1
2,Payment,1764751457.552967,20791,0,1
2,Payment,1764751457.553381,20728,10,1
2,Payment,1764751457.559151,27784,12,1
1,NewOrder,1764751457.559155,40619,7,1
1,NewOrder,1764751457.559346,46306,15,1
2,Payment,1764751457.559661,27178,2,1
1,NewOrder,1764751457.561581,25250,8,1
1,NewOrder,1764751457.568476,37172,14,1
1,NewOrder,1764751457.568795,50971,1,1
2,Payment,1764751457.568806,31001,6,1
2,Payment,1764751457.573774,31870,0,1
1,NewOrder,1764751457.573835,36366,4,1
2,Payment,1764751457.573891,31879,3,1
1,NewOrder,1764751457.574087,35977,5,1
1,NewOrder,1764751457.574110,31534,10,1
1,NewOrder,1764751457.574590,35369,11,1
3,OrderStatus,1764751457.586850,1515,8,1
1,NewOrder,1764751457.586850,43390,2,1
1,NewOrder,1764751457.586880,23066,9,1
5,StockLevel,1764751457.586937,22972,12,1
1,NewOrder,1764751457.588375,21247,8,1
5,StockLevel,1764751457.599796,14237,7,1
1,NewOrder,1764751457.599821,42344,6,1
4,Delivery,1764751457.599821,49078,13,1
1,NewOrder,1764751457.605659,36431,14,1
1,NewOrder,1764751457.605660,36369,10,1
1,NewOrder,1764751457.605664,36377,0,1
1,NewOrder,1764751457.605773,36744,3,1
1,NewOrder,1764751457.605830,40367,15,1
1,NewOrder,1764751457.609638,32929,8,1
4,Delivery,1764751457.609921,40604,12,1
2,Payment,1764751457.609957,32346,9,1
1,NewOrder,1764751457.609969,38866,11,1
5,StockLevel,1764751457.610071,31951,5,1
1,NewOrder,1764751457.610210,36241,4,1
1,NewOrder,1764751457.614044,38698,7,1
1,NewOrder,1764751457.619788,26643,1,1
1,NewOrder,1764751457.630261,27122,2,1
1,NewOrder,1764751457.642046,42245,5,1
2,Payment,1764751457.642047,14945,10,1
1,NewOrder,1764751457.642050,32570,0,1
2,Payment,1764751457.642099,14957,14,1
1,NewOrder,1764751457.642169,26962,6,1
1,NewOrder,1764751457.642309,41180,9,1
1,NewOrder,1764751457.642524,40812,3,1
1,NewOrder,1764751457.642569,35981,8,1
1,NewOrder,1764751457.646210,37924,15,1
1,NewOrder,1764751457.646443,32139,1,1
5,StockLevel,1764751457.646465,17550,4,1
3,OrderStatus,1764751457.648848,2347,11,1
5,StockLevel,1764751457.648908,20283,13,1
2,Payment,1764751457.650531,24071,12,1
2,Payment,1764751457.651204,17954,11,1
2,Payment,1764751457.652753,16411,7,1
2,Payment,1764751457.657006,26341,10,1
2,Payment,1764751457.657071,21475,14,1
1,NewOrder,1764751457.657393,26817,2,1
2,Payment,1764751457.664035,19355,4,1
1,NewOrder,1764751457.669151,28339,6,1
2,Payment,1764751457.669172,18739,11,1
2,Payment,1764751457.669218,18760,7,1
2,Payment,1764751457.669585,43446,13,1
2,Payment,1764751457.674619,19284,12,1
2,Payment,1764751457.674632,20017,0,1
4,Delivery,1764751457.678559,55944,8,1
1,NewOrder,1764751457.678564,34365,14,1
2,Payment,1764751457.678591,34767,1,1
2,Payment,1764751457.683352,17679,3,1
1,NewOrder,1764751457.683372,26420,10,1
2,Payment,1764751457.683393,13992,4,1
2,Payment,1764751457.683498,13903,9,1
2,Payment,1764751457.684143,16799,15,1
1,NewOrder,1764751457.684218,37043,2,1
1,NewOrder,1764751457.684295,36966,5,1
1,NewOrder,1764751457.687928,33352,11,1
2,Payment,1764751457.687981,21754,7,1
1,NewOrder,1764751457.693927,35199,12,1
1,NewOrder,1764751457.694660,42796,0,1
1,NewOrder,1764751457.697403,36973,4,1
1,NewOrder,1764751457.697414,37313,9,1
1,NewOrder,1764751457.697503,37032,6,1
1,NewOrder,1764751457.700959,33458,15,1
1,NewOrder,1764751457.701041,36843,3,1
2,Payment,1764751457.709752,19103,7,1
1,NewOrder,1764751457.709802,34572,10,1
2,Payment,1764751457.712945,21521,14,1
1,NewOrder,1764751457.713046,44902,13,1
1,NewOrder,1764751457.713382,40767,1,1
2,Payment,1764751457.721280,13851,2,1
1,NewOrder,1764751457.721292,40028,11,1
1,NewOrder,1764751457.721315,32865,5,1
2,Payment,1764751457.728880,25361,7,1
2,Payment,1764751457.729142,25052,12,1
1,NewOrder,1764751457.734392,26511,4,1
1,NewOrder,1764751457.734428,26444,15,1
1,NewOrder,1764751457.734475,30712,14,1
3,OrderStatus,1764751457.734505,1399,8,1
2,Payment,1764751457.734543,46332,6,1
3,OrderStatus,1764751457.734734,1090,9,1
3,OrderStatus,1764751457.735137,4677,2,1
1,NewOrder,1764751457.735833,29374,9,1
1,NewOrder,1764751457.735913,30770,8,1
2,Payment,1764751457.737471,20275,0,1
2,Payment,1764751457.737901,19823,3,1
2,Payment,1764751457.739825,17895,2,1
1,NewOrder,1764751457.744386,27437,10,1
2,Payment,1764751457.754168,14779,1,1
1,NewOrder,1764751457.754192,22053,5,1
1,NewOrder,1764751457.754204,23599,12,1
2,Payment,1764751457.754245,12508,7,1
2,Payment,1764751457.757738,11135,3,1
1,NewOrder,1764751457.757750,23318,2,1
1,NewOrder,1764751457.757768,27059,0,1
3,OrderStatus,1764751457.757998,3540,13,1
1,NewOrder,1764751457.760886,23928,15,1
2,Payment,1764751457.760914,15303,4,1
2,Payment,1764751457.761330,14892,11,1
1,NewOrder,1764751457.761550,19281,13,1
4,Delivery,1764751457.765199,22539,14,1
1,NewOrder,1764751457.765217,22552,9,1
1,NewOrder,1764751457.766693,24364,8,1
1,NewOrder,1764751457.766765,18035,7,1
1,NewOrder,1764751457.768883,25395,3,1
2,Payment,1764751457.768956,15837,1,1
1,NewOrder,1764751457.771834,19128,10,1
2,Payment,1764751457.776227,14711,4,1
5,StockLevel,1764751457.776232,8567,11,1
5,StockLevel,1764751457.776263,11482,5,1
2,Payment,1764751457.777818,13111,12,1
1,NewOrder,1764751457.780843,17237,13,1
2,Payment,1764751457.780886,13322,6,1
2,Payment,1764751457.781076,17134,2,1
2,Payment,1764751457.784804,35243,1,1
2,Payment,1764751457.784809,13262,11,1
2,Payment,1764751457.784810,23860,7,1
2,Payment,1764751457.784823,13590,15,1
1,NewOrder,1764751457.784837,32869,0,1
2,Payment,1764751457.787749,29861,14,1
1,NewOrder,1764751457.787761,37112,5,1
1,NewOrder,1764751457.787784,30021,9,1
5,StockLevel,1764751457.790940,10369,12,1
1,NewOrder,1764751457.790946,26677,4,1
2,Payment,1764751457.790971,14450,10,1
4,Delivery,1764751457.791060,39897,8,1
1,NewOrder,1764751457.794222,32195,6,1
1,NewOrder,1764751457.794289,32798,3,1
5,StockLevel,1764751457.798083,13065,11,1
2,Payment,1764751457.798091,13067,13,1
1,NewOrder,1764751457.798218,41200,2,1
5,StockLevel,1764751457.798421,12729,15,1
1,NewOrder,1764751457.801319,32062,12,1
5,StockLevel,1764751457.805437,14786,10,1
1,NewOrder,1764751457.808683,28352,7,1
1,NewOrder,1764751457.811162,28359,15,1
1,NewOrder,1764751457.811162,32866,11,1
2,Payment,1764751457.811167,15350,13,1
2,Payment,1764751457.817623,13499,14,1
2,Payment,1764751457.817633,15729,4,1
2,Payment,1764751457.817715,19561,0,1
1,NewOrder,1764751457.817810,21752,9,1
4,Delivery,1764751457.820067,30687,1,1
2,Payment,1764751457.820234,13151,10,1
2,Payment,1764751457.824925,23368,5,1
1,NewOrder,1764751457.826429,21163,6,1
2,Payment,1764751457.826527,12952,13,1
4,Delivery,1764751457.827096,46189,3,1
1,NewOrder,1764751457.830969,23931,8,1
2,Payment,1764751457.831133,16081,14,1
1,NewOrder,1764751457.833372,32190,4,1
1,NewOrder,1764751457.833391,27713,12,1
2,Payment,1764751457.833396,13818,10,1
5,StockLevel,1764751457.837051,14217,7,1
2,Payment,1764751457.837288,17569,0,1
1,NewOrder,1764751457.839428,21087,2,1
1,NewOrder,1764751457.839489,21726,13,1
1,NewOrder,1764751457.839523,18591,15,1
2,Payment,1764751457.839575,38258,9,1
4,Delivery,1764751457.844042,36790,11,1
1,NewOrder,1764751457.847229,25950,14,1
2,Payment,1764751457.847229,13915,10,1
1,NewOrder,1764751457.847601,20927,6,1
2,Payment,1764751457.848303,20217,5,1
1,NewOrder,1764751457.850767,22500,1,1
1,NewOrder,1764751457.851283,26526,7,1
5,StockLevel,1764751457.854876,13714,0,1
2,Payment,1764751457.854902,13615,8,1
2,Payment,1764751457.858128,15012,15,1
2,Payment,1764751457.860566,17259,2,1
5,StockLevel,1764751457.861116,16527,12,1
1,NewOrder,1764751457.861155,24274,10,1
1,NewOrder,1764751457.861218,27226,13,1
2,Payment,1764751457.865579,14638,4,1
1,NewOrder,1764751457.868533,26186,8,1
2,Payment,1764751457.868534,28209,5,1
2,Payment,1764751457.868538,11772,6,1
2,Payment,1764751457.868594,11888,0,1
2,Payment,1764751457.873159,15070,15,1
1,NewOrder,1764751457.873190,23631,14,1
1,NewOrder,1764751457.873276,36203,1,1
1,NewOrder,1764751457.873294,29991,3,1
2,Payment,1764751457.877666,12352,12,1
1,NewOrder,1764751457.877822,24162,7,1
1,NewOrder,1764751457.877834,25499,2,1
2,Payment,1764751457.877847,12202,9,1
2,Payment,1764751457.880231,41062,4,1
2,Payment,1764751457.880321,29131,6,1
1,NewOrder,1764751457.880492,31578,0,1
1,NewOrder,1764751457.880845,31238,11,1
1,NewOrder,1764751457.885448,36391,10,1
2,Payment,1764751457.888245,15022,15,1
2,Payment,1764751457.888460,16092,13,1
1,NewOrder,1764751457.890027,25639,12,1
2,Payment,1764751457.890058,13249,9,1
1,NewOrder,1764751457.894734,20782,8,1
2,Payment,1764751457.896755,12985,5,1
2,Payment,1764751457.896823,24571,14,1
1,NewOrder,1764751457.902001,29368,7,1
1,NewOrder,1764751457.903280,34161,15,1
2,Payment,1764751457.903296,13377,3,1
1,NewOrder,1764751457.903320,9741,9,1
1,NewOrder,1764751457.903342,20350,2,1
2,Payment,1764751457.904563,10980,13,1
1,NewOrder,1764751457.909464,30963,6,1
1,NewOrder,1764751457.909507,28082,1,1
2,Payment,1764751457.909749,37676,5,1
1,NewOrder,1764751457.912086,35094,0,1
2,Payment,1764751457.912094,11574,11,1
2,Payment,1764751457.913069,13236,9,1
3,OrderStatus,1764751457.915528,1098,8,1
1,NewOrder,1764751457.915553,24129,13,1
2,Payment,1764751457.915680,12454,12,1
5,StockLevel,1764751457.916641,11708,8,1
1,NewOrder,1764751457.916682,35105,3,1
2,Payment,1764751457.921311,49435,4,1
3,OrderStatus,1764751457.921397,1626,14,1
2,Payment,1764751457.921851,15797,10,1
2,Payment,1764751457.923032,14378,14,1
1,NewOrder,1764751457.923681,23737,11,1
1,NewOrder,1764751457.923702,31013,2,1
2,Payment,1764751457.926316,25282,9,1
2,Payment,1764751457.928144,12388,12,1
2,Payment,1764751457.928358,11394,8,1
1,NewOrder,1764751457.931383,23379,7,1
1,NewOrder,1764751457.937428,33321,14,1
3,OrderStatus,1764751457.937453,1042,15,1
1,NewOrder,1764751457.937599,33452,1,1
1,NewOrder,1764751457.937656,16989,10,1
2,Payment,1764751457.938504,13085,15,1
1,NewOrder,1764751457.939691,31432,13,1
1,NewOrder,1764751457.939761,33318,8,1
1,NewOrder,1764751457.940437,20985,6,1
2,Payment,1764751457.940535,14515,12,1
2,Payment,1764751457.947202,14231,0,1
1,NewOrder,1764751457.947432,23536,11,1
1,NewOrder,1764751457.947435,34859,5,1
2,Payment,1764751457.951606,12891,15,1
2,Payment,1764751457.951613,19501,9,1
4,Delivery,1764751457.951796,49635,3,1
1,NewOrder,1764751457.954659,28804,10,1
2,Payment,1764751457.954725,21602,2,1
2,Payment,1764751457.954765,18456,7,1
1,NewOrder,1764751457.955056,27192,12,1
1,NewOrder,1764751457.961435,52438,6,1
3,OrderStatus,1764751457.961444,6496,0,1
1,NewOrder,1764751457.964507,49375,15,1
2,Payment,1764751457.967953,14880,0,1
1,NewOrder,1764751457.970763,47996,4,1
2,Payment,1764751457.970765,13963,14,1
2,Payment,1764751457.970977,25555,11,1
3,OrderStatus,1764751457.971054,5896,1,1
1,NewOrder,1764751457.971117,30235,9,1
1,NewOrder,1764751457.971129,30293,13,1
2,Payment,1764751457.973092,23444,8,1
2,Payment,1764751457.973226,23669,7,1
1,NewOrder,1764751457.976353,57634,2,1
5,StockLevel,1764751457.976961,19581,1,1
1,NewOrder,1764751457.982267,32734,12,1
2,Payment,1764751457.982296,31631,5,1
1,NewOrder,1764751457.982849,35978,0,1
2,Payment,1764751457.983482,30388,10,1
1,NewOrder,1764751457.984745,30523,14,1
2,Payment,1764751457.996554,22519,11,1
2,Payment,1764751457.996555,22610,8,1
1,NewOrder,1764751457.996555,37251,1,1
2,Payment,1764751457.996906,22054,7,1
3,OrderStatus,1764751458.001376,1307,9,1
1,NewOrder,1764751458.001439,32430,13,1
1,NewOrder,1764751458.001441,45071,3,1
1,NewOrder,1764751458.002693,50274,9,1
1,NewOrder,1764751458.013892,39678,10,1
1,NewOrder,1764751458.013893,51208,6,1
2,Payment,1764751458.013895,32661,15,1
2,Payment,1764751458.013930,33201,5,1
4,Delivery,1764751458.015009,31387,12,1
2,Payment,1764751458.015277,51645,14,1
2,Payment,1764751458.018772,54067,4,1
1,NewOrder,1764751458.018836,33696,0,1
2,Payment,1764751458.018964,27422,7,1
4,Delivery,1764751458.019083,33857,11,1
1,NewOrder,1764751458.019174,33698,8,1
1,NewOrder,1764751458.033839,31280,1,1
1,NewOrder,1764751458.033886,28650,13,1
2,Payment,1764751458.033995,18670,2,1
2,Payment,1764751458.046410,20505,7,1
4,Delivery,1764751458.046412,26259,12,1
1,NewOrder,1764751458.046527,33362,3,1
2,Payment,1764751458.046564,38060,15,1
2,Payment,1764751458.047140,40415,5,1
2,Payment,1764751458.052554,20234,0,1
3,OrderStatus,1764751458.052669,8466,2,1
1,NewOrder,1764751458.052892,19719,8,1
2,Payment,1764751458.052951,13983,11,1
2,Payment,1764751458.052976,14120,9,1
1,NewOrder,1764751458.053579,36543,10,1
2,Payment,1764751458.061151,18717,2,1
2,Payment,1764751458.062547,18247,13,1
2,Payment,1764751458.065120,19450,6,1
1,NewOrder,1764751458.065131,27881,1,1
1,NewOrder,1764751458.066928,27468,7,1
1,NewOrder,1764751458.066931,20105,14,1
2,Payment,1764751458.066943,17827,11,1
1,NewOrder,1764751458.067108,20445,9,1
2,Payment,1764751458.072632,13998,8,1
1,NewOrder,1764751458.072684,41368,12,1
2,Payment,1764751458.072802,14172,0,1
1,NewOrder,1764751458.072844,20165,4,1
2,Payment,1764751458.079885,13102,2,1
1,NewOrder,1764751458.079912,28002,3,1
2,Payment,1764751458.080803,12184,13,1
5,StockLevel,1764751458.084583,9861,6,1
2,Payment,1764751458.084627,15341,15,1
5,StockLevel,1764751458.084784,9658,11,1
1,NewOrder,1764751458.086641,21447,8,1
2,Payment,1764751458.086983,17162,0,1
2,Payment,1764751458.087044,23800,14,1
2,Payment,1764751458.087563,12398,9,1
2,Payment,1764751458.087565,16582,5,1
2,Payment,1764751458.090136,35951,10,1
2,Payment,1764751458.093004,15035,13,1
1,NewOrder,1764751458.093004,28295,2,1
3,OrderStatus,1764751458.093018,6840,4,1
2,Payment,1764751458.093021,14950,1,1
2,Payment,1764751458.094417,16402,7,1
1,NewOrder,1764751458.094454,31547,11,1
1,NewOrder,1764751458.094729,19324,6,1
1,NewOrder,1764751458.099876,32704,4,1
2,Payment,1764751458.099965,10922,9,1
1,NewOrder,1764751458.099980,29185,15,1
1,NewOrder,1764751458.104163,39794,5,1
1,NewOrder,1764751458.104165,28118,0,1
2,Payment,1764751458.107931,28651,3,1
1,NewOrder,1764751458.107983,24327,1,1
2,Payment,1764751458.108042,13515,13,1
2,Payment,1764751458.108097,17921,8,1
1,NewOrder,1764751458.110832,25791,7,1
1,NewOrder,1764751458.110854,18361,14,1
1,NewOrder,1764751458.110896,28758,9,1
2,Payment,1764751458.114061,25594,12,1
2,Payment,1764751458.114063,15245,6,1
1,NewOrder,1764751458.121319,22692,2,1
4,Delivery,1764751458.121571,34679,13,1
2,Payment,1764751458.126016,13541,11,1
1,NewOrder,1764751458.126029,30122,8,1
2,Payment,1764751458.126096,13480,10,1
1,NewOrder,1764751458.129177,30183,15,1
1,NewOrder,1764751458.129225,26780,14,1
1,NewOrder,1764751458.129325,19842,6,1
1,NewOrder,1764751458.132298,31202,0,1
2,Payment,1764751458.132321,16637,1,1
1,NewOrder,1764751458.132589,30929,4,1
1,NewOrder,1764751458.136600,26883,3,1
2,Payment,1764751458.136625,16443,7,1
3,OrderStatus,1764751458.139573,1992,11,1
2,Payment,1764751458.139588,13501,10,1
2,Payment,1764751458.139663,28040,9,1
2,Payment,1764751458.139665,16350,12,1
2,Payment,1764751458.141576,14427,11,1
1,NewOrder,1764751458.143970,46387,5,1
2,Payment,1764751458.144025,42982,2,1
1,NewOrder,1764751458.148971,55077,1,1
1,NewOrder,1764751458.149179,24184,6,1
2,Payment,1764751458.153083,14586,7,1
2,Payment,1764751458.153100,33809,10,1
2,Payment,1764751458.156020,15141,14,1
1,NewOrder,1764751458.156021,22222,11,1
1,NewOrder,1764751458.156025,22268,12,1
1,NewOrder,1764751458.156155,21976,8,1
3,OrderStatus,1764751458.156288,1137,13,1
5,StockLevel,1764751458.157435,13693,13,1
2,Payment,1764751458.159370,31090,15,1
1,NewOrder,1764751458.163500,36724,3,1
2,Payment,1764751458.163512,14771,0,1
1,NewOrder,1764751458.163527,42185,4,1
3,OrderStatus,1764751458.167687,2844,7,1
2,Payment,1764751458.167720,37752,9,1
1,NewOrder,1764751458.170546,34823,7,1
1,NewOrder,1764751458.171139,35765,13,1
1,NewOrder,1764751458.171164,32869,14,1
2,Payment,1764751458.173376,17370,6,1
2,Payment,1764751458.178146,12281,8,1
1,NewOrder,1764751458.178255,27643,11,1
2,Payment,1764751458.178292,16936,0,1
1,NewOrder,1764751458.178302,21680,12,1
1,NewOrder,1764751458.186937,34691,10,1
1,NewOrder,1764751458.187012,30759,2,1
1,NewOrder,1764751458.190373,26720,5,1
1,NewOrder,1764751458.190429,27430,8,1
2,Payment,1764751458.190473,17533,15,1
1,NewOrder,1764751458.190756,36179,6,1
2,Payment,1764751458.195250,13072,0,1
4,Delivery,1764751458.200007,23243,12,1
2,Payment,1764751458.200237,17934,3,1
1,NewOrder,1764751458.204046,25233,14,1
3,OrderStatus,1764751458.204059,5224,1,1
2,Payment,1764751458.205379,16129,7,1
1,NewOrder,1764751458.205486,48549,9,1
2,Payment,1764751458.205722,18478,4,1
2,Payment,1764751458.205907,15858,11,1
2,Payment,1764751458.206914,15061,13,1
1,NewOrder,1764751458.208016,28312,15,1
2,Payment,1764751458.208331,15831,0,1
1,NewOrder,1764751458.209292,34159,1,1
1,NewOrder,1764751458.217116,43696,5,1
5,StockLevel,1764751458.217792,11533,2,1
5,StockLevel,1764751458.217872,38477,8,1
1,NewOrder,1764751458.218181,38277,3,1
2,Payment,1764751458.221525,14811,7,1
1,NewOrder,1764751458.221640,46180,10,1
1,NewOrder,1764751458.221774,32215,11,1
2,Payment,1764751458.221979,19850,13,1
1,NewOrder,1764751458.223259,33517,12,1
3,OrderStatus,1764751458.224173,8439,0,1
2,Payment,1764751458.224209,17415,4,1
1,NewOrder,1764751458.226954,43042,6,1
1,NewOrder,1764751458.229295,31435,14,1
2,Payment,1764751458.229337,16782,2,1
2,Payment,1764751458.232630,13739,0,1
2,Payment,1764751458.236352,12316,7,1
2,Payment,1764751458.236353,19870,15,1
5,StockLevel,1764751458.241641,13993,4,1
1,NewOrder,1764751458.241840,27984,13,1
2,Payment,1764751458.243466,37722,1,1
2,Payment,1764751458.246131,20190,2,1
2,Payment,1764751458.246380,20875,0,1
2,Payment,1764751458.248683,12146,7,1
1,NewOrder,1764751458.254028,29997,11,1
2,Payment,1764751458.254047,15760,9,1
2,Payment,1764751458.255646,19399,4,1
4,Delivery,1764751458.256232,32180,15,1
1,NewOrder,1764751458.256363,33472,8,1
1,NewOrder,1764751458.256468,24757,3,1
2,Payment,1764751458.256783,18164,12,1
5,StockLevel,1764751458.260751,14327,14,1
5,StockLevel,1764751458.260816,14126,5,1
1,NewOrder,1764751458.260842,27482,7,1
2,Payment,1764751458.266366,31948,2,1
2,Payment,1764751458.267276,14093,0,1
1,NewOrder,1764751458.267830,35872,10,1
4,Delivery,1764751458.269821,34540,9,1
1,NewOrder,1764751458.269836,48029,13,1
2,Payment,1764751458.270000,14120,6,1
3,OrderStatus,1764751458.274964,8335,12,1
2,Payment,1764751458.274964,38798,5,1
2,Payment,1764751458.275048,18169,4,1
1,NewOrder,1764751458.275081,28788,14,1
1,NewOrder,1764751458.281208,34043,1,1
2,Payment,1764751458.281238,17163,3,1
2,Payment,1764751458.281379,22582,0,1
2,Payment,1764751458.283309,20475,12,1
1,NewOrder,1764751458.284033,29736,11,1
1,NewOrder,1764751458.284130,28935,6,1
1,NewOrder,1764751458.288344,21375,7,1
1,NewOrder,1764751458.288426,21254,15,1
1,NewOrder,1764751458.289844,35144,8,1
1,NewOrder,1764751458.293236,48367,4,1
1,NewOrder,1764751458.298336,35118,2,1
3,OrderStatus,1764751458.298414,5390,3,1
2,Payment,1764751458.303722,11757,10,1
1,NewOrder,1764751458.303797,22598,12,1
1,NewOrder,1764751458.303814,29965,3,1
1,NewOrder,1764751458.303874,22529,14,1
2,Payment,1764751458.303970,11359,0,1
1,NewOrder,1764751458.304375,60506,9,1
1,NewOrder,1764751458.309701,53015,15,1
2,Payment,1764751458.309732,15071,7,1
2,Payment,1764751458.313083,117484,6,1
1,NewOrder,1764751458.313776,24847,5,1
2,Payment,1764751458.313779,15509,11,1
2,Payment,1764751458.315262,26304,1,1
1,NewOrder,1764751458.315338,26197,0,1
2,Payment,1764751458.315487,13703,10,1
1,NewOrder,1764751458.317876,20694,13,1
2,Payment,1764751458.324825,36486,7,1
5,StockLevel,1764751458.325002,13557,8,1
2,Payment,1764751458.326404,37859,12,1
4,Delivery,1764751458.326417,104399,14,1
1,NewOrder,1764751458.329209,39284,10,1
2,Payment,1764751458.329290,31884,11,1
1,NewOrder,1764751458.333476,109567,2,1
1,NewOrder,1764751458.333793,96752,3,1
2,Payment,1764751458.338574,81180,8,1
5,StockLevel,1764751458.338581,92124,13,1
5,StockLevel,1764751458.338627,29323,5,1
2,Payment,1764751458.341554,88907,0,1
1,NewOrder,1764751458.341578,88936,1,1
2,Payment,1764751458.341609,83491,4,1
3,OrderStatus,1764751458.361202,11420,11,1
1,NewOrder,1764751458.361327,69056,7,1
2,Payment,1764751458.362724,68007,15,1
2,Payment,1764751458.364272,66636,12,1
1,NewOrder,1764751458.364889,69235,9,1
1,NewOrder,1764751458.367962,79004,5,1
1,NewOrder,1764751458.368504,74517,10,1
1,NewOrder,1764751458.372643,61366,11,1
2,Payment,1764751458.419776,14308,8,1
1,NewOrder,1764751458.425114,36445,4,1
1,NewOrder,1764751458.430401,27715,7,1
1,NewOrder,1764751458.430475,31127,0,1
1,NewOrder,1764751458.430522,38499,1,1
2,Payment,1764751458.430558,16369,3,1
2,Payment,1764751458.430570,23096,6,1
4,Delivery,1764751458.430712,41478,13,1
1,NewOrder,1764751458.430735,30822,15,1
2,Payment,1764751458.430824,16253,14,1
1,NewOrder,1764751458.430915,40783,12,1
2,Payment,1764751458.434024,17195,11,1
1,NewOrder,1764751458.434097,23934,8,1
1,NewOrder,1764751458.434132,37645,9,1
1,NewOrder,1764751458.443049,31518,10,1
1,NewOrder,1764751458.443057,25162,2,1
4,Delivery,1764751458.446946,51631,3,1
2,Payment,1764751458.446978,14537,5,1
1,NewOrder,1764751458.447081,27391,14,1
1,NewOrder,1764751458.451234,32082,11,1
2,Payment,1764751458.453679,14543,6,1
1,NewOrder,1764751458.458048,27580,8,1
2,Payment,1764751458.458129,25252,7,1
1,NewOrder,1764751458.461529,41846,5,1
4,Delivery,1764751458.461561,21722,4,1
1,NewOrder,1764751458.461567,24099,15,1
2,Payment,1764751458.461611,15144,0,1
1,NewOrder,1764751458.468238,35074,2,1
4,Delivery,1764751458.468240,30387,6,1
2,Payment,1764751458.469031,14534,1,1
3,OrderStatus,1764751458.471710,2924,12,1
2,Payment,1764751458.471787,19264,9,1
1,NewOrder,1764751458.472204,26443,13,1
1,NewOrder,1764751458.474489,32215,14,1
2,Payment,1764751458.474577,29395,10,1
1,NewOrder,1764751458.474644,24001,12,1
2,Payment,1764751458.476771,17928,0,1
1,NewOrder,1764751458.483304,31260,4,1
2,Payment,1764751458.483330,20992,11,1
1,NewOrder,1764751458.483390,36909,7,1
2,Payment,1764751458.483573,19688,1,1
5,StockLevel,1764751458.485640,17691,8,1
2,Payment,1764751458.485676,17983,15,1
2,Payment,1764751458.491072,27748,9,1
2,Payment,1764751458.494712,14838,0,1
1,NewOrder,1764751458.498590,35404,3,1
2,Payment,1764751458.498637,10832,6,1
2,Payment,1764751458.498658,10972,12,1
1,NewOrder,1764751458.498659,19142,13,1
2,Payment,1764751458.503278,14449,1,1
1,NewOrder,1764751458.503324,30622,2,1
2,Payment,1764751458.503340,14246,8,1
2,Payment,1764751458.503384,14712,5,1
2,Payment,1764751458.503667,14063,15,1
2,Payment,1764751458.503980,25463,10,1
2,Payment,1764751458.504331,13254,11,1
2,Payment,1764751458.506716,27233,14,1
2,Payment,1764751458.509482,11004,6,1
4,Delivery,1764751458.509561,49043,0,1
1,NewOrder,1764751458.509639,28052,12,1
2,Payment,1764751458.514579,31026,4,1
2,Payment,1764751458.517598,12103,11,1
1,NewOrder,1764751458.517599,22370,8,1
2,Payment,1764751458.517731,11644,1,1
2,Payment,1764751458.517739,32582,15,1
1,NewOrder,1764751458.517810,22169,13,1
2,Payment,1764751458.518105,15876,5,1
2,Payment,1764751458.518827,23260,9,1
2,Payment,1764751458.520308,14046,7,1
2,Payment,1764751458.520495,25290,6,1
2,Payment,1764751458.529394,16396,1,1
2,Payment,1764751458.529455,24018,10,1
1,NewOrder,1764751458.529713,20258,11,1
4,Delivery,1764751458.533963,19583,14,1
3,OrderStatus,1764751458.533963,11963,2,1
2,Payment,1764751458.533990,21888,5,1
2,Payment,1764751458.533996,11914,3,1
1,NewOrder,1764751458.534363,22821,7,1
1,NewOrder,1764751458.537828,17909,12,1
2,Payment,1764751458.539981,13338,8,1
4,Delivery,1764751458.539988,33539,13,1
3,OrderStatus,1764751458.542100,1213,9,1
2,Payment,1764751458.543321,25194,9,1
2,Payment,1764751458.545623,38846,4,1
2,Payment,1764751458.545796,11753,6,1
1,NewOrder,1764751458.545800,28201,1,1
2,Payment,1764751458.545914,15416,3,1
3,OrderStatus,1764751458.545930,4213,2,1
1,NewOrder,1764751458.549984,34413,11,1
1,NewOrder,1764751458.550147,33248,2,1
1,NewOrder,1764751458.550332,26768,15,1
5,StockLevel,1764751458.553331,15129,8,1
2,Payment,1764751458.553483,29915,10,1
1,NewOrder,1764751458.553555,26425,14,1
1,NewOrder,1764751458.555748,24231,12,1
2,Payment,1764751458.555888,17599,5,1
1,NewOrder,1764751458.557194,26287,7,1
2,Payment,1764751458.557557,16013,6,1
2,Payment,1764751458.558615,18485,0,1
1,NewOrder,1764751458.561341,23273,3,1
1,NewOrder,1764751458.568483,21086,8,1
4,Delivery,1764751458.568530,21108,9,1
1,NewOrder,1764751458.573505,23930,5,1
1,NewOrder,1764751458.573538,23658,13,1
2,Payment,1764751458.573574,15958,6,1
1,NewOrder,1764751458.574010,23335,1,1
2,Payment,1764751458.577113,12523,15,1
2,Payment,1764751458.577113,15471,0,1
2,Payment,1764751458.579993,12521,12,1
2,Payment,1764751458.579993,35833,14,1
1,NewOrder,1764751458.583406,41987,2,1
1,NewOrder,1764751458.583408,31415,10,1
5,StockLevel,1764751458.583490,14021,7,1
2,Payment,1764751458.584406,15717,11,1
1,NewOrder,1764751458.584478,38757,4,1
5,StockLevel,1764751458.584623,49435,3,1
2,Payment,1764751458.589556,13881,6,1
2,Payment,1764751458.589582,13939,8,1
2,Payment,1764751458.589645,13901,15,1
1,NewOrder,1764751458.589647,21892,9,1
1,NewOrder,1764751458.592530,13464,12,1
3,OrderStatus,1764751458.592599,5828,0,1
1,NewOrder,1764751458.597215,40301,13,1
2,Payment,1764751458.597448,18537,1,1
1,NewOrder,1764751458.597449,36640,5,1
1,NewOrder,1764751458.597515,36575,7,1
2,Payment,1764751458.598440,13108,0,1
2,Payment,1764751458.600134,31288,11,1
3,OrderStatus,1764751458.603458,2124,6,1
2,Payment,1764751458.603534,12788,8,1
1,NewOrder,1764751458.603555,27758,15,1
1,NewOrder,1764751458.605592,39331,6,1
2,Payment,1764751458.606001,16686,12,1
2,Payment,1764751458.611555,19887,9,1
1,NewOrder,1764751458.611560,22902,0,1
2,Payment,1764751458.614839,30032,10,1
5,StockLevel,1764751458.615837,18197,14,1
2,Payment,1764751458.615995,18276,1,1
4,Delivery,1764751458.616332,39911,8,1
2,Payment,1764751458.622707,11491,12,1
2,Payment,1764751458.623248,10946,4,1
2,Payment,1764751458.625411,43128,2,1
2,Payment,1764751458.631336,16462,15,1
1,NewOrder,1764751458.631435,24794,11,1
2,Payment,1764751458.631451,40696,9,1
4,Delivery,1764751458.634046,30523,14,1
1,NewOrder,1764751458.634069,30679,3,1
2,Payment,1764751458.634099,14296,5,1
1,NewOrder,1764751458.634100,30562,7,1
1,NewOrder,1764751458.634197,25273,4,1
2,Payment,1764751458.634207,17675,12,1
2,Payment,1764751458.634280,14200,1,1
2,Payment,1764751458.634471,17409,0,1
2,Payment,1764751458.637529,32982,13,1
2,Payment,1764751458.644892,14781,10,1
1,NewOrder,1764751458.644926,27288,6,1
2,Payment,1764751458.647812,16712,15,1
1,NewOrder,1764751458.648405,23291,5,1
2,Payment,1764751458.648483,38414,1,1
2,Payment,1764751458.651894,57162,12,1
1,NewOrder,1764751458.651894,23764,0,1
2,Payment,1764751458.656245,12549,11,1
3,OrderStatus,1764751458.656266,891,8,1
2,Payment,1764751458.657165,12480,8,1
2,Payment,1764751458.659480,12708,4,1
1,NewOrder,1764751458.659683,27546,10,1
1,NewOrder,1764751458.664539,44733,15,1
1,NewOrder,1764751458.664579,30009,14,1
1,NewOrder,1764751458.664667,18883,7,1
2,Payment,1764751458.664752,18797,3,1
1,NewOrder,1764751458.668557,42592,2,1
2,Payment,1764751458.668808,15630,11,1
2,Payment,1764751458.669657,13882,8,1
1,NewOrder,1764751458.670520,30322,13,1
4,Delivery,1764751458.671705,60396,5,1
2,Payment,1764751458.672157,14808,9,1
1,NewOrder,1764751458.672197,26066,4,1
1,NewOrder,1764751458.672216,31372,6,1
1,NewOrder,1764751458.675672,48297,0,1
1,NewOrder,1764751458.683561,29726,8,1
1,NewOrder,1764751458.683564,40928,7,1
1,NewOrder,1764751458.683564,27804,3,1
2,Payment,1764751458.684448,13415,11,1
5,StockLevel,1764751458.686910,14798,1,1
1,NewOrder,1764751458.686967,37013,9,1
2,Payment,1764751458.687240,13587,10,1
2,Payment,1764751458.694611,14677,14,1
2,Payment,1764751458.697882,15650,11,1
2,Payment,1764751458.698276,14994,4,1
2,Payment,1764751458.700845,12622,10,1
2,Payment,1764751458.700865,23673,13,1
2,Payment,1764751458.701721,11617,1,1
2,Payment,1764751458.703600,9666,6,1
2,Payment,1764751458.709075,29559,12,1
2,Payment,1764751458.709277,15165,15,1
1,NewOrder,1764751458.709305,22766,14,1
1,NewOrder,1764751458.711162,27626,2,1
1,NewOrder,1764751458.711379,20667,3,1
2,Payment,1764751458.713285,13388,4,1
1,NewOrder,1764751458.713285,21912,6,1
2,Payment,1764751458.713296,13235,8,1
1,NewOrder,1764751458.713347,25487,1,1
2,Payment,1764751458.713477,13043,10,1
2,Payment,1764751458.713538,16301,11,1
1,NewOrder,1764751458.723991,30064,0,1
2,Payment,1764751458.724024,16315,9,1
2,Payment,1764751458.724450,14037,15,1
1,NewOrder,1764751458.724503,24093,7,1
2,Payment,1764751458.724547,24060,13,1
2,Payment,1764751458.726530,27391,10,1
1,NewOrder,1764751458.726541,26151,8,1
2,Payment,1764751458.726676,11964,4,1
3,OrderStatus,1764751458.729851,8714,11,1
2,Payment,1764751458.732057,9684,3,1
1,NewOrder,1764751458.732081,35701,14,1
1,NewOrder,1764751458.732105,35830,5,1
2,Payment,1764751458.735211,10017,6,1
2,Payment,1764751458.738501,14184,15,1
2,Payment,1764751458.738575,10245,11,1
1,NewOrder,1764751458.738647,35764,12,1
5,StockLevel,1764751458.738649,14233,4,1
1,NewOrder,1764751458.738793,35893,2,1
1,NewOrder,1764751458.738838,31375,1,1
1,NewOrder,1764751458.740350,30192,9,1
2,Payment,1764751458.741750,13602,3,1
1,NewOrder,1764751458.745243,29283,6,1
1,NewOrder,1764751458.748612,20705,7,1
2,Payment,1764751458.748618,10554,13,1
1,NewOrder,1764751458.748825,30767,11,1
1,NewOrder,1764751458.752698,26855,15,1
1,NewOrder,1764751458.752702,33341,8,1
2,Payment,1764751458.752891,14933,4,1
1,NewOrder,1764751458.753931,29718,10,1
1,NewOrder,1764751458.754083,34631,0,1
2,Payment,1764751458.755369,12414,3,1
1,NewOrder,1764751458.759189,26935,13,1
1,NewOrder,1764751458.767803,20915,3,1
1,NewOrder,1764751458.767803,34741,14,1
3,OrderStatus,1764751458.767833,11516,4,1
2,Payment,1764751458.767944,15596,5,1
1,NewOrder,1764751458.769326,26059,7,1
1,NewOrder,1764751458.770221,25309,1,1
2,Payment,1764751458.770551,15583,9,1
4,Delivery,1764751458.774424,27798,12,1
1,NewOrder,1764751458.774538,27684,6,1
2,Payment,1764751458.774693,14084,2,1
1,NewOrder,1764751458.779367,37566,4,1
2,Payment,1764751458.779565,15913,15,1
1,NewOrder,1764751458.779602,39463,11,1
1,NewOrder,1764751458.783552,29182,5,1
1,NewOrder,1764751458.783658,27620,10,1
1,NewOrder,1764751458.786058,25492,8,1
2,Payment,1764751458.786127,15723,13,1
1,NewOrder,1764751458.786145,26848,9,1
1,NewOrder,1764751458.788732,37677,0,1
1,NewOrder,1764751458.788732,28110,3,1
4,Delivery,1764751458.788779,53586,2,1
2,Payment,1764751458.795404,14739,7,1
4,Delivery,1764751458.795489,33989,15,1
2,Payment,1764751458.795534,16168,1,1
1,NewOrder,1764751458.801870,24475,13,1
2,Payment,1764751458.802231,39890,6,1
1,NewOrder,1764751458.802234,34999,12,1
1,NewOrder,1764751458.802554,20468,14,1
2,Payment,1764751458.810161,16181,7,1
2,Payment,1764751458.811290,18527,10,1
1,NewOrder,1764751458.811562,33790,8,1
2,Payment,1764751458.811712,17764,1,1
2,Payment,1764751458.812744,16771,5,1
5,StockLevel,1764751458.813002,13474,9,1
3,OrderStatus,1764751458.816860,5609,3,1
1,NewOrder,1764751458.816944,28499,4,1
2,Payment,1764751458.819079,13287,11,1
2,Payment,1764751458.822485,14718,3,1
2,Payment,1764751458.823034,14173,14,1
2,Payment,1764751458.826357,27568,7,1
2,Payment,1764751458.826357,15854,13,1
2,Payment,1764751458.826412,16040,0,1
1,NewOrder,1764751458.826482,31295,9,1
1,NewOrder,1764751458.829486,28262,1,1
1,NewOrder,1764751458.829489,31795,15,1
1,NewOrder,1764751458.829524,23491,5,1
3,OrderStatus,1764751458.829825,12597,10,1
1,NewOrder,1764751458.832375,28768,11,1
2,Payment,1764751458.837216,15700,3,1
1,NewOrder,1764751458.837219,27549,14,1
4,Delivery,1764751458.837242,23983,12,1
1,NewOrder,1764751458.842145,38652,6,1
1,NewOrder,1764751458.842225,24282,13,1
1,NewOrder,1764751458.842375,35068,2,1
1,NewOrder,1764751458.842425,34948,10,1
2,Payment,1764751458.842458,15302,0,1
1,NewOrder,1764751458.845363,24652,8,1
1,NewOrder,1764751458.845446,18386,4,1
2,Payment,1764751458.852938,13222,3,1
2,Payment,1764751458.853029,13548,5,1
1,NewOrder,1764751458.853936,26820,7,1
2,Payment,1764751458.857759,11936,1,1
2,Payment,1764751458.857770,12342,0,1
2,Payment,1764751458.857785,11936,9,1
2,Payment,1764751458.861156,16236,11,1
1,NewOrder,1764751458.861234,27920,12,1
1,NewOrder,1764751458.861289,22177,15,1
2,Payment,1764751458.863847,19825,4,1
3,OrderStatus,1764751458.864780,1567,14,1
2,Payment,1764751458.866176,14499,3,1
2,Payment,1764751458.866358,11987,14,1
2,Payment,1764751458.866516,14164,13,1
1,NewOrder,1764751458.866582,22855,5,1
1,NewOrder,1764751458.869707,33019,1,1
2,Payment,1764751458.869731,13824,9,1
2,Payment,1764751458.870024,13535,8,1
4,Delivery,1764751458.870126,58952,0,1
1,NewOrder,1764751458.877394,32018,10,1
1,NewOrder,1764751458.877406,22270,11,1
1,NewOrder,1764751458.877451,25202,2,1
1,NewOrder,1764751458.878356,21161,14,1
1,NewOrder,1764751458.880688,21884,3,1
3,OrderStatus,1764751458.880690,1990,13,1
1,NewOrder,1764751458.880781,32603,7,1
4,Delivery,1764751458.880806,28833,6,1
1,NewOrder,1764751458.882693,26825,13,1
1,NewOrder,1764751458.883477,22430,15,1
2,Payment,1764751458.883565,29860,9,1
4,Delivery,1764751458.883568,43716,8,1
4,Delivery,1764751458.883681,29847,4,1
2,Payment,1764751458.889174,13479,12,1
2,Payment,1764751458.889468,13076,5,1
4,Delivery,1764751458.899538,24901,14,1
2,Payment,1764751458.899691,13972,11,1
1,NewOrder,1764751458.902560,33552,5,1
2,Payment,1764751458.902584,14206,3,1
1,NewOrder,1764751458.902656,37824,2,1
2,Payment,1764751458.902661,11132,12,1
1,NewOrder,1764751458.902729,26438,1,1
2,Payment,1764751458.905920,11007,15,1
1,NewOrder,1764751458.909432,40376,10,1
5,StockLevel,1764751458.909530,15110,13,1
1,NewOrder,1764751458.909684,22460,6,1
2,Payment,1764751458.913400,15641,7,1
1,NewOrder,1764751458.913427,37736,9,1
1,NewOrder,1764751458.913538,44669,4,1
4,Delivery,1764751458.913676,52728,11,1
1,NewOrder,1764751458.913801,33169,12,1
3,OrderStatus,1764751458.916805,3242,3,1
5,StockLevel,1764751458.916937,12066,15,1
2,Payment,1764751458.920061,15991,3,1
1,NewOrder,1764751458.924453,26188,14,1
1,NewOrder,1764751458.924645,30552,13,1
2,Payment,1764751458.927296,17370,8,1
1,NewOrder,1764751458.929012,32846,15,1
2,Payment,1764751458.929044,20706,7,1
1,NewOrder,1764751458.929080,22717,0,1
1,NewOrder,1764751458.929223,28997,1,1
1,NewOrder,1764751458.932156,34093,6,1
2,Payment,1764751458.936067,14699,3,1
2,Payment,1764751458.936121,15510,5,1
1,NewOrder,1764751458.940502,34567,2,1
2,Payment,1764751458.944682,13505,8,1
2,Payment,1764751458.946986,14805,12,1
1,NewOrder,1764751458.949765,28830,7,1
2,Payment,1764751458.949818,13043,10,1
2,Payment,1764751458.950649,15706,14,1
4,Delivery,1764751458.950768,42959,3,1
2,Payment,1764751458.951170,23749,9,1
2,Payment,1764751458.951639,27409,5,1
1,NewOrder,1764751458.951805,19837,0,1
2,Payment,1764751458.955215,38154,13,1
2,Payment,1764751458.958198,13438,8,1
3,OrderStatus,1764751458.958218,13435,4,1
2,Payment,1764751458.958228,16407,1,1
2,Payment,1764751458.961809,16815,12,1
2,Payment,1764751458.961995,31478,15,1
2,Payment,1764751458.962869,25025,10,1
1,NewOrder,1764751458.966264,27153,6,1
2,Payment,1764751458.966365,14711,14,1
2,Payment,1764751458.966412,15609,11,1
1,NewOrder,1764751458.971649,22155,8,1
2,Payment,1764751458.971652,12447,0,1
1,NewOrder,1764751458.971679,22219,4,1
2,Payment,1764751458.974643,13259,1,1
2,Payment,1764751458.974929,27860,9,1
1,NewOrder,1764751458.975077,18770,2,1
1,NewOrder,1764751458.978611,36589,7,1
3,OrderStatus,1764751458.978659,1591,12,1
1,NewOrder,1764751458.979056,29342,5,1
2,Payment,1764751458.980281,28388,12,1
4,Delivery,1764751458.981082,27457,14,1
5,StockLevel,1764751458.982029,12345,11,1
2,Payment,1764751458.984108,22674,0,1
2,Payment,1764751458.987906,27333,10,1
2,Payment,1764751458.987911,18897,1,1
2,Payment,1764751458.993385,44048,13,1
2,Payment,1764751458.993428,13430,6,1
1,NewOrder,1764751458.993480,24724,15,1
1,NewOrder,1764751458.993735,28223,3,1
1,NewOrder,1764751458.993811,24416,8,1
1,NewOrder,1764751458.993854,41144,2,1
2,Payment,1764751458.993904,12795,4,1
2,Payment,1764751458.994381,14224,11,1
1,NewOrder,1764751459.002805,28571,9,1
1,NewOrder,1764751459.006717,24544,4,1
1,NewOrder,1764751459.006793,28064,0,1
2,Payment,1764751459.006819,15482,1,1
2,Payment,1764751459.006866,11385,6,1
2,Payment,1764751459.008408,16360,5,1
2,Payment,1764751459.008548,16293,14,1
2,Payment,1764751459.008613,16345,11,1
2,Payment,1764751459.008676,13108,12,1
2,Payment,1764751459.015218,19639,7,1
5,StockLevel,1764751459.015251,14427,10,1
1,NewOrder,1764751459.018217,31004,15,1
2,Payment,1764751459.018236,13064,8,1
1,NewOrder,1764751459.018263,22576,6,1
1,NewOrder,1764751459.021799,27430,12,1
1,NewOrder,1764751459.021968,30600,3,1
2,Payment,1764751459.022309,15948,1,1
2,Payment,1764751459.024779,12755,5,1
2,Payment,1764751459.024872,14916,14,1
1,NewOrder,1764751459.024966,27058,11,1
1,NewOrder,1764751459.029694,27962,10,1
2,Payment,1764751459.031274,40485,4,1
2,Payment,1764751459.031311,13012,8,1
2,Payment,1764751459.031384,12955,9,1
2,Payment,1764751459.034866,14331,7,1
1,NewOrder,1764751459.034867,28683,0,1
1,NewOrder,1764751459.035008,33031,2,1
1,NewOrder,1764751459.037447,34199,13,1
2,Payment,1764751459.037543,14769,5,1
2,Payment,1764751459.038265,13743,1,1
2,Payment,1764751459.039800,12249,14,1
2,Payment,1764751459.040849,36583,6,1
1,NewOrder,1764751459.044336,33172,8,1
3,OrderStatus,1764751459.044348,8037,9,1
2,Payment,1764751459.049208,14293,7,1
1,NewOrder,1764751459.049230,28191,15,1
1,NewOrder,1764751459.049236,22448,12,1
1,NewOrder,1764751459.052017,25392,1,1
2,Payment,1764751459.052032,15928,11,1
3,OrderStatus,1764751459.052056,3150,14,1
1,NewOrder,1764751459.052317,28830,5,1
1,NewOrder,1764751459.052393,19491,9,1
2,Payment,1764751459.052578,19090,3,1
2,Payment,1764751459.055217,16482,14,1
1,NewOrder,1764751459.057668,29434,10,1
2,Payment,1764751459.063518,23288,7,1
2,Payment,1764751459.063563,13903,0,1
2,Payment,1764751459.067980,13157,11,1
2,Payment,1764751459.068053,13109,2,1
1,NewOrder,1764751459.071661,26046,13,1
1,NewOrder,1764751459.071679,15122,3,1
2,Payment,1764751459.071692,12989,12,1
2,Payment,1764751459.071707,12932,14,1
1,NewOrder,1764751459.071770,15329,4,1
2,Payment,1764751459.071895,13240,9,1
1,NewOrder,1764751459.077422,38905,1,1
1,NewOrder,1764751459.077430,24258,15,1
1,NewOrder,1764751459.077440,24226,6,1
3,OrderStatus,1764751459.077474,6266,0,1
1,NewOrder,1764751459.077509,34578,8,1
2,Payment,1764751459.081145,12142,11,1
2,Payment,1764751459.081155,11815,5,1
4,Delivery,1764751459.081169,55447,2,1
2,Payment,1764751459.083782,20830,0,1
2,Payment,1764751459.084654,17058,14,1
1,NewOrder,1764751459.084689,24127,12,1
1,NewOrder,1764751459.085142,42472,9,1
2,Payment,1764751459.086813,14864,3,1
2,Payment,1764751459.086815,14860,7,1
2,Payment,1764751459.087107,33749,4,1
4,Delivery,1764751459.087109,46249,10,1
2,Payment,1764751459.092983,11035,5,1
3,OrderStatus,1764751459.093299,1812,11,1
2,Payment,1764751459.095122,13759,11,1
2,Payment,1764751459.097723,14061,13,1
2,Payment,1764751459.101683,14540,6,1
4,Delivery,1764751459.101686,52025,3,1
1,NewOrder,1764751459.101686,23119,7,1
1,NewOrder,1764751459.101695,26089,15,1
2,Payment,1764751459.101713,14500,14,1
1,NewOrder,1764751459.104026,46293,5,1
1,NewOrder,1764751459.104620,23128,0,1
2,Payment,1764751459.108828,21718,12,1
4,Delivery,1764751459.108890,49625,11,1
1,NewOrder,1764751459.111796,35875,13,1
5,StockLevel,1764751459.112096,17905,8,1
1,NewOrder,1764751459.116226,23683,14,1
1,NewOrder,1764751459.116233,31485,6,1
3,OrderStatus,1764751459.116335,11251,1,1
1,NewOrder,1764751459.120878,32965,4,1
5,StockLevel,1764751459.124820,17202,7,1
2,Payment,1764751459.127606,19885,1,1
1,NewOrder,1764751459.127626,33017,9,1
2,Payment,1764751459.127754,19770,0,1
3,OrderStatus,1764751459.127807,1035,15,1
1,NewOrder,1764751459.128850,29604,15,1
2,Payment,1764751459.130011,17575,8,1
2,Payment,1764751459.130554,17031,12,1
1,NewOrder,1764751459.133376,31614,10,1
3,OrderStatus,1764751459.136629,4062,2,1
2,Payment,1764751459.139922,13882,14,1
2,Payment,1764751459.140701,20678,2,1
2,Payment,1764751459.142030,16389,7,1
2,Payment,1764751459.147505,31101,1,1
1,NewOrder,1764751459.147549,30920,0,1
2,Payment,1764751459.147590,13455,8,1
1,NewOrder,1764751459.147594,31202,12,1
1,NewOrder,1764751459.147675,34122,13,1
1,NewOrder,1764751459.147723,39214,6,1
2,Payment,1764751459.150334,14728,5,1
3,OrderStatus,1764751459.153722,3554,3,1
1,NewOrder,1764751459.153813,28062,14,1
1,NewOrder,1764751459.153848,28092,4,1
2,Payment,1764751459.157288,21026,3,1
1,NewOrder,1764751459.158430,28146,7,1
1,NewOrder,1764751459.158455,23366,15,1
1,NewOrder,1764751459.158524,28428,11,1
1,NewOrder,1764751459.160655,26226,9,1
1,NewOrder,1764751459.161054,31810,8,1
2,Payment,1764751459.161432,31119,2,1
2,Payment,1764751459.165005,17140,10,1
1,NewOrder,1764751459.165065,30426,5,1
2,Payment,1764751459.178333,13779,3,1
4,Delivery,1764751459.178479,46714,0,1
4,Delivery,1764751459.178631,33483,1,1
2,Payment,1764751459.178803,16506,12,1
1,NewOrder,1764751459.181811,30249,13,1
1,NewOrder,1764751459.181832,27223,15,1
1,NewOrder,1764751459.181878,30361,14,1
1,NewOrder,1764751459.181943,35984,4,1
2,Payment,1764751459.182152,13139,10,1
2,Payment,1764751459.186592,15258,7,1
3,OrderStatus,1764751459.186892,2706,9,1
1,NewOrder,1764751459.186940,30848,6,1
1,NewOrder,1764751459.186961,30986,11,1
1,NewOrder,1764751459.189611,43719,9,1
1,NewOrder,1764751459.192127,47542,3,1
2,Payment,1764751459.192560,23431,2,1
5,StockLevel,1764751459.192872,16276,8,1
1,NewOrder,1764751459.195304,32841,10,1
2,Payment,1764751459.195322,20376,12,1
1,NewOrder,1764751459.195499,37982,5,1
2,Payment,1764751459.201867,15803,7,1
5,StockLevel,1764751459.209073,11451,15,1
1,NewOrder,1764751459.209159,33413,8,1
2,Payment,1764751459.212070,15988,13,1
2,Payment,1764751459.212123,22723,1,1
1,NewOrder,1764751459.212242,17987,14,1
1,NewOrder,1764751459.215712,27005,12,1
1,NewOrder,1764751459.216000,26635,2,1
2,Payment,1764751459.217681,17498,7,1
2,Payment,1764751459.217793,32256,6,1
1,NewOrder,1764751459.217936,34933,4,1
2,Payment,1764751459.217954,15675,11,1
2,Payment,1764751459.220540,12272,15,1
1,NewOrder,1764751459.225209,21645,0,1
2,Payment,1764751459.228073,14586,13,1
1,NewOrder,1764751459.228155,24789,10,1
2,Payment,1764751459.230238,30008,14,1
2,Payment,1764751459.232822,14104,15,1
2,Payment,1764751459.233339,14467,9,1
3,OrderStatus,1764751459.233492,9273,5,1
1,NewOrder,1764751459.233638,37889,11,1
3,OrderStatus,1764751459.234854,6371,1,1
2,Payment,1764751459.235187,29980,7,1
1,NewOrder,1764751459.239682,41847,3,1
2,Payment,1764751459.241252,17644,1,1
2,Payment,1764751459.242582,10443,8,1
1,NewOrder,1764751459.242647,22533,2,1
2,Payment,1764751459.242666,17657,13,1
1,NewOrder,1764751459.242724,46529,12,1
4,Delivery,1764751459.242772,53318,5,1
2,Payment,1764751459.246865,15629,0,1
1,NewOrder,1764751459.246935,22676,15,1
1,NewOrder,1764751459.247815,24061,9,1
2,Payment,1764751459.250066,30116,6,1
1,NewOrder,1764751459.252885,36379,4,1
1,NewOrder,1764751459.252954,40009,10,1
2,Payment,1764751459.253033,18608,8,1
1,NewOrder,1764751459.258914,32979,1,1
1,NewOrder,1764751459.260283,23034,14,1
2,Payment,1764751459.260333,18966,13,1
2,Payment,1764751459.262505,17943,0,1
2,Payment,1764751459.265182,31218,7,1
1,NewOrder,1764751459.265191,23997,2,1
1,NewOrder,1764751459.269622,22262,15,1
2,Payment,1764751459.271538,14082,11,1
5,StockLevel,1764751459.271645,17533,8,1
2,Payment,1764751459.271884,17293,9,1
2,Payment,1764751459.279316,12577,13,1
2,Payment,1764751459.280199,32837,6,1
2,Payment,1764751459.280458,16137,0,1
2,Payment,1764751459.281539,14498,3,1
1,NewOrder,1764751459.283327,29833,14,1
2,Payment,1764751459.285635,10653,11,1
4,Delivery,1764751459.289193,38671,8,1
2,Payment,1764751459.289193,11904,9,1
5,StockLevel,1764751459.289196,16212,2,1
2,Payment,1764751459.289256,20840,12,1
2,Payment,1764751459.289267,16330,4,1
4,Delivery,1764751459.291892,34590,15,1
2,Payment,1764751459.291902,18410,1,1
4,Delivery,1764751459.291902,36088,13,1
2,Payment,1764751459.292971,19725,10,1
1,NewOrder,1764751459.296048,31968,3,1
1,NewOrder,1764751459.296099,44416,5,1
2,Payment,1764751459.296296,16433,11,1
1,NewOrder,1764751459.296406,31640,7,1
1,NewOrder,1764751459.296599,43751,0,1
1,NewOrder,1764751459.301114,33957,9,1
2,Payment,1764751459.305425,26877,2,1
1,NewOrder,1764751459.305607,40678,4,1
2,Payment,1764751459.310114,21920,12,1
5,StockLevel,1764751459.310327,25280,1,1
1,NewOrder,1764751459.312708,27618,10,1
1,NewOrder,1764751459.312741,30359,11,1
4,Delivery,1764751459.313044,27268,6,1
2,Payment,1764751459.313163,18878,14,1
2,Payment,1764751459.326506,34463,15,1
1,NewOrder,1764751459.327875,43235,8,1
2,Payment,1764751459.327992,17908,13,1
1,NewOrder,1764751459.328018,25449,3,1
1,NewOrder,1764751459.328048,29224,7,1
5,StockLevel,1764751459.332050,13862,12,1
2,Payment,1764751459.332051,14096,14,1
2,Payment,1764751459.332307,16154,2,1
2,Payment,1764751459.335086,13945,9,1
1,NewOrder,1764751459.335616,44043,1,1
3,OrderStatus,1764751459.340342,8790,10,1
1,NewOrder,1764751459.340358,33054,6,1
1,NewOrder,1764751459.340360,20445,0,1
2,Payment,1764751459.340522,16750,5,1
2,Payment,1764751459.343110,14223,11,1
5,StockLevel,1764751459.345910,14905,13,1
3,OrderStatus,1764751459.345920,11352,12,1
1,NewOrder,1764751459.346154,27139,14,1
1,NewOrder,1764751459.346292,42777,4,1
2,Payment,1764751459.348470,12546,2,1
1,NewOrder,1764751459.349039,27814,9,1
1,NewOrder,1764751459.349140,47948,10,1
2,Payment,1764751459.353479,19823,3,1
1,NewOrder,1764751459.357286,32384,12,1
1,NewOrder,1764751459.357286,22347,5,1
1,NewOrder,1764751459.357286,32721,7,1
1,NewOrder,1764751459.357335,31961,11,1
2,Payment,1764751459.360816,22943,0,1
1,NewOrder,1764751459.360824,35631,13,1
2,Payment,1764751459.360986,18706,15,1
2,Payment,1764751459.361023,18652,2,1
2,Payment,1764751459.371126,22473,8,1
1,NewOrder,1764751459.373308,61769,14,1
2,Payment,1764751459.373315,15178,3,1
1,NewOrder,1764751459.373423,33385,6,1
2,Payment,1764751459.376894,14144,9,1
1,NewOrder,1764751459.379647,20499,5,1
2,Payment,1764751459.379669,14254,1,1
1,NewOrder,1764751459.379685,49741,2,1
1,NewOrder,1764751459.379699,58512,15,1
1,NewOrder,1764751459.383770,55291,0,1
5,StockLevel,1764751459.388508,13754,3,1
1,NewOrder,1764751459.389079,59901,4,1
2,Payment,1764751459.389306,12839,11,1
1,NewOrder,1764751459.389676,45794,12,1
1,NewOrder,1764751459.390013,46302,7,1
1,NewOrder,1764751459.391060,68715,9,1
3,OrderStatus,1764751459.393612,5543,8,1
2,Payment,1764751459.393932,38121,1,1
1,NewOrder,1764751459.396465,73756,13,1
2,Payment,1764751459.397098,50798,10,1
5,StockLevel,1764751459.399168,52570,8,1
1,NewOrder,1764751459.400277,41376,5,1
4,Delivery,1764751459.402160,77821,11,1
1,NewOrder,1764751459.402265,63495,3,1
1,NewOrder,1764751459.406821,65112,6,1
1,NewOrder,1764751459.429446,23897,2,1
2,Payment,1764751459.432070,16666,1,1
1,NewOrder,1764751459.435094,36844,14,1
1,NewOrder,1764751459.435479,21952,12,1
1,NewOrder,1764751459.436323,37520,7,1
3,OrderStatus,1764751459.438221,4484,15,1
1,NewOrder,1764751459.439067,43583,0,1
1,NewOrder,1764751459.441665,24025,5,1
2,Payment,1764751459.442713,20668,15,1
2,Payment,1764751459.447910,16074,10,1
2,Payment,1764751459.448746,15541,1,1
2,Payment,1764751459.448986,16726,4,1
1,NewOrder,1764751459.451753,22070,8,1
3,OrderStatus,1764751459.453355,10555,2,1
2,Payment,1764751459.457444,12646,12,1
2,Payment,1764751459.459788,49912,9,1
2,Payment,1764751459.463398,13673,15,1
2,Payment,1764751459.463920,13357,2,1
2,Payment,1764751459.463993,13287,10,1
2,Payment,1764751459.464294,25586,1,1
2,Payment,1764751459.465697,24443,5,1
2,Payment,1764751459.465720,14264,4,1
1,NewOrder,1764751459.465767,23947,3,1
1,NewOrder,1764751459.470107,30636,12,1
1,NewOrder,1764751459.470249,26439,13,1
1,NewOrder,1764751459.471943,16642,6,1
2,Payment,1764751459.471946,17845,14,1
5,StockLevel,1764751459.473831,11514,8,1
5,StockLevel,1764751459.473850,11498,7,1
1,NewOrder,1764751459.477080,23698,15,1
2,Payment,1764751459.477285,32529,2,1
2,Payment,1764751459.477287,12422,10,1
2,Payment,1764751459.479989,10258,11,1
3,OrderStatus,1764751459.479991,9699,4,1
2,Payment,1764751459.482662,14246,0,1
2,Payment,1764751459.485359,15371,8,1
4,Delivery,1764751459.485360,40079,7,1
1,NewOrder,1764751459.488593,27839,6,1
1,NewOrder,1764751459.489697,24464,4,1
2,Payment,1764751459.489717,35457,10,1
3,OrderStatus,1764751459.489723,3735,3,1
2,Payment,1764751459.489798,19318,14,1
1,NewOrder,1764751459.489888,26479,1,1
5,StockLevel,1764751459.490146,19698,5,1
2,Payment,1764751459.490254,18900,11,1
2,Payment,1764751459.493472,15603,3,1
4,Delivery,1764751459.496703,41403,13,1
1,NewOrder,1764751459.496918,37851,0,1
1,NewOrder,1764751459.500742,20638,8,1
1,NewOrder,1764751459.500753,27063,12,1
1,NewOrder,1764751459.500780,42779,15,1
1,NewOrder,1764751459.509090,39751,3,1
1,NewOrder,1764751459.509126,25594,14,1
2,Payment,1764751459.509156,12245,11,1
5,StockLevel,1764751459.509708,15703,9,1
1,NewOrder,1764751459.509818,38900,2,1
2,Payment,1764751459.509846,21179,5,1
1,NewOrder,1764751459.514176,34508,4,1
1,NewOrder,1764751459.516379,21704,1,1
1,NewOrder,1764751459.516441,28143,6,1
1,NewOrder,1764751459.521394,27319,8,1
1,NewOrder,1764751459.521410,35345,11,1
1,NewOrder,1764751459.525189,18302,10,1
1,NewOrder,1764751459.525421,26197,9,1
2,Payment,1764751459.525446,18198,7,1
2,Payment,1764751459.527823,21303,12,1
1,NewOrder,1764751459.531037,35731,5,1
1,NewOrder,1764751459.534735,46703,14,1
1,NewOrder,1764751459.534779,27141,0,1
1,NewOrder,1764751459.538094,23741,1,1
1,NewOrder,1764751459.538114,43461,13,1
5,StockLevel,1764751459.543502,13269,10,1
3,OrderStatus,1764751459.543569,1940,15,1
2,Payment,1764751459.543648,14855,7,1
2,Payment,1764751459.544592,31777,6,1
5,StockLevel,1764751459.545516,12964,15,1
1,NewOrder,1764751459.548694,25564,4,1
4,Delivery,1764751459.548721,64682,2,1
1,NewOrder,1764751459.548722,36708,8,1
2,Payment,1764751459.548849,13000,3,1
1,NewOrder,1764751459.549134,17897,12,1
4,Delivery,1764751459.551626,31298,9,1
2,Payment,1764751459.556771,10031,11,1
1,NewOrder,1764751459.556780,19625,10,1
1,NewOrder,1764751459.558488,33880,15,1
1,NewOrder,1764751459.558511,33764,7,1
1,NewOrder,1764751459.561846,37043,1,1
2,Payment,1764751459.561857,14549,3,1
2,Payment,1764751459.561924,19444,0,1
1,NewOrder,1764751459.566783,28740,5,1
1,NewOrder,1764751459.566812,25335,11,1
1,NewOrder,1764751459.567042,31715,12,1
1,NewOrder,1764751459.574276,24479,4,1
1,NewOrder,1764751459.576383,35026,6,1
1,NewOrder,1764751459.576415,34320,10,1
1,NewOrder,1764751459.576417,34381,3,1
2,Payment,1764751459.581381,17070,0,1
1,NewOrder,1764751459.581441,39395,14,1
1,NewOrder,1764751459.581584,30088,13,1
2,Payment,1764751459.582932,15669,9,1
5,StockLevel,1764751459.585441,13458,8,1
1,NewOrder,1764751459.592170,24759,11,1
2,Payment,1764751459.592288,18454,7,1
1,NewOrder,1764751459.592375,24498,15,1
1,NewOrder,1764751459.595533,35159,5,1
2,Payment,1764751459.598463,16336,0,1
2,Payment,1764751459.598610,14802,9,1
1,NewOrder,1764751459.598760,28320,12,1
2,Payment,1764751459.598766,15525,4,1
1,NewOrder,1764751459.598897,28011,1,1
2,Payment,1764751459.598906,14673,8,1
4,Delivery,1764751459.610754,49143,10,1
2,Payment,1764751459.610771,13174,7,1
2,Payment,1764751459.610807,16227,3,1
2,Payment,1764751459.611417,23357,6,1
2,Payment,1764751459.611677,16124,13,1
1,NewOrder,1764751459.613411,36379,2,1
1,NewOrder,1764751459.613419,46374,9,1
2,Payment,1764751459.613584,13371,8,1
3,OrderStatus,1764751459.614298,4792,4,1
2,Payment,1764751459.614805,16452,0,1
2,Payment,1764751459.616882,10345,15,1
2,Payment,1764751459.616940,14266,11,1
1,NewOrder,1764751459.619103,40733,4,1
2,Payment,1764751459.620847,33678,14,1
2,Payment,1764751459.623959,25858,7,1
1,NewOrder,1764751459.626922,32642,1,1
1,NewOrder,1764751459.626964,39197,8,1
2,Payment,1764751459.627042,13058,3,1
2,Payment,1764751459.627084,13060,12,1
2,Payment,1764751459.627234,13400,15,1
2,Payment,1764751459.627808,50742,13,1
5,StockLevel,1764751459.630704,13776,5,1
2,Payment,1764751459.631217,18659,11,1
1,NewOrder,1764751459.631266,28427,0,1
2,Payment,1764751459.634789,30992,6,1
2,Payment,1764751459.640115,19602,3,1
2,Payment,1764751459.640153,20008,12,1
5,StockLevel,1764751459.640641,13891,15,1
2,Payment,1764751459.644495,15079,5,1
5,StockLevel,1764751459.649804,15989,2,1
1,NewOrder,1764751459.649828,28602,7,1
2,Payment,1764751459.649879,15424,11,1
1,NewOrder,1764751459.654542,23890,14,1
2,Payment,1764751459.654544,20598,15,1
2,Payment,1764751459.659576,22742,1,1
3,OrderStatus,1764751459.659583,6553,5,1
2,Payment,1764751459.659696,22389,0,1
5,StockLevel,1764751459.659725,18789,3,1
5,StockLevel,1764751459.659803,3652,9,1
1,NewOrder,1764751459.659843,24755,4,1
1,NewOrder,1764751459.659900,29035,10,1
1,NewOrder,1764751459.660168,22183,12,1
1,NewOrder,1764751459.663469,25877,9,1
2,Payment,1764751459.665315,17164,11,1
1,NewOrder,1764751459.665794,18509,6,1
1,NewOrder,1764751459.665804,47229,2,1
1,NewOrder,1764751459.666143,29989,5,1
1,NewOrder,1764751459.666168,16946,8,1
5,StockLevel,1764751459.675162,5410,15,1
1,NewOrder,1764751459.678443,28446,7,1
1,NewOrder,1764751459.678460,28226,14,1
4,Delivery,1764751459.678526,102393,3,1
2,Payment,1764751459.678562,18301,13,1
2,Payment,1764751459.680580,15523,15,1
2,Payment,1764751459.682094,13862,0,1
1,NewOrder,1764751459.682326,24296,1,1
3,OrderStatus,1764751459.682353,2955,12,1
4,Delivery,1764751459.682487,93955,11,1
2,Payment,1764751459.683121,17559,8,1
5,StockLevel,1764751459.684311,12936,6,1
2,Payment,1764751459.684604,15928,4,1
2,Payment,1764751459.685315,23694,12,1
1,NewOrder,1764751459.688945,20025,10,1
1,NewOrder,1764751459.689359,19677,9,1
1,NewOrder,1764751459.695973,80571,0,1
1,NewOrder,1764751459.696115,78210,15,1
2,Payment,1764751459.696139,16936,5,1
2,Payment,1764751459.696870,80214,13,1
1,NewOrder,1764751459.697255,77044,6,1
1,NewOrder,1764751459.700542,76095,4,1
1,NewOrder,1764751459.700687,75822,8,1
1,NewOrder,1764751459.706636,75057,1,1
1,NewOrder,1764751459.706695,70002,14,1
2,Payment,1764751459.706897,64428,7,1
2,Payment,1764751459.708979,67487,10,1
2,Payment,1764751459.709020,118910,12,1
1,NewOrder,1764751459.709042,67647,9,1
1,NewOrder,1764751459.713040,86857,2,1
2,Payment,1764751459.713083,67916,5,1
4,Delivery,1764751459.771343,56703,7,1
2,Payment,1764751459.774311,33912,6,1
1,NewOrder,1764751459.774333,40737,15,1
1,NewOrder,1764751459.776449,31766,11,1
2,Payment,1764751459.776473,23506,10,1
1,NewOrder,1764751459.776516,51447,8,1
1,NewOrder,1764751459.776547,38519,0,1
1,NewOrder,1764751459.776644,38461,4,1
4,Delivery,1764751459.776694,38407,9,1
4,Delivery,1764751459.776704,38400,14,1
2,Payment,1764751459.777091,22891,13,1
4,Delivery,1764751459.780927,61943,3,1
1,NewOrder,1764751459.781006,46929,5,1
1,NewOrder,1764751459.781699,46292,1,1
1,NewOrder,1764751459.799918,40842,2,1
2,Payment,1764751459.799982,28065,10,1
1,NewOrder,1764751459.799993,28194,13,1
2,Payment,1764751459.808233,21757,11,1
2,Payment,1764751459.808233,21679,6,1
4,Delivery,1764751459.815080,125743,0,1
2,Payment,1764751459.815109,32105,9,1
2,Payment,1764751459.815110,25613,14,1
1,NewOrder,1764751459.815112,32214,4,1
2,Payment,1764751459.815126,60957,15,1
2,Payment,1764751459.827947,19196,5,1
1,NewOrder,1764751459.827947,37153,12,1
2,Payment,1764751459.827971,19169,8,1
2,Payment,1764751459.828000,25587,1,1
1,NewOrder,1764751459.828051,48149,10,1
2,Payment,1764751459.828053,112665,7,1
1,NewOrder,1764751459.828192,5705,13,1
2,Payment,1764751459.829921,23997,6,1
2,Payment,1764751459.829998,23536,11,1
2,Payment,1764751459.833905,19563,13,1
1,NewOrder,1764751459.840739,35388,14,1
1,NewOrder,1764751459.840769,102335,2,1
1,NewOrder,1764751459.842880,97890,3,1
1,NewOrder,1764751459.847153,93563,5,1
1,NewOrder,1764751459.847154,93565,8,1
2,Payment,1764751459.847225,28864,9,1
2,Payment,1764751459.847332,28756,4,1
3,OrderStatus,1764751459.853486,1188,13,1
1,NewOrder,1764751459.853544,93177,11,1
2,Payment,1764751459.853594,87177,1,1
5,StockLevel,1764751459.853925,86936,6,1
2,Payment,1764751459.854681,86386,13,1
1,NewOrder,1764751459.865131,98351,12,1
2,Payment,1764751459.876102,70676,9,1
2,Payment,1764751459.876102,70581,4,1
2,Payment,1764751459.876102,70711,15,1
1,NewOrder,1764751459.876135,70680,14,1
3,OrderStatus,1764751459.876203,1463,10,1
5,StockLevel,1764751459.877673,69325,10,1
2,Payment,1764751459.940735,82440,5,1
5,StockLevel,1764751459.940735,9254,8,1
1,NewOrder,1764751459.940735,82526,7,1
1,NewOrder,1764751459.940774,82409,1,1
2,Payment,1764751459.940775,15287,3,1
1,NewOrder,1764751459.940826,137052,0,1
1,NewOrder,1764751459.940863,82379,6,1
2,Payment,1764751459.941074,9194,13,1
2,Payment,1764751459.943111,20376,2,1
1,NewOrder,1764751459.946690,131153,4,1
2,Payment,1764751459.946728,18786,11,1
2,Payment,1764751459.946784,16689,9,1
1,NewOrder,1764751459.946817,130962,14,1
2,Payment,1764751459.946819,16669,15,1
1,NewOrder,1764751459.947002,131052,10,1
2,Payment,1764751459.950000,73175,8,1
2,Payment,1764751459.950276,72910,13,1
1,NewOrder,1764751459.956074,124923,3,1
1,NewOrder,1764751459.963493,123210,9,1
2,Payment,1764751459.963493,143809,12,1
1,NewOrder,1764751459.963493,128298,2,1
2,Payment,1764751459.963495,123207,15,1
1,NewOrder,1764751459.965523,124651,11,1
2,Payment,1764751460.023195,67295,13,1
2,Payment,1764751460.023195,66965,5,1
2,Payment,1764751460.023195,67069,8,1
4,Delivery,1764751460.023195,76807,1,1
1,NewOrder,1764751460.023259,67005,6,1
5,StockLevel,1764751460.023265,66907,7,1
4,Delivery,1764751460.077796,22093,14,1
5,StockLevel,1764751460.077853,12413,4,1
5,StockLevel,1764751460.077881,12582,0,1
1,NewOrder,1764751460.078062,22031,10,1
2,Payment,1764751460.081006,15499,3,1
2,Payment,1764751460.086718,13124,9,1
2,Payment,1764751460.086718,13129,15,1
1,NewOrder,1764751460.090169,18176,5,1
5,StockLevel,1764751460.090179,3868,7,1
1,NewOrder,1764751460.090180,84784,11,1
1,NewOrder,1764751460.090267,18220,8,1
2,Payment,1764751460.090267,17073,6,1
2,Payment,1764751460.090271,17074,4,1
1,NewOrder,1764751460.090468,79568,0,1
2,Payment,1764751460.090493,104556,13,1
2,Payment,1764751460.091798,15505,2,1
1,NewOrder,1764751460.094055,101024,7,1
1,NewOrder,1764751460.096514,78464,3,1
3,OrderStatus,1764751460.099851,1237,9,1
4,Delivery,1764751460.099864,84201,15,1
2,Payment,1764751460.099895,70221,14,1
2,Payment,1764751460.100005,83697,1,1
2,Payment,1764751460.100099,69938,10,1
1,NewOrder,1764751460.101093,82629,9,1
2,Payment,1764751460.107312,76395,12,1
1,NewOrder,1764751460.107313,76453,2,1
2,Payment,1764751460.107346,76357,6,1
2,Payment,1764751460.107348,76436,4,1
3,OrderStatus,1764751460.108353,2775,5,1
3,OrderStatus,1764751460.108493,2185,8,1
2,Payment,1764751460.110687,73040,8,1
2,Payment,1764751460.111134,92012,5,1
2,Payment,1764751460.170055,22006,10,1
1,NewOrder,1764751460.170066,24983,0,1
1,NewOrder,1764751460.170119,22018,14,1
2,Payment,1764751460.174979,17131,11,1
5,StockLevel,1764751460.174989,17073,3,1
5,StockLevel,1764751460.183721,19179,12,1
2,Payment,1764751460.183721,33217,1,1
2,Payment,1764751460.183721,19352,6,1
1,NewOrder,1764751460.183729,31130,9,1
2,Payment,1764751460.183733,19479,8,1
2,Payment,1764751460.183771,19243,2,1
1,NewOrder,1764751460.183790,24062,4,1
2,Payment,1764751460.184070,18830,15,1
5,StockLevel,1764751460.192075,1941,3,1
2,Payment,1764751460.192076,15802,10,1
1,NewOrder,1764751460.192116,24872,11,1
2,Payment,1764751460.192143,25166,14,1
1,NewOrder,1764751460.194024,22897,3,1
1,NewOrder,1764751460.195056,29179,13,1
2,Payment,1764751460.195069,19755,0,1
2,Payment,1764751460.195084,29110,7,1
2,Payment,1764751460.202916,35540,15,1
1,NewOrder,1764751460.202916,22232,12,1
1,NewOrder,1764751460.203018,35357,2,1
1,NewOrder,1764751460.203077,21983,6,1
1,NewOrder,1764751460.203148,21953,5,1
1,NewOrder,1764751460.203214,35153,8,1
2,Payment,1764751460.207870,22344,4,1
2,Payment,1764751460.207888,16465,10,1
1,NewOrder,1764751460.214840,32109,0,1
2,Payment,1764751460.214868,64442,9,1
2,Payment,1764751460.216930,30024,3,1
1,NewOrder,1764751460.216949,37677,1,1
2,Payment,1764751460.216995,21485,11,1
4,Delivery,1764751460.217315,33332,14,1
2,Payment,1764751460.224217,27859,7,1
1,NewOrder,1764751460.224246,30678,13,1
2,Payment,1764751460.224363,26342,10,1
1,NewOrder,1764751460.225067,29525,6,1
2,Payment,1764751460.225108,29410,5,1
1,NewOrder,1764751460.225158,42577,12,1
1,NewOrder,1764751460.230232,49220,4,1
2,Payment,1764751460.238385,17806,8,1
1,NewOrder,1764751460.238385,40983,2,1
2,Payment,1764751460.238472,16038,15,1
1,NewOrder,1764751460.238487,46113,11,1
2,Payment,1764751460.246966,28529,0,1
1,NewOrder,1764751460.246968,32476,3,1
2,Payment,1764751460.250661,28715,14,1
1,NewOrder,1764751460.250729,33774,10,1
2,Payment,1764751460.252084,32538,7,1
2,Payment,1764751460.254528,49351,15,1
2,Payment,1764751460.254530,29974,5,1
2,Payment,1764751460.254599,59582,6,1
4,Delivery,1764751460.254634,47257,1,1
2,Payment,1764751460.254930,24438,13,1
1,NewOrder,1764751460.256199,28494,8,1
4,Delivery,1764751460.267753,34010,12,1
4,Delivery,1764751460.275514,68950,0,1
4,Delivery,1764751460.279331,34762,9,1
1,NewOrder,1764751460.279379,38299,13,1
1,NewOrder,1764751460.279380,54916,2,1
2,Payment,1764751460.279384,80201,14,1
2,Payment,1764751460.279451,24345,3,1
4,Delivery,1764751460.279476,54062,4,1
1,NewOrder,1764751460.284518,48803,10,1
1,NewOrder,1764751460.284519,49190,5,1
1,NewOrder,1764751460.284606,33047,11,1
2,Payment,1764751460.284629,53289,7,1
1,NewOrder,1764751460.284695,49022,8,1
1,NewOrder,1764751460.301781,35878,12,1
2,Payment,1764751460.301894,31376,1,1
1,NewOrder,1764751460.303811,41368,3,1
2,Payment,1764751460.303887,29408,15,1
2,Payment,1764751460.314114,23465,9,1
1,NewOrder,1764751460.314184,45084,6,1
2,Payment,1764751460.317670,19967,11,1
2,Payment,1764751460.317688,20129,13,1
1,NewOrder,1764751460.333291,31490,1,1
2,Payment,1764751460.333312,61294,15,1
3,OrderStatus,1764751460.333329,938,10,1
2,Payment,1764751460.333546,31615,4,1
1,NewOrder,1764751460.333718,32326,5,1
1,NewOrder,1764751460.333723,38972,8,1
1,NewOrder,1764751460.334273,33258,10,1
2,Payment,1764751460.334308,25153,2,1
4,Delivery,1764751460.337594,35172,9,1
1,NewOrder,1764751460.337646,28210,11,1
1,NewOrder,1764751460.337666,28348,12,1
1,NewOrder,1764751460.337821,35913,13,1
2,Payment,1764751460.337923,29295,7,1
2,Payment,1764751460.344481,21602,0,1
1,NewOrder,1764751460.345207,49394,3,1
1,NewOrder,1764751460.359289,50901,6,1
2,Payment,1764751460.359471,35810,2,1
2,Payment,1764751460.359596,54203,14,1
2,Payment,1764751460.364797,51609,1,1
2,Payment,1764751460.365169,39383,4,1
2,Payment,1764751460.365866,28732,11,1
4,Delivery,1764751460.366022,38467,12,1
2,Payment,1764751460.366046,62578,5,1
4,Delivery,1764751460.366090,59594,0,1
1,NewOrder,1764751460.367225,43575,7,1
1,NewOrder,1764751460.367537,32039,10,1
2,Payment,1764751460.372713,26930,8,1
1,NewOrder,1764751460.372777,31555,9,1
2,Payment,1764751460.373742,26057,13,1
1,NewOrder,1764751460.394618,31445,3,1
1,NewOrder,1764751460.394618,36978,15,1
3,OrderStatus,1764751460.394627,15690,11,1
1,NewOrder,1764751460.395288,30538,2,1
2,Payment,1764751460.399590,26391,10,1
1,NewOrder,1764751460.399652,31940,8,1
2,Payment,1764751460.399806,25867,13,1
2,Payment,1764751460.404347,35357,9,1
1,NewOrder,1764751460.404499,45897,12,1
4,Delivery,1764751460.404559,27064,4,1
4,Delivery,1764751460.410203,29627,6,1
2,Payment,1764751460.410321,20999,11,1
2,Payment,1764751460.410809,20663,7,1
3,OrderStatus,1764751460.413810,17517,14,1
1,NewOrder,1764751460.416422,34045,1,1
2,Payment,1764751460.425692,13628,13,1
1,NewOrder,1764751460.425694,191687,0,1
1,NewOrder,1764751460.425830,24577,2,1
5,StockLevel,1764751460.425989,18765,10,1
2,Payment,1764751460.426069,13830,3,1
2,Payment,1764751460.428636,16253,5,1
2,Payment,1764751460.431334,25177,11,1
1,NewOrder,1764751460.431339,186163,14,1
1,NewOrder,1764751460.431480,117996,7,1
1,NewOrder,1764751460.431599,187789,8,1
1,NewOrder,1764751460.431601,187937,15,1
4,Delivery,1764751460.431625,195531,4,1
3,OrderStatus,1764751460.439336,3204,13,1
1,NewOrder,1764751460.439712,109777,9,1
1,NewOrder,1764751460.439834,109665,6,1
1,NewOrder,1764751460.439909,109627,3,1
1,NewOrder,1764751460.442553,175751,13,1
2,Payment,1764751460.444768,173284,10,1
2,Payment,1764751460.444901,173642,5,1
1,NewOrder,1764751460.450413,167613,12,1
2,Payment,1764751460.450417,168160,2,1
3,OrderStatus,1764751460.450474,99002,1,1
2,Payment,1764751460.456534,161114,11,1
1,NewOrder,1764751460.549496,98635,1,1
2,Payment,1764751460.549496,83391,7,1
2,Payment,1764751460.549497,98585,9,1
4,Delivery,1764751460.549506,86423,6,1
1,NewOrder,1764751460.549542,98727,3,1
5,StockLevel,1764751460.617400,30586,0,1
1,NewOrder,1764751460.617511,30478,14,1
2,Payment,1764751460.617652,30330,11,1
2,Payment,1764751460.618035,29992,12,1
4,Delivery,1764751460.618057,104063,10,1
2,Payment,1764751460.618309,108593,13,1
2,Payment,1764751460.618547,29615,5,1
3,OrderStatus,1764751460.618578,7232,2,1
2,Payment,1764751460.619393,28593,8,1
2,Payment,1764751460.619541,28452,15,1
2,Payment,1764751460.625825,22384,2,1
1,NewOrder,1764751460.627164,210295,4,1
2,Payment,1764751460.632896,84643,7,1
3,OrderStatus,1764751460.635938,1330,6,1
2,Payment,1764751460.637276,200161,6,1
1,NewOrder,1764751460.647998,189502,11,1
2,Payment,1764751460.647998,78870,8,1
4,Delivery,1764751460.647998,78975,14,1
1,NewOrder,1764751460.647998,78971,0,1
1,NewOrder,1764751460.648000,78941,15,1
2,Payment,1764751460.648033,199323,12,1
1,NewOrder,1764751460.648085,189393,9,1
2,Payment,1764751460.648134,78841,1,1
2,Payment,1764751460.648164,82254,5,1
1,NewOrder,1764751460.648212,78822,2,1
2,Payment,1764751460.648274,78627,3,1
1,NewOrder,1764751460.717553,130338,7,1
1,NewOrder,1764751460.722128,125583,10,1
1,NewOrder,1764751460.726875,128898,8,1
5,StockLevel,1764751460.726909,120325,3,1
2,Payment,1764751460.726911,199653,13,1
2,Payment,1764751460.726943,120609,15,1
2,Payment,1764751460.726975,120408,0,1
1,NewOrder,1764751460.726975,121300,14,1
5,StockLevel,1764751460.726981,120623,1,1
1,NewOrder,1764751460.727037,136151,2,1
2,Payment,1764751460.730428,116989,5,1
1,NewOrder,1764751460.837454,89147,6,1
2,Payment,1764751460.837469,88934,4,1
1,NewOrder,1764751460.837484,89075,9,1
1,NewOrder,1764751460.837506,88998,11,1
1,NewOrder,1764751460.847244,93251,3,1
1,NewOrder,1764751460.847362,79264,12,1
2,Payment,1764751460.847390,79116,0,1
1,NewOrder,1764751460.847419,93211,5,1
1,NewOrder,1764751460.847556,78884,15,1
1,NewOrder,1764751460.847609,92881,1,1
3,OrderStatus,1764751460.847714,2274,10,1
2,Payment,1764751460.847896,78744,7,1
3,OrderStatus,1764751460.848281,1755,14,1
2,Payment,1764751460.849994,76622,10,1
2,Payment,1764751460.850041,76469,14,1
2,Payment,1764751460.855782,80594,8,1
2,Payment,1764751460.863202,77491,2,1
2,Payment,1764751460.926421,14086,4,1
1,NewOrder,1764751460.926449,24068,15,1
1,NewOrder,1764751460.926507,108337,11,1
4,Delivery,1764751460.926512,474899,0,1
1,NewOrder,1764751460.926516,24305,14,1
2,Payment,1764751460.926562,13948,9,1
2,Payment,1764751460.926569,13944,13,1
1,NewOrder,1764751460.926606,23837,6,1
1,NewOrder,1764751460.926617,108309,10,1
1,NewOrder,1764751460.926629,108158,12,1
2,Payment,1764751460.926642,13922,7,1
1,NewOrder,1764751460.936386,274412,8,1
1,NewOrder,1764751460.940496,460789,1,1
3,OrderStatus,1764751460.940501,94487,3,1
2,Payment,1764751460.940512,94274,4,1
1,NewOrder,1764751460.940516,270229,9,1
2,Payment,1764751460.940519,94268,13,1
1,NewOrder,1764751460.940566,460706,7,1
1,NewOrder,1764751460.940631,270078,5,1
2,Payment,1764751460.940697,94302,2,1
2,Payment,1764751460.950456,450808,6,1
1,NewOrder,1764751460.950524,450759,15,1
3,OrderStatus,1764751460.950827,2488,14,1
2,Payment,1764751460.953323,448287,14,1
1,NewOrder,1764751461.034805,378746,4,1
2,Payment,1764751461.034806,397560,12,1
2,Payment,1764751461.034806,374803,13,1
1,NewOrder,1764751461.034851,6504,11,1
1,NewOrder,1764751461.034935,375427,10,1
2,Payment,1764751461.034993,373919,3,1
2,Payment,1764751461.035006,376560,2,1
1,NewOrder,1764751461.041361,374268,11,1
1,NewOrder,1764751461.210735,217648,5,1
2,Payment,1764751461.210755,201213,9,1
2,Payment,1764751461.210800,198098,8,1
2,Payment,1764751461.401282,26881,6,1
1,NewOrder,1764751461.401283,43779,7,1
2,Payment,1764751461.401289,27030,15,1
2,Payment,1764751461.401292,35162,1,1
2,Payment,1764751461.401414,26856,0,1
1,NewOrder,1764751461.401616,38750,14,1
2,Payment,1764751461.408910,27557,8,1
1,NewOrder,1764751461.408920,110302,3,1
1,NewOrder,1764751461.409614,30787,13,1
1,NewOrder,1764751461.410368,29972,10,1
1,NewOrder,1764751461.411572,115275,2,1
2,Payment,1764751461.411974,24536,9,1
2,Payment,1764751461.413557,22909,4,1
1,NewOrder,1764751461.415635,20865,11,1
2,Payment,1764751461.428180,91154,6,1
1,NewOrder,1764751461.428278,9960,0,1
2,Payment,1764751461.428321,90901,15,1
1,NewOrder,1764751461.428389,108501,5,1
2,Payment,1764751461.432375,86855,12,1
1,NewOrder,1764751461.436463,100452,1,1
2,Payment,1764751461.436474,90376,8,1
1,NewOrder,1764751461.436475,104483,4,1
5,StockLevel,1764751461.436503,93807,11,1
2,Payment,1764751461.436515,100485,9,1
2,Payment,1764751461.438243,92155,0,1
1,NewOrder,1764751461.440349,96420,10,1
2,Payment,1764751461.440373,167297,14,1
2,Payment,1764751461.440407,102669,13,1
1,NewOrder,1764751461.445075,162558,7,1
1,NewOrder,1764751461.519240,35076,12,1
2,Payment,1764751461.519240,21812,3,1
2,Payment,1764751461.519247,21850,15,1
1,NewOrder,1764751461.519340,27904,6,1
1,NewOrder,1764751461.526854,80775,2,1
1,NewOrder,1764751461.526857,20356,8,1
2,Payment,1764751461.530317,23833,11,1
2,Payment,1764751461.530404,23237,0,1
2,Payment,1764751461.536784,70751,10,1
1,NewOrder,1764751461.536898,82190,5,1
2,Payment,1764751461.536921,70614,1,1
1,NewOrder,1764751461.537006,82080,9,1
1,NewOrder,1764751461.540965,154376,4,1
4,Delivery,1764751461.541058,154237,3,1
1,NewOrder,1764751461.541103,71464,15,1
1,NewOrder,1764751461.543082,76006,13,1
4,Delivery,1764751461.547222,138481,8,1
2,Payment,1764751461.547250,65340,6,1
1,NewOrder,1764751461.553665,131947,0,1
1,NewOrder,1764751461.554161,131466,11,1
1,NewOrder,1764751461.554320,131348,12,1
2,Payment,1764751461.607554,87607,10,1
1,NewOrder,1764751461.607554,94016,1,1
1,NewOrder,1764751461.607635,90431,2,1
2,Payment,1764751461.607651,88783,7,1
2,Payment,1764751461.607672,89935,14,1
1,NewOrder,1764751461.612573,110174,15,1
1,NewOrder,1764751461.612597,82951,6,1
1,NewOrder,1764751461.619095,174446,9,1
1,NewOrder,1764751461.619096,86359,5,1
1,NewOrder,1764751461.619097,86399,13,1
1,NewOrder,1764751461.685636,37071,0,1
1,NewOrder,1764751461.685636,107770,11,1
1,NewOrder,1764751461.685674,23880,12,1
1,NewOrder,1764751461.685708,49627,8,1
1,NewOrder,1764751461.695169,27581,10,1
1,NewOrder,1764751461.695299,98170,3,1
1,NewOrder,1764751461.695348,98278,4,1
1,NewOrder,1764751461.695551,109973,6,1
1,NewOrder,1764751461.696441,38891,7,1
1,NewOrder,1764751461.697612,37631,14,1
1,NewOrder,1764751461.698072,107491,2,1
2,Payment,1764751461.701578,21126,1,1
2,Payment,1764751461.705463,29814,5,1
2,Payment,1764751461.705497,29738,13,1
1,NewOrder,1764751461.709564,154421,12,1
1,NewOrder,1764751461.722720,142502,1,1
2,Payment,1764751461.722721,82812,0,1
2,Payment,1764751461.722753,83009,15,1
2,Payment,1764751461.722756,82799,10,1
1,NewOrder,1764751461.735247,128669,13,1
2,Payment,1764751461.735251,1307450,14,1
2,Payment,1764751461.735282,128623,5,1
1,NewOrder,1764751461.735338,353193,7,1
3,OrderStatus,1764751461.735341,2853,8,1
1,NewOrder,1764751461.738200,125842,8,1
2,Payment,1764751461.793425,70735,11,1
5,StockLevel,1764751461.793479,70467,3,1
2,Payment,1764751461.793545,419947,9,1
1,NewOrder,1764751461.793632,861389,4,1
2,Payment,1764751461.805537,408136,6,1
1,NewOrder,1764751461.805541,849379,0,1
1,NewOrder,1764751461.805560,850488,10,1
2,Payment,1764751461.805568,849321,2,1
2,Payment,1764751461.805767,407996,15,1
2,Payment,1764751461.863924,789007,5,1
2,Payment,1764751461.863924,789034,13,1
5,StockLevel,1764751461.863951,792198,3,1
1,NewOrder,1764751461.863992,790902,12,1
4,Delivery,1764751461.864048,791073,8,1
1,NewOrder,1764751461.864163,789211,11,1
3,OrderStatus,1764751461.865228,787634,1,1
1,NewOrder,1764751462.088548,959957,7,1
1,NewOrder,1764751462.213512,835316,9,1
1,NewOrder,1764751462.213683,829086,6,1
2,Payment,1764751462.213769,841414,15,1
2,Payment,1764751462.652881,395499,1,1
2,Payment,1764751462.652939,428785,5,1
2,Payment,1764751462.652965,395497,13,1
1,NewOrder,1764751462.653379,396239,11,1
2,Payment,1764751462.654894,426851,2,1
2,Payment,1764751462.654899,461088,12,1
2,Payment,1764751462.654921,393555,0,1
2,Payment,1764751462.655023,394547,4,1
2,Payment,1764751462.655127,393391,8,1
2,Payment,1764751462.656063,393885,10,1
1,NewOrder,1764751462.656160,392474,3,1
1,NewOrder,1764751463.042719,42603,14,1
2,Payment,1764751463.042778,12314,6,1
1,NewOrder,1764751463.048388,38272,1,1
2,Payment,1764751463.048468,37093,13,1
1,NewOrder,1764751463.048481,61163,0,1
2,Payment,1764751463.048508,37017,7,1
2,Payment,1764751463.048524,33231,8,1
1,NewOrder,1764751463.048637,36698,3,1
1,NewOrder,1764751463.048833,37782,9,1
1,NewOrder,1764751463.049576,24066,4,1
1,NewOrder,1764751463.049620,35777,11,1
2,Payment,1764751463.049954,35370,10,1
1,NewOrder,1764751463.055107,60265,6,1
1,NewOrder,1764751463.055186,46624,15,1
1,NewOrder,1764751463.073651,50320,4,1
1,NewOrder,1764751463.081734,33622,5,1
1,NewOrder,1764751463.081753,33405,2,1
1,NewOrder,1764751463.081761,42236,8,1
2,Payment,1764751463.085330,29680,10,1
2,Payment,1764751463.085331,29676,14,1
2,Payment,1764751463.085341,29884,3,1
1,NewOrder,1764751463.085399,48567,11,1
2,Payment,1764751463.085530,29400,7,1
1,NewOrder,1764751463.085564,29585,13,1
1,NewOrder,1764751463.086621,28506,9,1
2,Payment,1764751463.086665,37266,1,1
3,OrderStatus,1764751463.101828,13684,15,1
1,NewOrder,1764751463.109660,35330,0,1
2,Payment,1764751463.114940,19408,7,1
1,NewOrder,1764751463.115014,29934,14,1
1,NewOrder,1764751463.115016,32748,10,1
2,Payment,1764751463.115130,18981,9,1
4,Delivery,1764751463.115157,32708,13,1
1,NewOrder,1764751463.115162,36591,2,1
1,NewOrder,1764751463.115230,32561,3,1
3,OrderStatus,1764751463.115362,18707,5,1
2,Payment,1764751463.115378,32561,6,1
1,NewOrder,1764751463.115516,25356,15,1
4,Delivery,1764751463.115992,34029,12,1
2,Payment,1764751463.123941,16939,1,1
2,Payment,1764751463.123993,20969,4,1
2,Payment,1764751463.124001,24247,8,1
4,Delivery,1764751463.133981,29277,11,1
2,Payment,1764751463.134077,40648,5,1
1,NewOrder,1764751463.134117,27994,9,1
1,NewOrder,1764751463.134354,20769,7,1
1,NewOrder,1764751463.140880,33993,15,1
1,NewOrder,1764751463.140886,22365,1,1
5,StockLevel,1764751463.144957,17117,14,1
2,Payment,1764751463.144969,13234,4,1
1,NewOrder,1764751463.144996,29433,0,1
1,NewOrder,1764751463.147772,29564,10,1
2,Payment,1764751463.147793,14304,3,1
2,Payment,1764751463.147867,14792,13,1
1,NewOrder,1764751463.147942,29291,6,1
2,Payment,1764751463.148268,14992,8,1
1,NewOrder,1764751463.150027,24091,12,1
2,Payment,1764751463.151760,11521,2,1
2,Payment,1764751463.155130,9122,7,1
3,OrderStatus,1764751463.158212,9845,4,1
4,Delivery,1764751463.162082,27147,14,1
2,Payment,1764751463.162104,15058,3,1
3,OrderStatus,1764751463.162117,11880,9,1
1,NewOrder,1764751463.162667,26571,13,1
5,StockLevel,1764751463.163257,16867,1,1
1,NewOrder,1764751463.163263,26092,11,1
2,Payment,1764751463.163266,14150,8,1
2,Payment,1764751463.163282,14149,2,1
1,NewOrder,1764751463.164268,25109,7,1
1,NewOrder,1764751463.168066,23279,4,1
2,Payment,1764751463.174005,15231,9,1
1,NewOrder,1764751463.174124,26428,12,1
2,Payment,1764751463.174434,16913,0,1
2,Payment,1764751463.174731,14748,5,1
3,OrderStatus,1764751463.174880,9886,15,1
2,Payment,1764751463.177169,14152,3,1
2,Payment,1764751463.177239,14205,6,1
1,NewOrder,1764751463.177344,23661,10,1
4,Delivery,1764751463.177423,97401,8,1
2,Payment,1764751463.177436,14030,2,1
2,Payment,1764751463.180138,24454,1,1
4,Delivery,1764751463.184777,91219,15,1
3,OrderStatus,1764751463.189244,863,14,1
1,NewOrder,1764751463.189244,74514,9,1
2,Payment,1764751463.189246,15283,13,1
4,Delivery,1764751463.189359,86571,11,1
1,NewOrder,1764751463.189378,85445,7,1
2,Payment,1764751463.189482,15012,5,1
1,NewOrder,1764751463.190113,84723,14,1
2,Payment,1764751463.191327,68373,3,1
2,Payment,1764751463.191348,13185,0,1
2,Payment,1764751463.191351,84527,4,1
2,Payment,1764751463.191453,68304,6,1
2,Payment,1764751463.191472,112700,2,1
4,Delivery,1764751463.200565,75547,12,1
4,Delivery,1764751463.201014,75172,10,1
2,Payment,1764751463.204505,91365,5,1
2,Payment,1764751463.204535,71445,0,1
4,Delivery,1764751463.204543,74278,13,1
2,Payment,1764751463.204594,71901,1,1
2,Payment,1764751463.259719,20303,3,1
1,NewOrder,1764751463.259766,36147,6,1
2,Payment,1764751463.263765,19402,9,1
1,NewOrder,1764751463.274839,38494,7,1
1,NewOrder,1764751463.274839,39004,8,1
1,NewOrder,1764751463.274842,38463,14,1
2,Payment,1764751463.275884,37467,4,1
2,Payment,1764751463.275936,28182,11,1
2,Payment,1764751463.275986,28137,0,1
2,Payment,1764751463.276001,28115,15,1
2,Payment,1764751463.276115,28008,12,1
1,NewOrder,1764751463.276190,37152,10,1
3,OrderStatus,1764751463.276501,19361,1,1
1,NewOrder,1764751463.278826,34289,13,1
2,Payment,1764751463.280029,24238,3,1
1,NewOrder,1764751463.283179,30107,9,1
2,Payment,1764751463.295878,98438,1,1
2,Payment,1764751463.295879,91969,5,1
1,NewOrder,1764751463.295916,20094,6,1
2,Payment,1764751463.304129,66512,15,1
1,NewOrder,1764751463.304131,81890,0,1
2,Payment,1764751463.304131,66515,12,1
2,Payment,1764751463.304131,66519,11,1
2,Payment,1764751463.304175,66491,2,1
2,Payment,1764751463.304270,69131,3,1
2,Payment,1764751463.313131,92327,13,1
1,NewOrder,1764751463.313296,72857,9,1
2,Payment,1764751463.313312,81066,14,1
1,NewOrder,1764751463.313335,72690,7,1
1,NewOrder,1764751463.313345,72713,10,1
2,Payment,1764751463.313353,88174,4,1
2,Payment,1764751463.313850,72170,8,1
2,Payment,1764751463.316019,70085,6,1
1,NewOrder,1764751463.370656,23781,15,1
2,Payment,1764751463.370656,17273,12,1
1,NewOrder,1764751463.370657,23429,11,1
2,Payment,1764751463.370672,53533,2,1
3,OrderStatus,1764751463.373408,20654,3,1
1,NewOrder,1764751463.386034,26294,8,1
2,Payment,1764751463.386035,19322,0,1
2,Payment,1764751463.386035,15664,7,1
4,Delivery,1764751463.386059,37991,10,1
4,Delivery,1764751463.386110,19423,6,1
1,NewOrder,1764751463.386155,26182,9,1
1,NewOrder,1764751463.387854,22319,5,1
1,NewOrder,1764751463.387935,18412,12,1
1,NewOrder,1764751463.394070,30191,3,1
1,NewOrder,1764751463.394088,18359,11,1
1,NewOrder,1764751463.394323,29845,1,1
1,NewOrder,1764751463.394384,29670,14,1
2,Payment,1764751463.394443,17936,15,1
2,Payment,1764751463.401541,10992,4,1
2,Payment,1764751463.401715,16875,7,1
3,OrderStatus,1764751463.405367,13221,0,1
2,Payment,1764751463.405465,18687,13,1
2,Payment,1764751463.405539,28548,6,1
2,Payment,1764751463.406353,31160,12,1
2,Payment,1764751463.410184,20003,5,1
2,Payment,1764751463.412336,17589,8,1
2,Payment,1764751463.412344,17519,9,1
1,NewOrder,1764751463.412384,21745,15,1
4,Delivery,1764751463.412453,27389,11,1
1,NewOrder,1764751463.412538,21619,4,1
2,Payment,1764751463.418596,16035,0,1
2,Payment,1764751463.418596,79968,7,1
4,Delivery,1764751463.424057,84305,10,1
4,Delivery,1764751463.424060,21090,14,1
1,NewOrder,1764751463.424156,79967,13,1
1,NewOrder,1764751463.424174,15874,1,1
1,NewOrder,1764751463.424207,79899,2,1
1,NewOrder,1764751463.424267,79936,3,1
2,Payment,1764751463.429875,14775,9,1
4,Delivery,1764751463.429932,78198,8,1
1,NewOrder,1764751463.430193,73933,5,1
1,NewOrder,1764751463.434094,73845,6,1
1,NewOrder,1764751463.434131,74172,15,1
1,NewOrder,1764751463.434163,87057,4,1
1,NewOrder,1764751463.434636,73894,0,1
1,NewOrder,1764751463.437523,71144,12,1
1,NewOrder,1764751463.439850,68205,11,1
2,Payment,1764751463.440077,64054,1,1
2,Payment,1764751463.444659,63551,9,1
1,NewOrder,1764751463.445158,63502,14,1
1,NewOrder,1764751463.498582,26616,7,1
1,NewOrder,1764751463.504122,25632,2,1
1,NewOrder,1764751463.504131,21087,13,1
2,Payment,1764751463.504134,17022,5,1
2,Payment,1764751463.504136,17031,1,1
1,NewOrder,1764751463.504209,30750,3,1
2,Payment,1764751463.507950,17150,6,1
2,Payment,1764751463.508061,17282,11,1
4,Delivery,1764751463.508136,30589,8,1
1,NewOrder,1764751463.508213,26754,9,1
1,NewOrder,1764751463.508307,45176,15,1
1,NewOrder,1764751463.508365,26673,10,1
2,Payment,1764751463.508539,16640,0,1
2,Payment,1764751463.508666,16422,14,1
5,StockLevel,1764751463.508672,16412,12,1
1,NewOrder,1764751463.521171,27767,5,1
2,Payment,1764751463.521175,13759,1,1
1,NewOrder,1764751463.521226,27699,4,1
2,Payment,1764751463.525097,13282,14,1
2,Payment,1764751463.525097,13429,12,1
1,NewOrder,1764751463.525106,28459,6,1
2,Payment,1764751463.525185,13287,0,1
1,NewOrder,1764751463.525204,28272,7,1
4,Delivery,1764751463.525227,30850,13,1
2,Payment,1764751463.525348,13132,11,1
1,NewOrder,1764751463.529762,34833,2,1
2,Payment,1764751463.534944,18477,1,1
1,NewOrder,1764751463.534965,18588,3,1
2,Payment,1764751463.534973,18507,9,1
1,NewOrder,1764751463.535041,18476,10,1
1,NewOrder,1764751463.538387,17745,14,1
1,NewOrder,1764751463.538478,35975,0,1
1,NewOrder,1764751463.538485,26081,11,1
2,Payment,1764751463.538532,17567,12,1
2,Payment,1764751463.538730,14750,8,1
2,Payment,1764751463.548937,12670,4,1
2,Payment,1764751463.548946,25416,5,1
1,NewOrder,1764751463.553432,30563,1,1
2,Payment,1764751463.553484,13065,7,1
1,NewOrder,1764751463.553487,17693,8,1
1,NewOrder,1764751463.553488,20781,9,1
1,NewOrder,1764751463.553489,20945,15,1
2,Payment,1764751463.553522,13085,10,1
1,NewOrder,1764751463.553561,24769,3,1
2,Payment,1764751463.553569,24694,6,1
2,Payment,1764751463.556083,10719,13,1
2,Payment,1764751463.556105,22079,12,1
3,OrderStatus,1764751463.556133,10330,14,1
1,NewOrder,1764751463.561619,22257,4,1
2,Payment,1764751463.564600,11634,11,1
1,NewOrder,1764751463.564602,28186,2,1
1,NewOrder,1764751463.566469,17458,14,1
2,Payment,1764751463.566555,26357,7,1
1,NewOrder,1764751463.566613,29790,10,1
1,NewOrder,1764751463.566807,22072,13,1
2,Payment,1764751463.571187,12677,8,1
1,NewOrder,1764751463.574277,22031,9,1
2,Payment,1764751463.574368,18383,5,1
1,NewOrder,1764751463.574438,21963,15,1
1,NewOrder,1764751463.574459,32913,0,1
2,Payment,1764751463.576242,16509,11,1
4,Delivery,1764751463.578270,18307,6,1
1,NewOrder,1764751463.578296,29094,12,1
1,NewOrder,1764751463.578333,30004,3,1
1,NewOrder,1764751463.583874,24693,8,1
1,NewOrder,1764751463.583883,36665,4,1
2,Payment,1764751463.583969,12328,14,1
2,Payment,1764751463.584002,12407,1,1
1,NewOrder,1764751463.588888,19863,13,1
2,Payment,1764751463.592763,15718,11,1
2,Payment,1764751463.592763,15822,5,1
2,Payment,1764751463.592790,19675,2,1
2,Payment,1764751463.592921,15727,7,1
1,NewOrder,1764751463.596305,19723,14,1
2,Payment,1764751463.596315,12125,9,1
2,Payment,1764751463.596405,12121,15,1
2,Payment,1764751463.596412,25758,10,1
5,StockLevel,1764751463.596416,12484,1,1
1,NewOrder,1764751463.596584,29610,6,1
1,NewOrder,1764751463.607379,29741,0,1
2,Payment,1764751463.607396,14851,12,1
1,NewOrder,1764751463.608343,17914,3,1
1,NewOrder,1764751463.608484,18124,9,1
2,Payment,1764751463.608486,13754,11,1
2,Payment,1764751463.608529,13752,15,1
4,Delivery,1764751463.608572,28478,8,1
1,NewOrder,1764751463.608590,16354,5,1
1,NewOrder,1764751463.608650,16319,7,1
2,Payment,1764751463.608755,40350,13,1
2,Payment,1764751463.608903,28350,1,1
2,Payment,1764751463.612474,13677,2,1
2,Payment,1764751463.616038,20129,14,1
2,Payment,1764751463.620557,11136,4,1
2,Payment,1764751463.622181,14101,10,1
1,NewOrder,1764751463.622247,26796,11,1
2,Payment,1764751463.622253,13917,12,1
2,Payment,1764751463.622283,26899,15,1
5,StockLevel,1764751463.624952,12099,5,1
1,NewOrder,1764751463.624971,24202,7,1
2,Payment,1764751463.626157,23472,2,1
1,NewOrder,1764751463.626200,22900,6,1
2,Payment,1764751463.626262,10921,3,1
1,NewOrder,1764751463.626612,25326,9,1
2,Payment,1764751463.631701,13180,4,1
2,Payment,1764751463.636172,25406,14,1
1,NewOrder,1764751463.636177,16019,12,1
1,NewOrder,1764751463.636284,23286,10,1
2,Payment,1764751463.637056,35404,5,1
1,NewOrder,1764751463.637077,15318,8,1
5,StockLevel,1764751463.637123,11930,0,1
2,Payment,1764751463.637189,12052,3,1
2,Payment,1764751463.637263,24294,1,1
2,Payment,1764751463.644892,14658,4,1
2,Payment,1764751463.649052,12547,11,1
2,Payment,1764751463.649060,12513,0,1
1,NewOrder,1764751463.649106,29991,6,1
2,Payment,1764751463.649112,13493,13,1
2,Payment,1764751463.649180,14611,7,1
1,NewOrder,1764751463.649190,29905,15,1
2,Payment,1764751463.649245,12395,3,1
2,Payment,1764751463.649635,29559,2,1
2,Payment,1764751463.651950,10367,9,1
1,NewOrder,1764751463.652205,27194,12,1
2,Payment,1764751463.652405,13871,8,1
2,Payment,1764751463.659562,27437,4,1
2,Payment,1764751463.659580,15920,10,1
2,Payment,1764751463.661564,31131,1,1
2,Payment,1764751463.661586,13875,14,1
1,NewOrder,1764751463.661604,31019,0,1
1,NewOrder,1764751463.661606,25420,11,1
1,NewOrder,1764751463.661646,25493,3,1
4,Delivery,1764751463.662324,16861,9,1
1,NewOrder,1764751463.662612,24442,13,1
1,NewOrder,1764751463.663797,15305,7,1
2,Payment,1764751463.666283,12818,8,1
2,Payment,1764751463.672468,25550,5,1
2,Payment,1764751463.675472,11966,14,1
2,Payment,1764751463.675509,11901,10,1
2,Payment,1764751463.679102,19007,15,1
2,Payment,1764751463.679103,10246,6,1
2,Payment,1764751463.679107,10245,8,1
3,OrderStatus,1764751463.679108,8013,7,1
5,StockLevel,1764751463.679193,10153,9,1
1,NewOrder,1764751463.679197,26346,2,1
2,Payment,1764751463.679404,9954,12,1
1,NewOrder,1764751463.687012,20628,4,1
2,Payment,1764751463.687033,11041,11,1
2,Payment,1764751463.687059,13014,13,1
1,NewOrder,1764751463.687125,28312,7,1
5,StockLevel,1764751463.687146,10790,3,1
1,NewOrder,1764751463.687415,20153,10,1
2,Payment,1764751463.687440,20653,14,1
2,Payment,1764751463.689352,10772,9,1
1,NewOrder,1764751463.689356,16257,6,1
2,Payment,1764751463.689357,10764,8,1
1,NewOrder,1764751463.689364,18217,12,1
1,NewOrder,1764751463.692630,25822,0,1
2,Payment,1764751463.692701,15263,1,1
2,Payment,1764751463.697943,10228,3,1
1,NewOrder,1764751463.698024,25977,5,1
2,Payment,1764751463.698076,9464,11,1
5,StockLevel,1764751463.698112,9549,15,1
2,Payment,1764751463.700079,10808,13,1
2,Payment,1764751463.700126,10399,8,1
1,NewOrder,1764751463.700129,23928,9,1
1,NewOrder,1764751463.705551,23625,2,1
2,Payment,1764751463.705619,12729,6,1
2,Payment,1764751463.707547,10918,11,1
1,NewOrder,1764751463.707574,16605,10,1
1,NewOrder,1764751463.707587,19604,12,1
2,Payment,1764751463.707647,13372,4,1
2,Payment,1764751463.707665,10711,15,1
2,Payment,1764751463.707972,12954,1,1
1,NewOrder,1764751463.708098,16016,14,1
1,NewOrder,1764751463.708177,31516,3,1
2,Payment,1764751463.710531,10391,8,1
2,Payment,1764751463.710892,13225,13,1
1,NewOrder,1764751463.715447,24333,7,1
1,NewOrder,1764751463.718357,21316,6,1
1,NewOrder,1764751463.718383,24521,15,1
1,NewOrder,1764751463.718458,21593,0,1
1,NewOrder,1764751463.718471,21338,11,1
4,Delivery,1764751463.720928,25902,8,1
1,NewOrder,1764751463.720932,24144,1,1
1,NewOrder,1764751463.721024,15670,4,1
2,Payment,1764751463.724006,15691,5,1
2,Payment,1764751463.724062,15665,9,1
4,Delivery,1764751463.724120,18749,14,1
2,Payment,1764751463.724123,15586,13,1
1,NewOrder,1764751463.724185,18717,10,1
5,StockLevel,1764751463.727198,12673,12,1
2,Payment,1764751463.729182,10643,2,1
3,OrderStatus,1764751463.736704,3099,4,1
2,Payment,1764751463.739680,11626,6,1
1,NewOrder,1764751463.739699,14345,3,1
1,NewOrder,1764751463.739703,21161,5,1
2,Payment,1764751463.739715,11530,13,1
2,Payment,1764751463.739733,11512,9,1
2,Payment,1764751463.739783,24394,7,1
2,Payment,1764751463.739806,11413,4,1
2,Payment,1764751463.739815,13755,11,1
1,NewOrder,1764751463.739828,18193,2,1
2,Payment,1764751463.739873,21045,12,1
1,NewOrder,1764751463.740054,27348,0,1
1,NewOrder,1764751463.742875,15410,14,1
5,StockLevel,1764751463.742908,8372,10,1
1,NewOrder,1764751463.742909,15125,15,1
1,NewOrder,1764751463.745082,19098,1,1
2,Payment,1764751463.746838,11195,8,1
1,NewOrder,1764751463.751229,21311,4,1
1,NewOrder,1764751463.751253,21624,13,1
2,Payment,1764751463.751253,13038,9,1
5,StockLevel,1764751463.751286,13002,10,1
1,NewOrder,1764751463.751312,18296,6,1
2,Payment,1764751463.753576,13848,11,1
1,NewOrder,1764751463.754050,18423,3,1
1,NewOrder,1764751463.758031,25901,2,1
5,StockLevel,1764751463.758040,11489,8,1
1,NewOrder,1764751463.758040,25057,15,1
2,Payment,1764751463.758291,11231,14,1
2,Payment,1764751463.760871,11643,5,1
1,NewOrder,1764751463.760920,25180,12,1
1,NewOrder,1764751463.764183,18963,7,1
2,Payment,1764751463.764185,11489,1,1
5,StockLevel,1764751463.764293,1683,10,1
2,Payment,1764751463.764297,11375,9,1
1,NewOrder,1764751463.765982,23487,10,1
1,NewOrder,1764751463.767408,22032,0,1
2,Payment,1764751463.767430,15661,11,1
1,NewOrder,1764751463.769528,26022,14,1
2,Payment,1764751463.769534,19969,8,1
2,Payment,1764751463.769612,16366,6,1
1,NewOrder,1764751463.772479,21464,3,1
2,Payment,1764751463.772519,13529,5,1
2,Payment,1764751463.772546,24923,4,1
2,Payment,1764751463.772881,14616,13,1
1,NewOrder,1764751463.775679,22028,9,1
1,NewOrder,1764751463.775681,21711,1,1
4,Delivery,1764751463.783102,32115,11,1
2,Payment,1764751463.783104,12945,15,1
1,NewOrder,1764751463.783148,18255,7,1
2,Payment,1764751463.783938,13579,2,1
1,NewOrder,1764751463.785986,19363,6,1
2,Payment,1764751463.786055,21975,5,1
1,NewOrder,1764751463.786109,19253,12,1
1,NewOrder,1764751463.787505,15367,13,1
5,StockLevel,1764751463.789448,10105,0,1
2,Payment,1764751463.789475,11906,10,1
1,NewOrder,1764751463.789509,18524,8,1
1,NewOrder,1764751463.793953,14197,3,1
1,NewOrder,1764751463.795568,19706,14,1
2,Payment,1764751463.796056,11978,15,1
1,NewOrder,1764751463.797398,31358,1,1
2,Payment,1764751463.797475,22311,4,1
1,NewOrder,1764751463.797524,24842,2,1
2,Payment,1764751463.797712,29863,9,1
1,NewOrder,1764751463.799573,23360,0,1
2,Payment,1764751463.801387,15317,10,1
4,Delivery,1764751463.801411,35619,7,1
1,NewOrder,1764751463.802878,19703,13,1
1,NewOrder,1764751463.805356,16967,6,1
1,NewOrder,1764751463.805367,16969,12,1
2,Payment,1764751463.808038,22355,5,1
2,Payment,1764751463.808040,11703,15,1
1,NewOrder,1764751463.808041,20508,8,1
2,Payment,1764751463.808156,12081,3,1
2,Payment,1764751463.815258,12204,11,1
1,NewOrder,1764751463.815281,11274,14,1
1,NewOrder,1764751463.816711,9876,10,1
1,NewOrder,1764751463.819753,21842,15,1
5,StockLevel,1764751463.819794,10518,4,1
1,NewOrder,1764751463.820244,31396,3,1
1,NewOrder,1764751463.822330,19325,6,1
1,NewOrder,1764751463.822342,23213,12,1
2,Payment,1764751463.822373,12696,2,1
1,NewOrder,1764751463.822588,28604,13,1
2,Payment,1764751463.822940,13989,0,1
2,Payment,1764751463.826561,13154,14,1
4,Delivery,1764751463.826592,35109,10,1
1,NewOrder,1764751463.827469,26114,11,1
2,Payment,1764751463.827579,14124,9,1
2,Payment,1764751463.828555,13062,8,1
1,NewOrder,1764751463.828762,38604,1,1
1,NewOrder,1764751463.830318,23168,4,1
1,NewOrder,1764751463.830400,23124,5,1
1,NewOrder,1764751463.835079,25794,2,1
2,Payment,1764751463.836936,14667,0,1
2,Payment,1764751463.837037,16444,7,1
2,Payment,1764751463.839721,13890,14,1
1,NewOrder,1764751463.841603,19367,15,1
5,StockLevel,1764751463.841624,9718,8,1
2,Payment,1764751463.841658,25978,6,1
2,Payment,1764751463.841709,11944,9,1
3,OrderStatus,1764751463.845563,7972,12,1
2,Payment,1764751463.851204,9848,13,1
2,Payment,1764751463.851351,9767,8,1
2,Payment,1764751463.851610,12729,0,1
2,Payment,1764751463.851643,12788,3,1
2,Payment,1764751463.853490,26020,7,1
3,OrderStatus,1764751463.853494,2820,4,1
1,NewOrder,1764751463.853531,20392,5,1
1,NewOrder,1764751463.853541,16700,12,1
2,Payment,1764751463.853587,13754,11,1
4,Delivery,1764751463.853613,23160,14,1
2,Payment,1764751463.853660,13710,9,1
2,Payment,1764751463.856323,11046,4,1
1,NewOrder,1764751463.860881,24861,2,1
4,Delivery,1764751463.860977,16556,15,1
2,Payment,1764751463.861056,13452,13,1
1,NewOrder,1764751463.861120,22773,8,1
2,Payment,1764751463.861708,17796,10,1
2,Payment,1764751463.864347,12437,0,1
2,Payment,1764751463.864452,12336,3,1
2,Payment,1764751463.867348,12017,11,1
1,NewOrder,1764751463.867374,27275,1,1
2,Payment,1764751463.867377,12075,4,1
1,NewOrder,1764751463.867377,16728,9,1
2,Payment,1764751463.867642,27011,6,1
1,NewOrder,1764751463.870249,26562,12,1
2,Payment,1764751463.873936,25499,5,1
1,NewOrder,1764751463.874516,24986,13,1
1,NewOrder,1764751463.876781,20079,14,1
2,Payment,1764751463.876792,14898,0,1
2,Payment,1764751463.876795,19930,3,1
2,Payment,1764751463.877539,14153,15,1
2,Payment,1764751463.879373,15325,11,1
1,NewOrder,1764751463.879455,27814,4,1
2,Payment,1764751463.879512,15207,10,1
2,Payment,1764751463.879513,27874,7,1
1,NewOrder,1764751463.883904,23290,8,1
2,Payment,1764751463.884114,22949,9,1
1,NewOrder,1764751463.885750,27717,2,1
2,Payment,1764751463.891702,11713,15,1
1,NewOrder,1764751463.891703,24003,0,1
2,Payment,1764751463.894657,12440,1,1
2,Payment,1764751463.894661,28692,6,1
1,NewOrder,1764751463.894701,24030,11,1
3,OrderStatus,1764751463.894721,1156,10,1
3,OrderStatus,1764751463.895882,1113,10,1
2,Payment,1764751463.896731,10698,3,1
1,NewOrder,1764751463.896867,28545,14,1
2,Payment,1764751463.896993,13159,12,1
2,Payment,1764751463.897001,25717,10,1
2,Payment,1764751463.899442,10761,5,1
1,NewOrder,1764751463.899513,37458,13,1
1,NewOrder,1764751463.903424,19518,15,1
1,NewOrder,1764751463.907087,26213,9,1
2,Payment,1764751463.907105,15571,1,1
2,Payment,1764751463.907201,16231,8,1
1,NewOrder,1764751463.907276,41185,4,1
1,NewOrder,1764751463.907393,29427,7,1
1,NewOrder,1764751463.907433,22967,3,1
2,Payment,1764751463.910177,12624,12,1
1,NewOrder,1764751463.910210,26424,5,1
3,OrderStatus,1764751463.913477,3200,2,1
3,OrderStatus,1764751463.915716,2933,0,1
1,NewOrder,1764751463.916685,31912,2,1
2,Payment,1764751463.918698,14608,0,1
1,NewOrder,1764751463.918739,25244,11,1
2,Payment,1764751463.922685,13886,1,1
2,Payment,1764751463.922726,13807,10,1
5,StockLevel,1764751463.922804,16873,12,1
1,NewOrder,1764751463.922948,20998,15,1
1,NewOrder,1764751463.923360,31457,6,1
2,Payment,1764751463.923435,16847,8,1
1,NewOrder,1764751463.925418,32256,14,1
2,Payment,1764751463.930411,13569,3,1
1,NewOrder,1764751463.933311,39735,9,1
4,Delivery,1764751463.933315,51570,0,1
1,NewOrder,1764751463.936563,28661,10,1
2,Payment,1764751463.936578,15783,1,1
2,Payment,1764751463.936641,18271,5,1
2,Payment,1764751463.936825,15543,7,1
1,NewOrder,1764751463.936978,28283,13,1
2,Payment,1764751463.939686,12742,12,1
2,Payment,1764751463.940290,12143,8,1
2,Payment,1764751463.943956,11020,15,1
2,Payment,1764751463.943983,14001,3,1
2,Payment,1764751463.943991,10825,11,1
1,NewOrder,1764751463.948469,32789,4,1
1,NewOrder,1764751463.948605,32246,2,1
2,Payment,1764751463.952375,12981,7,1
1,NewOrder,1764751463.952435,28344,12,1
1,NewOrder,1764751463.952441,25327,8,1
2,Payment,1764751463.953347,12138,1,1
1,NewOrder,1764751463.954824,30253,6,1
1,NewOrder,1764751463.954825,26044,11,1
2,Payment,1764751463.954915,15956,5,1
1,NewOrder,1764751463.954983,25870,15,1
1,NewOrder,1764751463.957684,23484,14,1
1,NewOrder,1764751463.957991,27116,3,1
1,NewOrder,1764751463.965238,28538,10,1
1,NewOrder,1764751463.965272,25002,13,1
2,Payment,1764751463.965362,15638,7,1
1,NewOrder,1764751463.965489,21608,1,1
2,Payment,1764751463.970882,14074,5,1
1,NewOrder,1764751463.973054,42791,9,1
1,NewOrder,1764751463.977781,38860,8,1
1,NewOrder,1764751463.980789,17789,12,1
2,Payment,1764751463.980860,12482,2,1
1,NewOrder,1764751463.980861,35067,15,1
1,NewOrder,1764751463.980876,28549,11,1
5,StockLevel,1764751463.981008,12150,7,1
2,Payment,1764751463.981174,12545,14,1
1,NewOrder,1764751463.981266,43947,4,1
2,Payment,1764751463.984896,13083,0,1
3,OrderStatus,1764751463.984964,4903,5,1
2,Payment,1764751463.985084,12842,6,1
1,NewOrder,1764751463.985114,39891,3,1
3,OrderStatus,1764751463.987106,4108,1,1
1,NewOrder,1764751463.989945,35034,5,1
1,NewOrder,1764751463.990282,34677,13,1
2,Payment,1764751463.991222,23429,1,1
1,NewOrder,1764751463.993167,37649,7,1
1,NewOrder,1764751463.993349,22454,2,1
1,NewOrder,1764751463.993724,37116,14,1
2,Payment,1764751463.993779,15629,10,1
1,NewOrder,1764751463.997938,29359,6,1
1,NewOrder,1764751463.997987,27133,0,1
2,Payment,1764751463.998586,22030,12,1
2,Payment,1764751464.009439,15557,11,1
1,NewOrder,1764751464.009444,24305,10,1
2,Payment,1764751464.014663,12597,1,1
1,NewOrder,1764751464.015813,31735,2,1
2,Payment,1764751464.015853,11536,9,1
2,Payment,1764751464.015939,11709,15,1
2,Payment,1764751464.016648,17143,8,1
2,Payment,1764751464.020631,15832,12,1
2,Payment,1764751464.024973,27863,13,1
3,OrderStatus,1764751464.024989,3585,5,1
2,Payment,1764751464.025003,15844,11,1
1,NewOrder,1764751464.025007,35164,3,1
3,OrderStatus,1764751464.025128,11167,0,1
2,Payment,1764751464.025219,16578,4,1
2,Payment,1764751464.027268,13601,1,1
1,NewOrder,1764751464.027305,6078,6,1
1,NewOrder,1764751464.027396,22979,9,1
2,Payment,1764751464.027653,14171,15,1
2,Payment,1764751464.028581,24338,5,1
1,NewOrder,1764751464.030824,36718,7,1
2,Payment,1764751464.030847,31597,14,1
1,NewOrder,1764751464.033400,19456,6,1
2,Payment,1764751464.033758,17362,10,1
1,NewOrder,1764751464.033799,28769,8,1
4,Delivery,1764751464.036304,64264,0,1
5,StockLevel,1764751464.036472,4189,12,1
1,NewOrder,1764751464.040672,21793,12,1
2,Payment,1764751464.040855,14856,11,1
2,Payment,1764751464.040877,11994,1,1
1,NewOrder,1764751464.041807,20838,4,1
1,NewOrder,1764751464.041830,24717,15,1
1,NewOrder,1764751464.047561,43019,2,1
2,Payment,1764751464.050386,14347,9,1
1,NewOrder,1764751464.051129,27384,10,1
1,NewOrder,1764751464.052865,21564,6,1
2,Payment,1764751464.052870,16787,13,1
1,NewOrder,1764751464.052882,37746,1,1
2,Payment,1764751464.052926,13594,5,1
2,Payment,1764751464.055723,11185,11,1
1,NewOrder,1764751464.060281,40247,3,1
1,NewOrder,1764751464.062475,28131,14,1
1,NewOrder,1764751464.062476,32838,12,1
2,Payment,1764751464.062576,12399,8,1
2,Payment,1764751464.062652,17752,4,1
3,OrderStatus,1764751464.064744,9572,9,1
2,Payment,1764751464.066530,28495,5,1
4,Delivery,1764751464.066556,47659,15,1
1,NewOrder,1764751464.066915,19580,11,1
2,Payment,1764751464.067550,16894,7,1
2,Payment,1764751464.069665,14867,13,1
1,NewOrder,1764751464.074324,26125,9,1
1,NewOrder,1764751464.074436,66357,6,1
1,NewOrder,1764751464.074983,33512,8,1
1,NewOrder,1764751464.078521,24362,10,1
1,NewOrder,1764751464.080412,32487,4,1
1,NewOrder,1764751464.084454,28654,7,1
1,NewOrder,1764751464.084543,30235,13,1
1,NewOrder,1764751464.086503,21985,11,1
1,NewOrder,1764751464.090589,22193,2,1
1,NewOrder,1764751464.090614,27802,14,1
1,NewOrder,1764751464.090630,22411,1,1
1,NewOrder,1764751464.095034,22891,5,1
1,NewOrder,1764751464.095321,35703,12,1
1,NewOrder,1764751464.100463,32265,9,1
2,Payment,1764751464.100543,12402,3,1
1,NewOrder,1764751464.100571,25257,0,1
2,Payment,1764751464.102890,11599,10,1
1,NewOrder,1764751464.108499,22459,11,1
2,Payment,1764751464.108502,11939,8,1
2,Payment,1764751464.112790,15952,2,1
4,Delivery,1764751464.112907,36473,4,1
1,NewOrder,1764751464.112952,32028,3,1
1,NewOrder,1764751464.113049,36466,1,1
1,NewOrder,1764751464.113111,25852,7,1
2,Payment,1764751464.114223,16614,15,1
1,NewOrder,1764751464.114499,34811,10,1
1,NewOrder,1764751464.114787,38507,13,1
1,NewOrder,1764751464.117937,20953,5,1
1,NewOrder,1764751464.118424,22679,14,1
1,NewOrder,1764751464.120449,24440,8,1
1,NewOrder,1764751464.125840,32928,0,1
2,Payment,1764751464.128754,12422,2,1
2,Payment,1764751464.130848,13976,15,1
1,NewOrder,1764751464.130967,21830,11,1
2,Payment,1764751464.131029,13979,12,1
1,NewOrder,1764751464.132736,28865,9,1
2,Payment,1764751464.138899,14087,5,1
1,NewOrder,1764751464.138967,22676,7,1
1,NewOrder,1764751464.140803,26545,6,1
2,Payment,1764751464.141111,27412,14,1
1,NewOrder,1764751464.141183,31345,2,1
2,Payment,1764751464.144834,13979,15,1
1,NewOrder,1764751464.144897,22054,8,1
4,Delivery,1764751464.144984,41835,3,1
1,NewOrder,1764751464.145014,19157,12,1
2,Payment,1764751464.149320,14925,10,1
2,Payment,1764751464.149384,18101,4,1
2,Payment,1764751464.149523,14566,1,1
3,OrderStatus,1764751464.152805,1848,11,1
2,Payment,1764751464.152993,34170,5,1
3,OrderStatus,1764751464.153303,2302,13,1
1,NewOrder,1764751464.154660,19319,11,1
2,Payment,1764751464.155613,12173,13,1
4,Delivery,1764751464.158777,47182,0,1
2,Payment,1764751464.158820,19569,15,1
3,OrderStatus,1764751464.161608,6948,9,1
1,NewOrder,1764751464.161645,39470,7,1
2,Payment,1764751464.164096,12480,1,1
1,NewOrder,1764751464.164174,20576,12,1
1,NewOrder,1764751464.164263,45328,10,1
1,NewOrder,1764751464.166960,23676,8,1
1,NewOrder,1764751464.167357,33707,6,1
5,StockLevel,1764751464.167488,10780,4,1
1,NewOrder,1764751464.167793,41454,13,1
2,Payment,1764751464.168531,24952,14,1
2,Payment,1764751464.168563,10211,9,1
2,Payment,1764751464.172542,20870,2,1
1,NewOrder,1764751464.173989,27244,11,1
5,StockLevel,1764751464.176585,14510,1,1
2,Payment,1764751464.178277,23014,4,1
1,NewOrder,1764751464.178397,32539,15,1
2,Payment,1764751464.178779,14635,9,1
2,Payment,1764751464.184768,16383,12,1
1,NewOrder,1764751464.186831,37954,3,1
1,NewOrder,1764751464.187169,32807,5,1
1,NewOrder,1764751464.190643,24387,8,1
2,Payment,1764751464.191104,18369,1,1
1,NewOrder,1764751464.193420,26482,2,1
1,NewOrder,1764751464.193425,39096,9,1
1,NewOrder,1764751464.193490,31345,14,1
2,Payment,1764751464.201080,14631,6,1
1,NewOrder,1764751464.201126,44450,7,1
1,NewOrder,1764751464.201152,34688,12,1
2,Payment,1764751464.201239,18680,11,1
1,NewOrder,1764751464.201296,43999,4,1
1,NewOrder,1764751464.205978,36458,0,1
1,NewOrder,1764751464.209257,41454,13,1
1,NewOrder,1764751464.209484,32968,1,1
2,Payment,1764751464.209599,15149,10,1
1,NewOrder,1764751464.210944,31587,15,1
1,NewOrder,1764751464.215046,35837,8,1
1,NewOrder,1764751464.215722,20913,6,1
1,NewOrder,1764751464.219918,6018,2,1
1,NewOrder,1764751464.219929,40487,11,1
1,NewOrder,1764751464.219983,30807,5,1
1,NewOrder,1764751464.224766,35777,10,1
2,Payment,1764751464.224807,19929,3,1
1,NewOrder,1764751464.224842,20059,14,1
1,NewOrder,1764751464.225941,34693,2,1
1,NewOrder,1764751464.232536,34380,9,1
4,Delivery,1764751464.235854,31171,12,1
2,Payment,1764751464.236644,11256,6,1
2,Payment,1764751464.242450,18287,0,1
2,Payment,1764751464.242462,13454,1,1
2,Payment,1764751464.242533,17966,15,1
2,Payment,1764751464.244748,15685,3,1
2,Payment,1764751464.244907,74206,14,1
2,Payment,1764751464.245304,15490,4,1
2,Payment,1764751464.245584,18042,7,1
1,NewOrder,1764751464.247910,18861,6,1
1,NewOrder,1764751464.250720,16158,13,1
1,NewOrder,1764751464.250798,65243,5,1
2,Payment,1764751464.250889,15757,8,1
2,Payment,1764751464.255927,11045,1,1
1,NewOrder,1764751464.260427,38311,11,1
2,Payment,1764751464.260442,35377,3,1
2,Payment,1764751464.260506,67242,15,1
1,NewOrder,1764751464.260551,66804,10,1
1,NewOrder,1764751464.260639,61592,2,1
1,NewOrder,1764751464.260739,63863,0,1
2,Payment,1764751464.260802,33827,4,1
4,Delivery,1764751464.263636,76749,7,1
1,NewOrder,1764751464.266657,55513,8,1
2,Payment,1764751464.266779,37067,6,1
2,Payment,1764751464.266885,39807,13,1
1,NewOrder,1764751464.266918,57686,9,1
1,NewOrder,1764751464.266980,60257,1,1
1,NewOrder,1764751464.267029,57733,12,1
1,NewOrder,1764751464.294646,27595,4,1
2,Payment,1764751464.295829,26296,3,1
4,Delivery,1764751464.298752,28443,11,1
1,NewOrder,1764751464.303860,23566,6,1
2,Payment,1764751464.306706,17895,13,1
4,Delivery,1764751464.316064,46128,5,1
2,Payment,1764751464.319125,21018,14,1
1,NewOrder,1764751464.322137,29075,3,1
1,NewOrder,1764751464.322179,23054,8,1
1,NewOrder,1764751464.322234,33041,2,1
2,Payment,1764751464.322246,11185,4,1
1,NewOrder,1764751464.324609,30534,13,1
2,Payment,1764751464.324610,15630,0,1
2,Payment,1764751464.324611,16232,9,1
1,NewOrder,1764751464.324766,32679,12,1
2,Payment,1764751464.327205,12939,11,1
1,NewOrder,1764751464.327273,34641,1,1
2,Payment,1764751464.327362,27793,10,1
1,NewOrder,1764751464.327430,34611,6,1
3,OrderStatus,1764751464.327754,3561,15,1
1,NewOrder,1764751464.331324,31055,15,1
2,Payment,1764751464.333440,12424,4,1
2,Payment,1764751464.340158,15149,11,1
2,Payment,1764751464.340174,14999,14,1
2,Payment,1764751464.340243,17187,0,1
1,NewOrder,1764751464.340390,19287,7,1
1,NewOrder,1764751464.340850,27967,9,1
2,Payment,1764751464.345243,12629,8,1
2,Payment,1764751464.345871,11745,4,1
2,Payment,1764751464.351226,12661,3,1
5,StockLevel,1764751464.355152,17301,13,1
2,Payment,1764751464.355162,13688,10,1
2,Payment,1764751464.355174,17217,14,1
2,Payment,1764751464.355278,13561,2,1
1,NewOrder,1764751464.355314,20016,11,1
2,Payment,1764751464.357439,15023,0,1
1,NewOrder,1764751464.357454,18227,12,1
2,Payment,1764751464.357626,14824,4,1
1,NewOrder,1764751464.357879,17562,8,1
2,Payment,1764751464.359686,13096,7,1
2,Payment,1764751464.361922,20926,1,1
2,Payment,1764751464.362049,37539,6,1
1,NewOrder,1764751464.362200,40741,5,1
2,Payment,1764751464.362386,23693,15,1
1,NewOrder,1764751464.363896,39032,3,1
2,Payment,1764751464.368828,14012,9,1
4,Delivery,1764751464.368847,65999,2,1
2,Payment,1764751464.368858,30505,10,1
5,StockLevel,1764751464.372406,13568,14,1
1,NewOrder,1764751464.372459,27849,4,1
2,Payment,1764751464.372460,18140,13,1
2,Payment,1764751464.372470,13282,0,1
2,Payment,1764751464.372788,13254,7,1
1,NewOrder,1764751464.375341,39379,11,1
2,Payment,1764751464.375444,16530,8,1
5,StockLevel,1764751464.375699,10186,12,1
1,NewOrder,1764751464.382853,20054,9,1
2,Payment,1764751464.382857,12102,1,1
1,NewOrder,1764751464.385760,32103,0,1
1,NewOrder,1764751464.385892,39063,12,1
2,Payment,1764751464.385978,23888,14,1
2,Payment,1764751464.386051,28783,7,1
2,Payment,1764751464.386081,13451,15,1
1,NewOrder,1764751464.390614,30578,13,1
1,NewOrder,1764751464.391985,43684,8,1
1,NewOrder,1764751464.394968,39920,1,1
1,NewOrder,1764751464.399373,39128,10,1
1,NewOrder,1764751464.399540,25534,15,1
1,NewOrder,1764751464.399593,18105,6,1
2,Payment,1764751464.400314,16966,4,1
2,Payment,1764751464.402918,11740,9,1
2,Payment,1764751464.402937,9149,3,1
1,NewOrder,1764751464.402948,22081,5,1
2,Payment,1764751464.409876,11255,14,1
1,NewOrder,1764751464.412095,22826,3,1
1,NewOrder,1764751464.414665,23810,9,1
2,Payment,1764751464.414727,13370,11,1
1,NewOrder,1764751464.414837,36702,7,1
2,Payment,1764751464.417288,17581,4,1
2,Payment,1764751464.417704,17225,6,1
3,OrderStatus,1764751464.417871,10801,0,1
1,NewOrder,1764751464.421144,27182,14,1
1,NewOrder,1764751464.421201,23011,13,1
2,Payment,1764751464.424968,13484,12,1
1,NewOrder,1764751464.425037,34279,5,1
1,NewOrder,1764751464.425081,25979,15,1
1,NewOrder,1764751464.428108,26541,11,1
1,NewOrder,1764751464.428680,25992,0,1
1,NewOrder,1764751464.434861,44597,2,1
1,NewOrder,1764751464.434879,34345,4,1
1,NewOrder,1764751464.434890,25759,1,1
2,Payment,1764751464.434928,16121,3,1
1,NewOrder,1764751464.434937,35036,6,1
1,NewOrder,1764751464.435675,41509,8,1
1,NewOrder,1764751464.438460,30764,12,1
3,OrderStatus,1764751464.438486,2773,9,1
1,NewOrder,1764751464.438508,26378,10,1
2,Payment,1764751464.441266,18008,9,1
2,Payment,1764751464.444220,16490,13,1
4,Delivery,1764751464.448335,21629,14,1
1,NewOrder,1764751464.451058,21338,3,1
2,Payment,1764751464.451067,15247,15,1
2,Payment,1764751464.451547,13207,7,1
1,NewOrder,1764751464.454658,22518,11,1
1,NewOrder,1764751464.454680,33549,0,1
1,NewOrder,1764751464.459283,28892,9,1
2,Payment,1764751464.459324,10911,5,1
2,Payment,1764751464.460660,9435,1,1
2,Payment,1764751464.460713,9268,13,1
1,NewOrder,1764751464.464767,26304,7,1
4,Delivery,1764751464.464895,45931,10,1
1,NewOrder,1764751464.466321,30912,15,1
4,Delivery,1764751464.469232,34317,4,1
2,Payment,1764751464.469249,27811,12,1
2,Payment,1764751464.469971,11074,14,1
5,StockLevel,1764751464.469980,9469,6,1
2,Payment,1764751464.469988,11085,13,1
2,Payment,1764751464.470099,11073,1,1
2,Payment,1764751464.470242,10880,5,1
5,StockLevel,1764751464.472404,9635,3,1
1,NewOrder,1764751464.477190,45272,11,1
1,NewOrder,1764751464.477193,33632,8,1
2,Payment,1764751464.479457,11652,6,1
2,Payment,1764751464.479465,17860,2,1
2,Payment,1764751464.481054,13736,14,1
2,Payment,1764751464.481087,25456,13,1
1,NewOrder,1764751464.481130,29825,5,1
1,NewOrder,1764751464.481179,19702,1,1
1,NewOrder,1764751464.482046,28937,3,1
2,Payment,1764751464.488188,18223,9,1
1,NewOrder,1764751464.488232,33247,0,1
2,Payment,1764751464.491082,15362,7,1
2,Payment,1764751464.491118,30333,6,1
2,Payment,1764751464.494801,12353,14,1
2,Payment,1764751464.497072,24896,12,1
2,Payment,1764751464.497241,24116,15,1
2,Payment,1764751464.497329,17742,2,1
2,Payment,1764751464.500891,31386,1,1
2,Payment,1764751464.503557,11631,4,1
1,NewOrder,1764751464.506420,25746,9,1
1,NewOrder,1764751464.506453,30889,7,1
1,NewOrder,1764751464.506549,35079,13,1
1,NewOrder,1764751464.507161,34425,14,1
3,OrderStatus,1764751464.510838,11191,8,1
2,Payment,1764751464.510840,21842,10,1
1,NewOrder,1764751464.510959,33596,5,1
1,NewOrder,1764751464.510986,33498,3,1
1,NewOrder,1764751464.515083,32959,2,1
4,Delivery,1764751464.515192,36584,4,1
2,Payment,1764751464.521371,20203,15,1
2,Payment,1764751464.521460,20193,6,1
1,NewOrder,1764751464.521487,46186,0,1
2,Payment,1764751464.521972,15322,12,1
2,Payment,1764751464.522036,20525,8,1
1,NewOrder,1764751464.522470,14883,11,1
2,Payment,1764751464.532181,12515,9,1
2,Payment,1764751464.532288,12324,1,1
1,NewOrder,1764751464.532688,42083,10,1
2,Payment,1764751464.537304,14491,12,1
1,NewOrder,1764751464.537344,36650,7,1
1,NewOrder,1764751464.537358,25737,11,1
2,Payment,1764751464.541585,15263,15,1
1,NewOrder,1764751464.541594,40491,14,1
3,OrderStatus,1764751464.541630,3303,13,1
2,Payment,1764751464.541657,15159,6,1
2,Payment,1764751464.542568,14321,8,1
2,Payment,1764751464.544493,12497,3,1
1,NewOrder,1764751464.544558,43938,5,1
2,Payment,1764751464.544620,15583,1,1
1,NewOrder,1764751464.544699,29301,9,1
1,NewOrder,1764751464.544940,33085,13,1
2,Payment,1764751464.548052,43178,2,1
1,NewOrder,1764751464.551786,29918,4,1
1,NewOrder,1764751464.551804,29705,12,1
4,Delivery,1764751464.556828,37731,6,1
1,NewOrder,1764751464.556859,31678,15,1
1,NewOrder,1764751464.556897,42250,8,1
2,Payment,1764751464.556993,18712,3,1
2,Payment,1764751464.560215,17679,1,1
1,NewOrder,1764751464.563105,14971,11,1
1,NewOrder,1764751464.567683,29061,0,1
1,NewOrder,1764751464.574006,32014,7,1
2,Payment,1764751464.574009,18072,9,1
2,Payment,1764751464.574779,31036,10,1
4,Delivery,1764751464.575713,53935,3,1
1,NewOrder,1764751464.577902,25896,1,1
1,NewOrder,1764751464.578032,22849,13,1
1,NewOrder,1764751464.578082,31318,11,1
2,Payment,1764751464.581520,14493,12,1
1,NewOrder,1764751464.581715,35486,4,1
2,Payment,1764751464.582092,17063,14,1
1,NewOrder,1764751464.588511,23941,5,1
2,Payment,1764751464.588547,26495,15,1
1,NewOrder,1764751464.591238,35727,2,1
2,Payment,1764751464.592098,26380,9,1
2,Payment,1764751464.594572,14805,6,1
1,NewOrder,1764751464.596019,27731,12,1
1,NewOrder,1764751464.596752,26911,0,1
2,Payment,1764751464.599155,13365,8,1
1,NewOrder,1764751464.599163,19344,14,1
1,NewOrder,1764751464.600888,17589,13,1
2,Payment,1764751464.603806,14664,1,1
2,Payment,1764751464.605827,24564,10,1
1,NewOrder,1764751464.606028,24496,7,1
2,Payment,1764751464.609388,11826,6,1
2,Payment,1764751464.609408,14410,11,1
1,NewOrder,1764751464.612464,19820,5,1
5,StockLevel,1764751464.612530,11665,8,1
1,NewOrder,1764751464.615049,34730,15,1
1,NewOrder,1764751464.617209,95389,4,1
2,Payment,1764751464.618477,16565,1,1
2,Payment,1764751464.618485,31288,9,1
1,NewOrder,1764751464.618489,80802,13,1
2,Payment,1764751464.618509,11673,14,1
5,StockLevel,1764751464.621228,10770,6,1
2,Payment,1764751464.623686,11401,0,1
1,NewOrder,1764751464.623759,88613,12,1
1,NewOrder,1764751464.623825,82115,11,1
1,NewOrder,1764751464.624202,19663,8,1
5,StockLevel,1764751464.626972,11153,2,1
2,Payment,1764751464.629662,69615,3,1
2,Payment,1764751464.630189,19587,14,1
1,NewOrder,1764751464.630395,82014,10,1
2,Payment,1764751464.630533,13356,7,1
1,NewOrder,1764751464.632061,80474,6,1
1,NewOrder,1764751464.632290,73594,5,1
2,Payment,1764751464.635051,64201,1,1
1,NewOrder,1764751464.635094,77487,0,1
1,NewOrder,1764751464.638134,89339,2,1
2,Payment,1764751464.643884,69100,8,1
2,Payment,1764751464.643900,68451,7,1
4,Delivery,1764751464.649787,62589,9,1
1,NewOrder,1764751464.649787,62631,14,1
2,Payment,1764751464.649788,62771,15,1
2,Payment,1764751464.699277,16920,1,1
1,NewOrder,1764751464.699287,34297,3,1
1,NewOrder,1764751464.699297,24752,13,1
2,Payment,1764751464.705896,18183,5,1
1,NewOrder,1764751464.705947,20532,11,1
2,Payment,1764751464.712380,15025,12,1
5,StockLevel,1764751464.712382,15648,9,1
2,Payment,1764751464.712382,14212,7,1
1,NewOrder,1764751464.712411,32486,10,1
2,Payment,1764751464.712420,14176,14,1
5,StockLevel,1764751464.712541,14297,6,1
1,NewOrder,1764751464.712561,32541,15,1
1,NewOrder,1764751464.712583,32291,0,1
2,Payment,1764751464.712605,31823,4,1
2,Payment,1764751464.712989,13809,8,1
1,NewOrder,1764751464.716210,21235,1,1
2,Payment,1764751464.724064,20591,13,1
1,NewOrder,1764751464.724088,25557,5,1
2,Payment,1764751464.726485,16348,11,1
2,Payment,1764751464.726601,17822,7,1
1,NewOrder,1764751464.726603,27333,14,1
2,Payment,1764751464.726804,16026,8,1
3,OrderStatus,1764751464.726845,3040,6,1
1,NewOrder,1764751464.727411,29880,12,1
1,NewOrder,1764751464.727478,22175,2,1
1,NewOrder,1764751464.728036,29251,9,1
1,NewOrder,1764751464.729901,30743,6,1
2,Payment,1764751464.733595,11040,3,1
1,NewOrder,1764751464.737455,23417,1,1
3,OrderStatus,1764751464.742844,10981,8,1
1,NewOrder,1764751464.742844,26360,11,1
2,Payment,1764751464.744430,16211,7,1
5,StockLevel,1764751464.744436,12850,4,1
4,Delivery,1764751464.744640,41192,3,1
2,Payment,1764751464.744662,18886,13,1
2,Payment,1764751464.744880,15985,0,1
1,NewOrder,1764751464.744904,27192,10,1
2,Payment,1764751464.745109,12172,15,1
2,Payment,1764751464.749653,13891,5,1
2,Payment,1764751464.749660,11091,2,1
3,OrderStatus,1764751464.753832,1216,8,1
2,Payment,1764751464.753943,20184,14,1
2,Payment,1764751464.755064,10956,8,1
1,NewOrder,1764751464.757289,33293,15,1
1,NewOrder,1764751464.757293,34668,4,1
2,Payment,1764751464.757295,11978,9,1
2,Payment,1764751464.757298,34580,12,1
1,NewOrder,1764751464.760648,21013,7,1
1,NewOrder,1764751464.760652,31376,6,1
1,NewOrder,1764751464.760758,29817,2,1
2,Payment,1764751464.760871,14007,0,1
1,NewOrder,1764751464.760879,30957,1,1
1,NewOrder,1764751464.763552,28303,5,1
2,Payment,1764751464.763555,15656,13,1
2,Payment,1764751464.766027,12462,8,1
2,Payment,1764751464.769213,12524,11,1
2,Payment,1764751464.769280,16505,9,1
2,Payment,1764751464.772104,25618,10,1
3,OrderStatus,1764751464.774136,4302,14,1
2,Payment,1764751464.774886,19781,0,1
1,NewOrder,1764751464.778446,31235,14,1
2,Payment,1764751464.778528,13607,8,1
1,NewOrder,1764751464.779217,18507,13,1
2,Payment,1764751464.781668,10180,7,1
1,NewOrder,1764751464.781744,27995,11,1
2,Payment,1764751464.785793,27224,9,1
3,OrderStatus,1764751464.785836,2991,3,1
2,Payment,1764751464.788834,11554,3,1
1,NewOrder,1764751464.790582,19095,2,1
1,NewOrder,1764751464.790589,29899,15,1
5,StockLevel,1764751464.791843,15941,1,1
1,NewOrder,1764751464.791854,23676,7,1
2,Payment,1764751464.791862,31571,5,1
2,Payment,1764751464.791880,11680,12,1
2,Payment,1764751464.791968,14582,4,1
2,Payment,1764751464.792034,14427,6,1
1,NewOrder,1764751464.792141,23504,8,1
2,Payment,1764751464.794675,18663,0,1
1,NewOrder,1764751464.797732,22897,10,1
5,StockLevel,1764751464.797734,15082,13,1
1,NewOrder,1764751464.800396,28004,3,1
1,NewOrder,1764751464.803567,22103,12,1
1,NewOrder,1764751464.806471,27745,6,1
2,Payment,1764751464.806557,29742,4,1
1,NewOrder,1764751464.807791,20617,1,1
1,NewOrder,1764751464.809685,24595,2,1
2,Payment,1764751464.809688,12884,14,1
3,OrderStatus,1764751464.809747,10808,11,1
1,NewOrder,1764751464.812823,21750,13,1
2,Payment,1764751464.813024,12655,9,1
1,NewOrder,1764751464.813346,28278,0,1
1,NewOrder,1764751464.815537,18598,7,1
1,NewOrder,1764751464.815652,25909,8,1
1,NewOrder,1764751464.820497,26515,15,1
2,Payment,1764751464.820557,13565,11,1
2,Payment,1764751464.820635,18605,10,1
1,NewOrder,1764751464.822580,28618,14,1
2,Payment,1764751464.823441,27753,5,1
1,NewOrder,1764751464.825678,15900,12,1
2,Payment,1764751464.825686,26627,9,1
1,NewOrder,1764751464.828409,27030,3,1
2,Payment,1764751464.828416,13162,1,1
2,Payment,1764751464.834132,12867,11,1
2,Payment,1764751464.834143,12855,7,1
4,Delivery,1764751464.834224,24926,6,1
1,NewOrder,1764751464.834283,33356,2,1
1,NewOrder,1764751464.834581,20568,13,1
2,Payment,1764751464.836307,29086,4,1
2,Payment,1764751464.839249,28335,10,1
2,Payment,1764751464.841570,10729,8,1
2,Payment,1764751464.841585,10779,12,1
2,Payment,1764751464.841588,13684,1,1
1,NewOrder,1764751464.841627,25891,0,1
1,NewOrder,1764751464.847007,20920,11,1
1,NewOrder,1764751464.847007,20595,7,1
2,Payment,1764751464.847018,11995,15,1
1,NewOrder,1764751464.851201,21116,5,1
2,Payment,1764751464.851205,35277,14,1
1,NewOrder,1764751464.852305,26673,8,1
1,NewOrder,1764751464.852320,34201,9,1
1,NewOrder,1764751464.852370,26614,12,1
2,Payment,1764751464.855156,17130,13,1
1,NewOrder,1764751464.855274,27764,1,1
2,Payment,1764751464.855449,15811,3,1
2,Payment,1764751464.859025,13362,15,1
1,NewOrder,1764751464.859160,27360,6,1
2,Payment,1764751464.865408,13604,4,1
1,NewOrder,1764751464.867530,28504,0,1
1,NewOrder,1764751464.867594,23814,10,1
1,NewOrder,1764751464.867612,23799,7,1
1,NewOrder,1764751464.867646,31848,2,1
2,Payment,1764751464.867933,14374,11,1
1,NewOrder,1764751464.871271,19204,3,1
1,NewOrder,1764751464.872295,30870,13,1
1,NewOrder,1764751464.872326,27219,5,1
1,NewOrder,1764751464.872394,23477,15,1
1,NewOrder,1764751464.878988,20113,8,1
2,Payment,1764751464.878993,12454,12,1
2,Payment,1764751464.879019,11375,4,1
2,Payment,1764751464.882315,13546,11,1
2,Payment,1764751464.883046,16116,1,1
2,Payment,1764751464.886495,13084,14,1
3,OrderStatus,1764751464.886523,12782,6,1
1,NewOrder,1764751464.886528,23882,9,1
3,OrderStatus,1764751464.890404,5896,4,1
1,NewOrder,1764751464.890486,32746,3,1
1,NewOrder,1764751464.891415,29987,10,1
4,Delivery,1764751464.891418,35091,7,1
2,Payment,1764751464.891454,10508,12,1
1,NewOrder,1764751464.895869,9581,11,1
2,Payment,1764751464.895878,15057,15,1
1,NewOrder,1764751464.896038,40444,0,1
2,Payment,1764751464.896307,10145,4,1
2,Payment,1764751464.899110,13710,8,1
1,NewOrder,1764751464.899203,35113,1,1
1,NewOrder,1764751464.899377,27098,6,1
1,NewOrder,1764751464.899552,41085,5,1
1,NewOrder,1764751464.899558,21472,2,1
2,Payment,1764751464.899586,23598,14,1
1,NewOrder,1764751464.901969,18973,12,1
1,NewOrder,1764751464.903173,30991,13,1
1,NewOrder,1764751464.905455,21002,11,1
2,Payment,1764751464.906461,14866,4,1
1,NewOrder,1764751464.910419,25897,9,1
2,Payment,1764751464.910942,27663,15,1
2,Payment,1764751464.912827,13625,8,1
1,NewOrder,1764751464.920954,23899,12,1
1,NewOrder,1764751464.921042,26600,2,1
1,NewOrder,1764751464.921334,29153,4,1
1,NewOrder,1764751464.921409,23523,10,1
1,NewOrder,1764751464.923192,30714,14,1
2,Payment,1764751464.923239,15643,3,1
2,Payment,1764751464.926461,13829,8,1
1,NewOrder,1764751464.926465,30422,11,1
2,Payment,1764751464.926484,27211,6,1
2,Payment,1764751464.926512,14203,7,1
4,Delivery,1764751464.934189,31709,13,1
5,StockLevel,1764751464.934329,13289,1,1
2,Payment,1764751464.936325,14253,9,1
2,Payment,1764751464.936489,17287,0,1
1,NewOrder,1764751464.938612,29792,15,1
1,NewOrder,1764751464.938890,24413,3,1
1,NewOrder,1764751464.940297,19674,8,1
1,NewOrder,1764751464.940644,27846,5,1
1,NewOrder,1764751464.940717,27708,7,1
2,Payment,1764751464.944862,12251,12,1
1,NewOrder,1764751464.944940,32007,10,1
3,OrderStatus,1764751464.947626,10026,1,1
2,Payment,1764751464.947650,11998,2,1
2,Payment,1764751464.950495,15381,4,1
2,Payment,1764751464.950588,15199,9,1
2,Payment,1764751464.953710,13037,6,1
1,NewOrder,1764751464.953785,31143,0,1
2,Payment,1764751464.953913,15172,14,1
2,Payment,1764751464.956896,11639,11,1
2,Payment,1764751464.957122,15225,12,1
2,Payment,1764751464.957666,14734,1,1
1,NewOrder,1764751464.959659,25780,2,1
1,NewOrder,1764751464.959977,19123,8,1
2,Payment,1764751464.963312,13662,3,1
1,NewOrder,1764751464.965798,19198,9,1
2,Payment,1764751464.965882,13203,4,1
3,OrderStatus,1764751464.965907,11086,13,1
2,Payment,1764751464.966755,16122,6,1
2,Payment,1764751464.968412,14491,15,1
1,NewOrder,1764751464.968432,27235,7,1
1,NewOrder,1764751464.968501,19384,5,1
2,Payment,1764751464.968537,14329,11,1
2,Payment,1764751464.969092,26547,14,1
5,StockLevel,1764751464.972356,10579,12,1
2,Payment,1764751464.972408,10528,1,1
5,StockLevel,1764751464.976954,11442,10,1
1,NewOrder,1764751464.976982,32313,3,1
1,NewOrder,1764751464.977000,25498,13,1
1,NewOrder,1764751464.979116,30214,4,1
2,Payment,1764751464.979117,11578,8,1
2,Payment,1764751464.982886,12588,6,1
2,Payment,1764751464.982893,12577,11,1
2,Payment,1764751464.982922,26290,15,1
2,Payment,1764751464.982941,13432,12,1
1,NewOrder,1764751464.982944,28399,1,1
2,Payment,1764751464.984936,14647,0,1
2,Payment,1764751464.985003,10534,9,1
1,NewOrder,1764751464.985445,23777,2,1
2,Payment,1764751464.987894,14616,5,1
1,NewOrder,1764751464.988495,35879,10,1
1,NewOrder,1764751464.990703,27642,8,1
1,NewOrder,1764751464.995483,26166,11,1
2,Payment,1764751464.995485,13712,6,1
2,Payment,1764751464.995544,13917,9,1
2,Payment,1764751464.995643,26047,14,1
5,StockLevel,1764751464.995669,13598,7,1
1,NewOrder,1764751464.996381,18918,12,1
2,Payment,1764751464.999597,12032,0,1
2,Payment,1764751465.002509,12813,13,1
1,NewOrder,1764751465.002519,32695,5,1
1,NewOrder,1764751465.009212,22489,6,1
2,Payment,1764751465.009222,22228,15,1
2,Payment,1764751465.009230,12354,2,1
1,NewOrder,1764751465.009271,29038,7,1
2,Payment,1764751465.009297,15238,3,1
1,NewOrder,1764751465.009334,22183,4,1
1,NewOrder,1764751465.009468,32962,9,1
2,Payment,1764751465.011352,23917,1,1
2,Payment,1764751465.011637,14099,0,1
2,Payment,1764751465.015311,22866,12,1
2,Payment,1764751465.015331,10467,13,1
3,OrderStatus,1764751465.018353,979,8,1
2,Payment,1764751465.019339,12081,8,1
3,OrderStatus,1764751465.021591,10750,2,1
2,Payment,1764751465.021656,9742,11,1
1,NewOrder,1764751465.021697,20659,14,1
2,Payment,1764751465.024384,13790,10,1
1,NewOrder,1764751465.024543,27470,3,1
1,NewOrder,1764751465.025744,26153,0,1
1,NewOrder,1764751465.025801,19624,13,1
2,Payment,1764751465.031407,13974,11,1
2,Payment,1764751465.031427,10514,8,1
2,Payment,1764751465.031451,13948,15,1
2,Payment,1764751465.031524,13948,4,1
2,Payment,1764751465.031708,13643,6,1
1,NewOrder,1764751465.032347,21137,2,1
2,Payment,1764751465.035222,25542,5,1
1,NewOrder,1764751465.035276,21946,1,1
2,Payment,1764751465.038182,14124,10,1
2,Payment,1764751465.038184,13780,12,1
4,Delivery,1764751465.038316,40299,7,1
1,NewOrder,1764751465.041964,19943,8,1
2,Payment,1764751465.042364,14553,14,1
2,Payment,1764751465.042438,26660,9,1
1,NewOrder,1764751465.045361,21644,6,1
1,NewOrder,1764751465.045402,25087,15,1
2,Payment,1764751465.045427,21349,13,1
1,NewOrder,1764751465.045436,21359,11,1
2,Payment,1764751465.045479,24939,4,1
1,NewOrder,1764751465.051909,31528,0,1
1,NewOrder,1764751465.051972,26617,12,1
2,Payment,1764751465.052020,14733,3,1
1,NewOrder,1764751465.052312,16739,10,1
2,Payment,1764751465.053492,13405,2,1
5,StockLevel,1764751465.056927,11997,14,1
2,Payment,1764751465.057230,35349,1,1
1,NewOrder,1764751465.060775,25063,5,1
2,Payment,1764751465.061915,12084,8,1
1,NewOrder,1764751465.066766,22540,3,1
4,Delivery,1764751465.066785,27959,13,1
1,NewOrder,1764751465.066803,27958,11,1
2,Payment,1764751465.066904,11727,2,1
4,Delivery,1764751465.067012,12278,6,1
1,NewOrder,1764751465.068931,28105,14,1
2,Payment,1764751465.069058,14203,10,1
2,Payment,1764751465.069105,25672,9,1
1,NewOrder,1764751465.070426,18768,4,1
2,Payment,1764751465.070492,13112,15,1
2,Payment,1764751465.074007,15275,8,1
1,NewOrder,1764751465.078601,18503,12,1
1,NewOrder,1764751465.078625,29864,7,1
3,OrderStatus,1764751465.078638,3808,2,1
1,NewOrder,1764751465.079294,21485,6,1
2,Payment,1764751465.082454,39104,2,1
2,Payment,1764751465.083268,23842,10,1
1,NewOrder,1764751465.083445,23717,0,1
1,NewOrder,1764751465.083614,17130,15,1
1,NewOrder,1764751465.085846,21529,5,1
1,NewOrder,1764751465.089204,17774,4,1
2,Payment,1764751465.089285,7725,8,1
2,Payment,1764751465.089314,11429,3,1
2,Payment,1764751465.092587,11339,1,1
2,Payment,1764751465.094753,12773,13,1
1,NewOrder,1764751465.094779,14308,9,1
1,NewOrder,1764751465.095105,26862,11,1
2,Payment,1764751465.097017,10113,8,1
1,NewOrder,1764751465.097043,12149,14,1
2,Payment,1764751465.097111,24939,12,1
2,Payment,1764751465.100751,8422,15,1
1,NewOrder,1764751465.100753,31721,3,1
1,NewOrder,1764751465.100786,28594,6,1
1,NewOrder,1764751465.103933,28598,1,1
2,Payment,1764751465.106987,15973,4,1
5,StockLevel,1764751465.107121,14438,10,1
2,Payment,1764751465.107137,14455,8,1
3,OrderStatus,1764751465.107164,6094,0,1
3,OrderStatus,1764751465.107380,5206,5,1
1,NewOrder,1764751465.107533,35209,13,1
2,Payment,1764751465.108496,18314,7,1
2,Payment,1764751465.109094,13792,9,1
1,NewOrder,1764751465.109179,27619,15,1
1,NewOrder,1764751465.109198,42805,14,1
2,Payment,1764751465.112597,24134,5,1
1,NewOrder,1764751465.113265,29476,0,1
1,NewOrder,1764751465.121578,26664,10,1
1,NewOrder,1764751465.121579,32620,2,1
2,Payment,1764751465.121599,15460,8,1
1,NewOrder,1764751465.121973,20583,11,1
1,NewOrder,1764751465.122057,29966,12,1
1,NewOrder,1764751465.122895,31761,9,1
1,NewOrder,1764751465.122968,29003,4,1
1,NewOrder,1764751465.126819,25124,7,1
1,NewOrder,1764751465.129423,30805,6,1
4,Delivery,1764751465.132484,39018,3,1
1,NewOrder,1764751465.132540,6609,1,1
1,NewOrder,1764751465.136741,23524,5,1
1,NewOrder,1764751465.136806,23427,15,1
2,Payment,1764751465.137066,14861,8,1
5,StockLevel,1764751465.139155,12764,1,1
1,NewOrder,1764751465.142569,23644,11,1
2,Payment,1764751465.142750,13617,0,1
2,Payment,1764751465.142751,11799,13,1
2,Payment,1764751465.148264,11975,10,1
2,Payment,1764751465.151930,13338,1,1
1,NewOrder,1764751465.151936,25676,8,1
1,NewOrder,1764751465.151953,29988,7,1
2,Payment,1764751465.151973,11995,4,1
1,NewOrder,1764751465.152010,19279,14,1
2,Payment,1764751465.152027,25261,12,1
2,Payment,1764751465.154207,43364,2,1
2,Payment,1764751465.154558,9415,13,1
3,OrderStatus,1764751465.154663,9296,9,1
2,Payment,1764751465.156374,14984,0,1
2,Payment,1764751465.160237,15010,6,1
4,Delivery,1764751465.160240,37382,15,1
2,Payment,1764751465.160245,14921,10,1
4,Delivery,1764751465.160273,39889,5,1
1,NewOrder,1764751465.163966,38726,9,1
2,Payment,1764751465.163975,13107,4,1
1,NewOrder,1764751465.163980,25786,13,1
2,Payment,1764751465.165275,12271,1,1
2,Payment,1764751465.166220,10952,11,1
1,NewOrder,1764751465.171304,28749,14,1
2,Payment,1764751465.171361,18469,0,1
1,NewOrder,1764751465.171516,26074,3,1
1,NewOrder,1764751465.175176,23203,10,1
1,NewOrder,1764751465.175256,30191,6,1
1,NewOrder,1764751465.177090,28203,4,1
1,NewOrder,1764751465.177180,25614,11,1
2,Payment,1764751465.177298,20936,12,1
2,Payment,1764751465.177551,39244,1,1
2,Payment,1764751465.177619,19971,8,1
3,OrderStatus,1764751465.181956,16550,7,1
1,NewOrder,1764751465.189782,28726,13,1
2,Payment,1764751465.189843,12904,0,1
1,NewOrder,1764751465.197584,19727,2,1
1,NewOrder,1764751465.197600,22122,8,1
2,Payment,1764751465.197602,16232,3,1
2,Payment,1764751465.197630,15926,15,1
1,NewOrder,1764751465.198241,34673,12,1
2,Payment,1764751465.198388,18887,10,1
1,NewOrder,1764751465.198513,28687,7,1
1,NewOrder,1764751465.200061,38638,14,1
1,NewOrder,1764751465.200165,32045,5,1
2,Payment,1764751465.202702,29863,9,1
1,NewOrder,1764751465.202756,25062,0,1
2,Payment,1764751465.202797,14021,11,1
2,Payment,1764751465.205301,32787,4,1
2,Payment,1764751465.205457,13953,6,1
1,NewOrder,1764751465.213573,25010,15,1
2,Payment,1764751465.213841,18235,3,1
1,NewOrder,1764751465.216807,32078,1,1
1,NewOrder,1764751465.216831,42858,11,1
1,NewOrder,1764751465.217282,38800,10,1
1,NewOrder,1764751465.217318,38781,2,1
1,NewOrder,1764751465.218517,28658,13,1
1,NewOrder,1764751465.219417,27095,6,1
2,Payment,1764751465.219729,13027,8,1
2,Payment,1764751465.227215,15681,7,1
1,NewOrder,1764751465.227827,32145,0,1
1,NewOrder,1764751465.232091,15760,3,1
1,NewOrder,1764751465.232219,33760,5,1
1,NewOrder,1764751465.232571,30990,9,1
1,NewOrder,1764751465.232763,27568,8,1
1,NewOrder,1764751465.232921,37529,12,1
1,NewOrder,1764751465.238099,32139,4,1
2,Payment,1764751465.238590,21079,15,1
3,OrderStatus,1764751465.238702,10054,14,1
1,NewOrder,1764751465.242910,35826,7,1
2,Payment,1764751465.246521,13314,6,1
2,Payment,1764751465.247183,13451,13,1
1,NewOrder,1764751465.247857,21894,3,1
1,NewOrder,1764751465.248767,32152,14,1
2,Payment,1764751465.248894,14757,1,1
1,NewOrder,1764751465.256095,29272,10,1
4,Delivery,1764751465.256108,53099,2,1
2,Payment,1764751465.259678,15894,15,1
2,Payment,1764751465.259697,18883,11,1
1,NewOrder,1764751465.259841,25516,6,1
2,Payment,1764751465.259982,16312,0,1
1,NewOrder,1764751465.260339,20847,8,1
2,Payment,1764751465.260641,14969,13,1
2,Payment,1764751465.263574,17407,9,1
1,NewOrder,1764751465.263660,33455,1,1
2,Payment,1764751465.265986,15125,5,1
2,Payment,1764751465.269760,11646,3,1
3,OrderStatus,1764751465.270246,4737,4,1
1,NewOrder,1764751465.270457,39178,12,1
1,NewOrder,1764751465.274998,34260,4,1
4,Delivery,1764751465.275582,38763,15,1
2,Payment,1764751465.275615,9840,13,1
1,NewOrder,1764751465.276302,28721,0,1
2,Payment,1764751465.278588,15312,11,1
1,NewOrder,1764751465.278743,35401,7,1
2,Payment,1764751465.280926,12919,14,1
1,NewOrder,1764751465.280990,35377,9,1
2,Payment,1764751465.281114,23984,5,1
2,Payment,1764751465.281193,15539,8,1
1,NewOrder,1764751465.281414,30276,3,1
2,Payment,1764751465.285368,11277,6,1
3,OrderStatus,1764751465.285376,3204,10,1
1,NewOrder,1764751465.285462,28984,13,1
2,Payment,1764751465.288589,20975,10,1
2,Payment,1764751465.293860,15612,14,1
2,Payment,1764751465.293902,15252,11,1
2,Payment,1764751465.296692,15145,6,1
2,Payment,1764751465.296741,15101,8,1
4,Delivery,1764751465.297122,65220,1,1
2,Payment,1764751465.305042,15088,0,1
2,Payment,1764751465.305109,14993,5,1
1,NewOrder,1764751465.309163,22007,11,1
1,NewOrder,1764751465.309214,23986,2,1
2,Payment,1764751465.309265,26858,4,1
1,NewOrder,1764751465.309478,19834,14,1
1,NewOrder,1764751465.309567,27075,10,1
1,NewOrder,1764751465.309642,23458,12,1
2,Payment,1764751465.311698,17421,3,1
2,Payment,1764751465.311842,17281,6,1
2,Payment,1764751465.311849,17136,8,1
5,StockLevel,1764751465.314151,18807,7,1
1,NewOrder,1764751465.314353,53428,15,1
2,Payment,1764751465.314453,18655,13,1
1,NewOrder,1764751465.316375,46438,9,1
1,NewOrder,1764751465.320116,55335,5,1
2,Payment,1764751465.320314,16129,0,1
4,Delivery,1764751465.329000,85665,8,1
1,NewOrder,1764751465.329130,64254,3,1
1,NewOrder,1764751465.329131,45965,6,1
1,NewOrder,1764751465.329317,60703,14,1
1,NewOrder,1764751465.331176,46476,11,1
4,Delivery,1764751465.332967,66730,7,1
2,Payment,1764751465.333103,42817,12,1
2,Payment,1764751465.333117,57002,13,1
1,NewOrder,1764751465.333202,56734,2,1
1,NewOrder,1764751465.336133,49943,4,1
2,Payment,1764751465.336453,41304,0,1
2,Payment,1764751465.336646,46224,10,1
2,Payment,1764751465.362360,30992,1,1
4,Delivery,1764751465.362822,35605,9,1
2,Payment,1764751465.367796,18602,15,1
2,Payment,1764751465.375113,14868,6,1
1,NewOrder,1764751465.375463,22173,5,1
2,Payment,1764751465.375927,23647,12,1
1,NewOrder,1764751465.377662,20767,11,1
2,Payment,1764751465.377766,15704,0,1
1,NewOrder,1764751465.382884,16697,10,1
2,Payment,1764751465.386090,13529,4,1
2,Payment,1764751465.386406,12024,15,1
2,Payment,1764751465.389945,25203,2,1
5,StockLevel,1764751465.389989,9554,6,1
2,Payment,1764751465.390027,33405,14,1
1,NewOrder,1764751465.390122,20645,13,1
2,Payment,1764751465.393360,11966,1,1
5,StockLevel,1764751465.393392,11910,3,1
4,Delivery,1764751465.393477,46978,0,1
2,Payment,1764751465.397648,18464,5,1
1,NewOrder,1764751465.398435,16958,9,1
3,OrderStatus,1764751465.398437,10429,11,1
2,Payment,1764751465.398439,12344,15,1
2,Payment,1764751465.399550,15622,6,1
3,OrderStatus,1764751465.399576,1710,12,1
1,NewOrder,1764751465.399588,15704,10,1
5,StockLevel,1764751465.399628,15044,4,1
2,Payment,1764751465.399701,29450,7,1
1,NewOrder,1764751465.401293,31892,12,1
2,Payment,1764751465.405311,9814,3,1
1,NewOrder,1764751465.405334,32406,1,1
1,NewOrder,1764751465.408874,22988,11,1
2,Payment,1764751465.410775,12710,13,1
2,Payment,1764751465.410793,25887,15,1
2,Payment,1764751465.414673,11320,8,1
1,NewOrder,1764751465.414680,31142,4,1
2,Payment,1764751465.415134,17817,3,1
1,NewOrder,1764751465.415155,24689,2,1
1,NewOrder,1764751465.415179,21803,6,1
2,Payment,1764751465.415295,13939,10,1
1,NewOrder,1764751465.415398,35870,9,1
1,NewOrder,1764751465.416119,35114,5,1
2,Payment,1764751465.423445,27818,14,1
1,NewOrder,1764751465.423486,24478,13,1
1,NewOrder,1764751465.426003,39456,8,1
2,Payment,1764751465.429164,13502,7,1
1,NewOrder,1764751465.429265,37770,10,1
2,Payment,1764751465.431869,14056,11,1
1,NewOrder,1764751465.432959,28572,3,1
1,NewOrder,1764751465.433192,33872,12,1
1,NewOrder,1764751465.436688,27444,15,1
2,Payment,1764751465.436987,20222,6,1
2,Payment,1764751465.437748,14691,1,1
2,Payment,1764751465.439852,24276,2,1
1,NewOrder,1764751465.440462,37394,0,1
1,NewOrder,1764751465.442674,21557,7,1
1,NewOrder,1764751465.445832,24612,4,1
2,Payment,1764751465.445933,15556,11,1
2,Payment,1764751465.447973,13766,13,1
1,NewOrder,1764751465.451243,30984,5,1
2,Payment,1764751465.451270,19177,9,1
3,OrderStatus,1764751465.451271,2677,14,1
1,NewOrder,1764751465.452445,29665,1,1
2,Payment,1764751465.453955,16519,14,1
2,Payment,1764751465.457220,13225,6,1
2,Payment,1764751465.461502,10073,11,1
3,OrderStatus,1764751465.461541,6169,3,1
1,NewOrder,1764751465.461746,34829,13,1
2,Payment,1764751465.464136,13936,2,1
1,NewOrder,1764751465.464138,41068,15,1
1,NewOrder,1764751465.464234,31809,7,1
2,Payment,1764751465.465466,12513,8,1
2,Payment,1764751465.467042,20695,10,1
2,Payment,1764751465.467065,10828,12,1
2,Payment,1764751465.467716,14138,3,1
1,NewOrder,1764751465.470451,30185,4,1
1,NewOrder,1764751465.470453,30203,6,1
1,NewOrder,1764751465.470471,25596,9,1
5,StockLevel,1764751465.470481,11411,14,1
1,NewOrder,1764751465.471585,26729,11,1
1,NewOrder,1764751465.477873,20376,0,1
1,NewOrder,1764751465.477903,22612,12,1
2,Payment,1764751465.477986,18143,8,1
1,NewOrder,1764751465.478158,33461,2,1
2,Payment,1764751465.481867,14113,3,1
5,StockLevel,1764751465.481901,14090,14,1
5,StockLevel,1764751465.482120,7207,1,1
2,Payment,1764751465.482232,18343,5,1
2,Payment,1764751465.487752,12863,10,1
2,Payment,1764751465.489336,11355,1,1
2,Payment,1764751465.495999,12196,3,1
2,Payment,1764751465.496001,12273,14,1
2,Payment,1764751465.496046,12151,7,1
1,NewOrder,1764751465.496070,32413,9,1
1,NewOrder,1764751465.496136,23692,8,1
2,Payment,1764751465.496582,11469,13,1
3,OrderStatus,1764751465.498257,4853,0,1
2,Payment,1764751465.498321,13268,11,1
2,Payment,1764751465.500522,37199,12,1
2,Payment,1764751465.500582,27900,5,1
2,Payment,1764751465.500618,11052,10,1
2,Payment,1764751465.500638,11013,4,1
2,Payment,1764751465.500658,36900,6,1
2,Payment,1764751465.500698,10894,1,1
2,Payment,1764751465.503118,12167,0,1
1,NewOrder,1764751465.505214,34982,15,1
2,Payment,1764751465.508059,14406,13,1
2,Payment,1764751465.508202,11537,7,1
3,OrderStatus,1764751465.508205,8438,3,1
1,NewOrder,1764751465.508281,44510,14,1
2,Payment,1764751465.511597,16844,11,1
1,NewOrder,1764751465.511600,28557,1,1
1,NewOrder,1764751465.511621,28549,2,1
2,Payment,1764751465.511653,39049,4,1
2,Payment,1764751465.511671,11137,10,1
1,NewOrder,1764751465.515293,37388,0,1
1,NewOrder,1764751465.516651,21766,3,1
2,Payment,1764751465.519755,34253,7,1
1,NewOrder,1764751465.519837,32856,8,1
1,NewOrder,1764751465.522473,31593,13,1
5,StockLevel,1764751465.522812,27836,10,1
2,Payment,1764751465.528450,22218,11,1
1,NewOrder,1764751465.528490,25402,5,1
1,NewOrder,1764751465.528491,25523,9,1
2,Payment,1764751465.537571,35279,6,1
2,Payment,1764751465.537730,16231,12,1
2,Payment,1764751465.538425,15512,3,1
2,Payment,1764751465.540165,32536,1,1
2,Payment,1764751465.540180,13948,2,1
2,Payment,1764751465.540197,14109,15,1
2,Payment,1764751465.550675,17603,10,1
1,NewOrder,1764751465.550677,31809,11,1
2,Payment,1764751465.550710,17583,4,1
1,NewOrder,1764751465.552689,47299,0,1
1,NewOrder,1764751465.552699,20316,8,1
2,Payment,1764751465.552798,20132,14,1
2,Payment,1764751465.553903,51027,5,1
4,Delivery,1764751465.553941,55984,3,1
2,Payment,1764751465.553968,18813,12,1
2,Payment,1764751465.554015,41976,7,1
2,Payment,1764751465.554016,60251,9,1
1,NewOrder,1764751465.554069,30770,13,1
2,Payment,1764751465.554132,55708,2,1
2,Payment,1764751465.554313,41420,15,1
2,Payment,1764751465.568291,27400,10,1
2,Payment,1764751465.568302,18917,4,1
2,Payment,1764751465.572714,23681,1,1
1,NewOrder,1764751465.572789,32058,12,1
2,Payment,1764751465.572854,37507,6,1
2,Payment,1764751465.572935,37004,14,1
1,NewOrder,1764751465.573018,31984,8,1
2,Payment,1764751465.582503,17490,11,1
1,NewOrder,1764751465.584851,29560,13,1
1,NewOrder,1764751465.587261,144266,4,1
4,Delivery,1764751465.595702,52215,10,1
1,NewOrder,1764751465.595741,23060,15,1
1,NewOrder,1764751465.595995,22671,7,1
2,Payment,1764751465.596402,34203,1,1
2,Payment,1764751465.599996,18634,0,1
2,Payment,1764751465.600000,18674,11,1
1,NewOrder,1764751465.604859,25754,12,1
1,NewOrder,1764751465.604938,30728,5,1
4,Delivery,1764751465.605009,42848,8,1
1,NewOrder,1764751465.609851,38392,2,1
1,NewOrder,1764751465.609934,25827,3,1
2,Payment,1764751465.609948,15248,14,1
2,Payment,1764751465.610367,14959,6,1
2,Payment,1764751465.614279,17353,9,1
1,NewOrder,1764751465.614422,25269,13,1
2,Payment,1764751465.618676,106397,7,1
2,Payment,1764751465.618683,17144,11,1
2,Payment,1764751465.618696,20799,0,1
4,Delivery,1764751465.618807,112758,15,1
1,NewOrder,1764751465.625209,95812,14,1
2,Payment,1764751465.625335,14474,6,1
1,NewOrder,1764751465.630617,100979,1,1
1,NewOrder,1764751465.630622,94416,12,1
1,NewOrder,1764751465.631639,99927,9,1
1,NewOrder,1764751465.635680,95853,5,1
2,Payment,1764751465.635772,17566,3,1
1,NewOrder,1764751465.635831,96019,11,1
1,NewOrder,1764751465.639507,92100,0,1
4,Delivery,1764751465.639702,91858,13,1
1,NewOrder,1764751465.639817,91833,6,1
1,NewOrder,1764751465.647875,140847,8,1
3,OrderStatus,1764751465.647931,1727,10,1
4,Delivery,1764751465.648262,194829,2,1
2,Payment,1764751465.649668,81894,10,1
2,Payment,1764751465.653366,81647,3,1
2,Payment,1764751465.721037,67617,14,1
2,Payment,1764751465.725049,64280,12,1
2,Payment,1764751465.725082,63779,7,1
4,Delivery,1764751465.731537,171432,4,1
1,NewOrder,1764751465.731540,171663,5,1
5,StockLevel,1764751465.731566,113567,13,1
4,Delivery,1764751465.731573,171293,10,1
3,OrderStatus,1764751465.731575,111569,15,1
2,Payment,1764751465.731578,113590,9,1
1,NewOrder,1764751465.731603,171542,1,1
1,NewOrder,1764751465.731610,171218,0,1
2,Payment,1764751465.731653,171277,6,1
2,Payment,1764751465.731857,113393,11,1
2,Payment,1764751465.735020,167848,3,1
2,Payment,1764751465.788676,114190,14,1
2,Payment,1764751465.788724,114160,8,1
1,NewOrder,1764751465.788869,117319,7,1
5,StockLevel,1764751465.789335,113557,12,1
2,Payment,1764751465.843108,63324,2,1
2,Payment,1764751465.843153,105639,15,1
1,NewOrder,1764751465.845140,61131,13,1
2,Payment,1764751465.845174,61068,9,1
5,StockLevel,1764751465.845253,60974,11,1
2,Payment,1764751465.902846,29543,0,1
1,NewOrder,1764751465.902876,36052,3,1
2,Payment,1764751465.902876,29508,10,1
2,Payment,1764751465.902876,25707,14,1
1,NewOrder,1764751465.902890,29480,8,1
1,NewOrder,1764751465.902898,35089,12,1
1,NewOrder,1764751465.902932,29437,6,1
2,Payment,1764751465.902972,25688,4,1
1,NewOrder,1764751465.903153,35082,1,1
2,Payment,1764751465.903208,45438,5,1
2,Payment,1764751465.906198,26151,7,1
2,Payment,1764751465.906234,26115,11,1
1,NewOrder,1764751465.906247,32023,9,1
1,NewOrder,1764751465.906272,32042,13,1
1,NewOrder,1764751465.906437,32294,2,1
2,Payment,1764751465.928605,302476,14,1
1,NewOrder,1764751465.928664,296059,4,1
1,NewOrder,1764751465.932363,292171,11,1
1,NewOrder,1764751465.932363,298619,7,1
1,NewOrder,1764751465.932375,292347,6,1
1,NewOrder,1764751465.932376,292222,8,1
1,NewOrder,1764751465.932390,293937,10,1
1,NewOrder,1764751465.932392,294073,0,1
1,NewOrder,1764751465.938003,293026,12,1
1,NewOrder,1764751465.938244,288174,1,1
1,NewOrder,1764751465.938278,288236,9,1
2,Payment,1764751465.938316,286217,13,1
2,Payment,1764751465.938737,286018,2,1
1,NewOrder,1764751465.938948,291990,3,1
2,Payment,1764751465.948663,282190,5,1
1,NewOrder,1764751465.948795,282092,15,1
4,Delivery,1764751466.224551,45908,11,1
1,NewOrder,1764751466.224551,36734,13,1
2,Payment,1764751466.224600,25790,8,1
2,Payment,1764751466.224727,29560,4,1
2,Payment,1764751466.224728,25210,6,1
5,StockLevel,1764751466.224757,25213,2,1
2,Payment,1764751466.226332,23425,10,1
2,Payment,1764751466.226424,23701,1,1
1,NewOrder,1764751466.226467,43547,0,1
2,Payment,1764751466.226519,38730,9,1
1,NewOrder,1764751466.230865,34333,5,1
4,Delivery,1764751466.230889,43854,15,1
1,NewOrder,1764751466.230946,30388,3,1
1,NewOrder,1764751466.230988,39131,7,1
2,Payment,1764751466.231032,23213,12,1
5,StockLevel,1764751466.231084,23278,14,1
3,OrderStatus,1764751466.249774,913,10,1
1,NewOrder,1764751466.249947,24812,6,1
2,Payment,1764751466.249972,20111,2,1
1,NewOrder,1764751466.250130,20210,1,1
2,Payment,1764751466.250395,21256,8,1
4,Delivery,1764751466.250692,39329,10,1
1,NewOrder,1764751466.254257,35776,12,1
1,NewOrder,1764751466.254289,23390,4,1
1,NewOrder,1764751466.254365,24824,14,1
1,NewOrder,1764751466.261299,38868,13,1
1,NewOrder,1764751466.261336,29042,3,1
3,OrderStatus,1764751466.265209,4091,5,1
2,Payment,1764751466.265256,15905,9,1
1,NewOrder,1764751466.269309,30858,5,1
5,StockLevel,1764751466.270020,20341,0,1
2,Payment,1764751466.270092,30128,2,1
1,NewOrder,1764751466.270125,30116,7,1
1,NewOrder,1764751466.270346,34662,1,1
1,NewOrder,1764751466.270468,39551,11,1
3,OrderStatus,1764751466.271657,18455,8,1
2,Payment,1764751466.274761,25406,15,1
1,NewOrder,1764751466.274766,30066,6,1
1,NewOrder,1764751466.277687,32084,4,1
1,NewOrder,1764751466.279195,97232,14,1
1,NewOrder,1764751466.281170,28609,9,1
2,Payment,1764751466.290036,20379,10,1
2,Payment,1764751466.290042,19730,12,1
1,NewOrder,1764751466.290118,23203,8,1
2,Payment,1764751466.290367,19454,0,1
1,NewOrder,1764751466.290383,19921,3,1
1,NewOrder,1764751466.300183,77972,13,1
1,NewOrder,1764751466.300183,71784,5,1
1,NewOrder,1764751466.300183,78136,15,1
2,Payment,1764751466.300223,13114,2,1
2,Payment,1764751466.300244,13889,7,1
1,NewOrder,1764751466.304843,108508,6,1
4,Delivery,1764751466.305015,73375,1,1
1,NewOrder,1764751466.309781,103254,12,1
1,NewOrder,1764751466.309782,78713,4,1
2,Payment,1764751466.309785,65030,9,1
2,Payment,1764751466.309824,66647,0,1
1,NewOrder,1764751466.310024,68247,11,1
1,NewOrder,1764751466.310307,68121,3,1
2,Payment,1764751466.310421,105010,10,1
1,NewOrder,1764751466.313327,65210,8,1
2,Payment,1764751466.313343,65209,2,1
1,NewOrder,1764751466.314139,103406,7,1
2,Payment,1764751466.371984,16515,5,1
1,NewOrder,1764751466.374830,39504,9,1
2,Payment,1764751466.376436,35737,14,1
2,Payment,1764751466.376479,37061,0,1
2,Payment,1764751466.378162,33894,13,1
2,Payment,1764751466.378277,37133,11,1
1,NewOrder,1764751466.378328,117559,15,1
3,OrderStatus,1764751466.378396,13866,1,1
2,Payment,1764751466.378435,33660,3,1
1,NewOrder,1764751466.378541,42299,8,1
2,Payment,1764751466.378557,38221,2,1
1,NewOrder,1764751466.388509,87997,5,1
2,Payment,1764751466.388509,32896,4,1
2,Payment,1764751466.392270,105468,1,1
1,NewOrder,1764751466.412074,83658,13,1
4,Delivery,1764751466.412104,100852,3,1
2,Payment,1764751466.412180,83532,14,1
2,Payment,1764751466.413041,82722,12,1
2,Payment,1764751466.413357,82403,6,1
1,NewOrder,1764751466.413546,85932,0,1
5,StockLevel,1764751466.414339,81434,9,1
1,NewOrder,1764751466.415416,90240,11,1
2,Payment,1764751466.415435,80283,10,1
1,NewOrder,1764751466.416788,81008,2,1
2,Payment,1764751466.417550,111537,7,1
2,Payment,1764751466.420951,75042,8,1
1,NewOrder,1764751466.421420,77981,4,1
2,Payment,1764751466.476525,21294,5,1
1,NewOrder,1764751466.495728,23486,14,1
3,OrderStatus,1764751466.495729,1821,10,1
2,Payment,1764751466.495738,30736,13,1
2,Payment,1764751466.495765,17151,12,1
2,Payment,1764751466.495766,17308,6,1
2,Payment,1764751466.495779,17119,9,1
1,NewOrder,1764751466.495889,23520,15,1
1,NewOrder,1764751466.495997,27047,8,1
2,Payment,1764751466.497556,28845,10,1
1,NewOrder,1764751466.497742,25027,1,1
2,Payment,1764751466.497802,15589,2,1
1,NewOrder,1764751466.497824,21397,5,1
5,StockLevel,1764751466.499407,13613,4,1
2,Payment,1764751466.499481,13708,0,1
2,Payment,1764751466.505665,9135,11,1
1,NewOrder,1764751466.512910,26452,9,1
1,NewOrder,1764751466.512923,19419,12,1
2,Payment,1764751466.512963,16137,3,1
2,Payment,1764751466.513023,16061,4,1
1,NewOrder,1764751466.513078,22802,6,1
2,Payment,1764751466.513193,15925,0,1
1,NewOrder,1764751466.513398,22540,2,1
1,NewOrder,1764751466.514807,21066,11,1
2,Payment,1764751466.519226,13086,14,1
2,Payment,1764751466.519229,37997,5,1
1,NewOrder,1764751466.519419,24855,15,1
1,NewOrder,1764751466.522777,30406,1,1
2,Payment,1764751466.523053,16182,8,1
2,Payment,1764751466.526410,15749,10,1
2,Payment,1764751466.526482,12880,13,1
2,Payment,1764751466.529093,13140,4,1
1,NewOrder,1764751466.529095,21735,7,1
1,NewOrder,1764751466.529107,43877,3,1
2,Payment,1764751466.529125,12995,0,1
1,NewOrder,1764751466.532321,24846,14,1
1,NewOrder,1764751466.532349,28013,12,1
2,Payment,1764751466.535880,14994,11,1
2,Payment,1764751466.535887,14996,6,1
2,Payment,1764751466.535940,17016,2,1
5,StockLevel,1764751466.539244,14036,8,1
2,Payment,1764751466.539369,13645,13,1
1,NewOrder,1764751466.539375,21227,9,1
2,Payment,1764751466.542128,18306,0,1
2,Payment,1764751466.542161,18399,10,1
2,Payment,1764751466.542241,40262,4,1
1,NewOrder,1764751466.544282,38238,15,1
2,Payment,1764751466.550843,22165,7,1
2,Payment,1764751466.550876,28227,11,1
1,NewOrder,1764751466.550892,43794,6,1
2,Payment,1764751466.552963,55660,2,1
2,Payment,1764751466.553021,25952,13,1
2,Payment,1764751466.553190,25919,1,1
1,NewOrder,1764751466.553289,41457,8,1
2,Payment,1764751466.557179,25274,14,1
1,NewOrder,1764751466.557235,55318,5,1
5,StockLevel,1764751466.560371,34002,12,1
4,Delivery,1764751466.560442,70530,0,1
2,Payment,1764751466.560567,35152,10,1
1,NewOrder,1764751466.560604,35902,9,1
1,NewOrder,1764751466.572994,35478,3,1
1,NewOrder,1764751466.573017,35536,7,1
1,NewOrder,1764751466.578984,33537,13,1
2,Payment,1764751466.579113,29364,11,1
2,Payment,1764751466.579115,91661,1,1
1,NewOrder,1764751466.582462,41256,14,1
1,NewOrder,1764751466.582510,12457,4,1
3,OrderStatus,1764751466.582529,2174,15,1
4,Delivery,1764751466.584713,41448,15,1
1,NewOrder,1764751466.594387,36471,12,1
2,Payment,1764751466.594693,29082,6,1
1,NewOrder,1764751466.594754,29147,8,1
2,Payment,1764751466.594972,28799,4,1
2,Payment,1764751466.595727,28004,10,1
3,OrderStatus,1764751466.596513,27178,9,1
4,Delivery,1764751466.608485,49449,3,1
2,Payment,1764751466.608486,22456,11,1
2,Payment,1764751466.608571,30492,7,1
2,Payment,1764751466.608629,44486,2,1
4,Delivery,1764751466.612531,45355,13,1
1,NewOrder,1764751466.612561,40472,5,1
1,NewOrder,1764751466.623706,34099,9,1
1,NewOrder,1764751466.623726,29703,14,1
1,NewOrder,1764751466.623737,34274,10,1
2,Payment,1764751466.623778,38618,4,1
1,NewOrder,1764751466.623778,29323,6,1
2,Payment,1764751466.623905,10176,8,1
1,NewOrder,1764751466.626168,31675,15,1
1,NewOrder,1764751466.630867,26952,12,1
1,NewOrder,1764751466.630949,31697,11,1
4,Delivery,1764751466.630975,43898,0,1
4,Delivery,1764751466.634089,45549,8,1
3,OrderStatus,1764751466.639072,5277,7,1
2,Payment,1764751466.644361,13516,7,1
1,NewOrder,1764751466.653052,33854,5,1
1,NewOrder,1764751466.653112,33980,6,1
2,Payment,1764751466.653122,33913,2,1
2,Payment,1764751466.653436,13095,14,1
4,Delivery,1764751466.657815,25635,9,1
1,NewOrder,1764751466.657826,29091,12,1
2,Payment,1764751466.657849,29084,15,1
2,Payment,1764751466.657884,17033,7,1
1,NewOrder,1764751466.657893,25534,13,1
3,OrderStatus,1764751466.657937,5541,3,1
1,NewOrder,1764751466.658018,21664,10,1
1,NewOrder,1764751466.662403,24526,4,1
1,NewOrder,1764751466.662651,25991,11,1
2,Payment,1764751466.663486,16182,3,1
1,NewOrder,1764751466.666540,22112,14,1
1,NewOrder,1764751466.670791,17859,1,1
1,NewOrder,1764751466.674887,28084,0,1
3,OrderStatus,1764751466.674927,12079,7,1
2,Payment,1764751466.679647,13181,8,1
5,StockLevel,1764751466.679679,13229,3,1
1,NewOrder,1764751466.679689,23282,10,1
2,Payment,1764751466.683437,13830,13,1
2,Payment,1764751466.683457,13871,9,1
1,NewOrder,1764751466.686914,18990,5,1
2,Payment,1764751466.686925,36671,12,1
1,NewOrder,1764751466.686938,19109,4,1
2,Payment,1764751466.686942,16093,15,1
1,NewOrder,1764751466.687010,25151,7,1
1,NewOrder,1764751466.687042,32426,2,1
2,Payment,1764751466.687096,16429,6,1
5,StockLevel,1764751466.688649,14773,11,1
2,Payment,1764751466.688657,14435,1,1
2,Payment,1764751466.688660,30868,14,1
1,NewOrder,1764751466.692837,31196,8,1
2,Payment,1764751466.692916,13085,3,1
2,Payment,1764751466.697275,8879,13,1
2,Payment,1764751466.697335,8742,9,1
1,NewOrder,1764751466.702982,37642,10,1
2,Payment,1764751466.702984,16502,0,1
1,NewOrder,1764751466.703042,21006,15,1
1,NewOrder,1764751466.703095,30683,1,1
1,NewOrder,1764751466.703429,34469,11,1
1,NewOrder,1764751466.703532,37121,6,1
1,NewOrder,1764751466.705914,34695,5,1
2,Payment,1764751466.706009,18495,3,1
1,NewOrder,1764751466.706054,34667,4,1
1,NewOrder,1764751466.706087,34553,9,1
5,StockLevel,1764751466.706158,4676,13,1
2,Payment,1764751466.710844,30892,13,1
2,Payment,1764751466.712169,11811,7,1
1,NewOrder,1764751466.719484,30528,2,1
1,NewOrder,1764751466.719495,27188,0,1
1,NewOrder,1764751466.719530,21517,14,1
2,Payment,1764751466.723605,84427,12,1
1,NewOrder,1764751466.723988,22806,7,1
2,Payment,1764751466.724035,16732,8,1
2,Payment,1764751466.724055,16845,15,1
2,Payment,1764751466.724511,16575,3,1
5,StockLevel,1764751466.733799,12875,1,1
2,Payment,1764751466.737916,69935,11,1
1,NewOrder,1764751466.740632,82547,5,1
2,Payment,1764751466.740635,82787,10,1
2,Payment,1764751466.740648,67736,9,1
2,Payment,1764751466.740661,67195,6,1
1,NewOrder,1764751466.740732,82454,4,1
2,Payment,1764751466.740774,67978,8,1
1,NewOrder,1764751466.740906,82626,15,1
2,Payment,1764751466.741055,66678,14,1
2,Payment,1764751466.741089,66997,3,1
2,Payment,1764751466.741745,81927,13,1
2,Payment,1764751466.746697,72391,1,1
1,NewOrder,1764751466.746698,94932,0,1
2,Payment,1764751466.746801,86947,7,1
1,NewOrder,1764751466.750029,73365,2,1
4,Delivery,1764751466.807751,30168,14,1
2,Payment,1764751466.807860,25957,11,1
1,NewOrder,1764751466.807863,33183,6,1
1,NewOrder,1764751466.808036,40595,12,1
2,Payment,1764751466.808092,25552,3,1
1,NewOrder,1764751466.808388,52255,9,1
2,Payment,1764751466.808757,14688,8,1
1,NewOrder,1764751466.819102,32672,1,1
2,Payment,1764751466.823191,18320,5,1
2,Payment,1764751466.823194,37452,4,1
2,Payment,1764751466.823400,17604,2,1
4,Delivery,1764751466.823428,52809,10,1
1,NewOrder,1764751466.823451,28595,8,1
1,NewOrder,1764751466.823534,24945,15,1
4,Delivery,1764751466.823678,44804,13,1
1,NewOrder,1764751466.833659,47540,3,1
1,NewOrder,1764751466.833752,34770,7,1
1,NewOrder,1764751466.833827,42410,11,1
1,NewOrder,1764751466.837931,38302,14,1
2,Payment,1764751466.841015,19614,2,1
2,Payment,1764751466.841055,19649,6,1
2,Payment,1764751466.841517,39714,5,1
2,Payment,1764751466.841636,19051,0,1
1,NewOrder,1764751466.848491,32736,15,1
1,NewOrder,1764751466.848638,32555,12,1
1,NewOrder,1764751466.851785,44813,1,1
2,Payment,1764751466.852053,24654,8,1
2,Payment,1764751466.860649,21023,2,1
2,Payment,1764751466.860655,43811,4,1
1,NewOrder,1764751466.860655,32194,9,1
2,Payment,1764751466.860694,20762,0,1
2,Payment,1764751466.860709,20621,6,1
1,NewOrder,1764751466.868496,28354,13,1
5,StockLevel,1764751466.868532,12690,7,1
1,NewOrder,1764751466.876245,42183,14,1
1,NewOrder,1764751466.876246,42620,11,1
2,Payment,1764751466.876247,24033,10,1
2,Payment,1764751466.876714,20059,8,1
1,NewOrder,1764751466.881202,37228,12,1
2,Payment,1764751466.881208,16199,3,1
1,NewOrder,1764751466.881228,38677,7,1
2,Payment,1764751466.881234,23209,15,1
1,NewOrder,1764751466.881239,38674,5,1
1,NewOrder,1764751466.881338,38949,6,1
2,Payment,1764751466.881464,26950,0,1
2,Payment,1764751466.881677,22760,2,1
2,Payment,1764751466.892865,27057,9,1
2,Payment,1764751466.896613,58438,1,1
2,Payment,1764751466.896784,28724,8,1
2,Payment,1764751466.896858,23073,13,1
1,NewOrder,1764751466.897414,46403,3,1
2,Payment,1764751466.900292,61760,10,1
2,Payment,1764751466.904454,20948,2,1
1,NewOrder,1764751466.904467,24538,15,1
1,NewOrder,1764751466.904473,24733,4,1
1,NewOrder,1764751466.908424,35538,0,1
1,NewOrder,1764751466.918440,76143,12,1
1,NewOrder,1764751466.918441,41657,14,1
2,Payment,1764751466.918872,27601,11,1
2,Payment,1764751466.919911,26545,7,1
2,Payment,1764751466.919920,26605,5,1
2,Payment,1764751466.919929,23944,9,1
1,NewOrder,1764751466.919937,34737,13,1
1,NewOrder,1764751466.920294,34636,6,1
2,Payment,1764751466.925415,46424,2,1
2,Payment,1764751466.925519,29229,8,1
1,NewOrder,1764751466.929014,31461,15,1
1,NewOrder,1764751466.929215,54580,4,1
1,NewOrder,1764751466.943834,15393,3,1
2,Payment,1764751466.943887,39900,9,1
2,Payment,1764751466.943970,16575,0,1
1,NewOrder,1764751466.946465,37362,7,1
4,Delivery,1764751466.946481,51918,11,1
1,NewOrder,1764751466.946532,25343,5,1
1,NewOrder,1764751466.954689,39900,13,1
1,NewOrder,1764751466.954760,29020,8,1
1,NewOrder,1764751466.954933,42993,6,1
1,NewOrder,1764751466.955057,39616,1,1
2,Payment,1764751466.959233,35396,3,1
5,StockLevel,1764751466.960107,23591,14,1
2,Payment,1764751466.960483,23214,15,1
2,Payment,1764751466.960547,23150,0,1
1,NewOrder,1764751466.962060,35516,10,1
2,Payment,1764751466.971858,22798,2,1
1,NewOrder,1764751466.971885,25804,5,1
1,NewOrder,1764751466.983716,102798,0,1
2,Payment,1764751466.983716,14400,14,1
1,NewOrder,1764751466.983716,36966,15,1
3,OrderStatus,1764751466.983783,13752,8,1
1,NewOrder,1764751466.983794,91787,9,1
1,NewOrder,1764751466.983803,36875,4,1
2,Payment,1764751466.983835,13993,7,1
2,Payment,1764751466.994599,26491,12,1
1,NewOrder,1764751466.994636,80952,13,1
3,OrderStatus,1764751466.994637,2469,3,1
1,NewOrder,1764751466.994662,80936,2,1
2,Payment,1764751466.994676,25995,1,1
2,Payment,1764751466.997119,23512,3,1
2,Payment,1764751466.997544,22952,8,1
2,Payment,1764751466.997584,23376,10,1
2,Payment,1764751466.997693,22806,5,1
2,Payment,1764751466.997832,89005,7,1
2,Payment,1764751466.997933,22595,6,1
1,NewOrder,1764751466.998123,77448,14,1
2,Payment,1764751466.998406,22089,11,1
3,OrderStatus,1764751467.020514,2188,11,1
1,NewOrder,1764751467.020515,67900,5,1
2,Payment,1764751467.020515,65780,8,1
3,OrderStatus,1764751467.020536,2741,6,1
2,Payment,1764751467.020638,66216,3,1
3,OrderStatus,1764751467.020678,52897,1,1
1,NewOrder,1764751467.020684,66485,4,1
2,Payment,1764751467.020685,65595,15,1
3,OrderStatus,1764751467.020966,1980,10,1
2,Payment,1764751467.021093,67183,12,1
2,Payment,1764751467.022709,63798,11,1
2,Payment,1764751467.022953,63652,10,1
2,Payment,1764751467.023285,135600,6,1
1,NewOrder,1764751467.073591,20779,1,1
1,NewOrder,1764751467.075578,94762,14,1
2,Payment,1764751467.075589,83413,9,1
1,NewOrder,1764751467.075593,96813,13,1
2,Payment,1764751467.075604,18735,2,1
3,OrderStatus,1764751467.086298,69026,15,1
2,Payment,1764751467.086303,72578,8,1
4,Delivery,1764751467.086513,83890,11,1
1,NewOrder,1764751467.086525,83932,0,1
2,Payment,1764751467.086609,105734,10,1
2,Payment,1764751467.086841,105501,7,1
2,Payment,1764751467.086860,73316,3,1
1,NewOrder,1764751467.087172,83026,4,1
2,Payment,1764751467.088282,70812,12,1
1,NewOrder,1764751467.088421,104000,5,1
5,StockLevel,1764751467.094353,79871,2,1
2,Payment,1764751467.094379,75902,1,1
1,NewOrder,1764751467.155340,37041,15,1
2,Payment,1764751467.158891,33458,8,1
1,NewOrder,1764751467.158892,34271,6,1
1,NewOrder,1764751467.159008,45614,9,1
1,NewOrder,1764751467.159100,45595,12,1
1,NewOrder,1764751467.160182,44691,3,1
1,NewOrder,1764751467.170214,44590,4,1
2,Payment,1764751467.170289,34702,1,1
2,Payment,1764751467.170343,34407,14,1
2,Payment,1764751467.170407,34985,11,1
1,NewOrder,1764751467.170464,49818,0,1
5,StockLevel,1764751467.172414,32248,13,1
2,Payment,1764751467.174231,49841,2,1
2,Payment,1764751467.192360,28045,10,1
1,NewOrder,1764751467.192360,27909,8,1
1,NewOrder,1764751467.192361,31681,7,1
2,Payment,1764751467.192386,31502,15,1
1,NewOrder,1764751467.192427,27991,5,1
4,Delivery,1764751467.193169,31188,6,1
1,NewOrder,1764751467.204646,43537,9,1
2,Payment,1764751467.204678,21147,13,1
1,NewOrder,1764751467.204701,19376,12,1
1,NewOrder,1764751467.204756,40806,14,1
1,NewOrder,1764751467.204877,39950,3,1
2,Payment,1764751467.204994,40801,1,1
1,NewOrder,1764751467.205398,39650,11,1
1,NewOrder,1764751467.214821,30632,4,1
1,NewOrder,1764751467.220285,25335,8,1
2,Payment,1764751467.220291,24578,0,1
2,Payment,1764751467.220410,24455,10,1
1,NewOrder,1764751467.220424,25545,5,1
3,OrderStatus,1764751467.223900,1893,15,1
2,Payment,1764751467.224050,38139,7,1
2,Payment,1764751467.224074,108052,2,1
2,Payment,1764751467.224080,21185,12,1
2,Payment,1764751467.224362,20990,6,1
2,Payment,1764751467.225800,19432,15,1
2,Payment,1764751467.225832,36667,13,1
1,NewOrder,1764751467.244844,27223,3,1
2,Payment,1764751467.244876,17196,10,1
1,NewOrder,1764751467.244877,80264,0,1
2,Payment,1764751467.245051,17263,11,1
2,Payment,1764751467.245238,16985,15,1
3,OrderStatus,1764751467.245272,4538,12,1
2,Payment,1764751467.245359,96588,6,1
2,Payment,1764751467.245458,17087,4,1
1,NewOrder,1764751467.245565,79533,14,1
2,Payment,1764751467.245627,26430,8,1
2,Payment,1764751467.245802,21377,1,1
2,Payment,1764751467.245975,82334,5,1
1,NewOrder,1764751467.248193,80118,9,1
2,Payment,1764751467.249819,92659,12,1
2,Payment,1764751467.262091,66235,10,1
2,Payment,1764751467.262199,66456,7,1
1,NewOrder,1764751467.262232,70081,15,1
1,NewOrder,1764751467.262322,79534,11,1
2,Payment,1764751467.262505,66025,13,1
1,NewOrder,1764751467.262548,69661,4,1
1,NewOrder,1764751467.267195,74381,1,1
1,NewOrder,1764751467.272076,69831,8,1
1,NewOrder,1764751467.272078,60149,3,1
2,Payment,1764751467.325115,16492,14,1
2,Payment,1764751467.325151,16414,0,1
2,Payment,1764751467.328322,21874,5,1
2,Payment,1764751467.328323,13321,9,1
1,NewOrder,1764751467.328331,27172,10,1
2,Payment,1764751467.328535,26980,13,1
1,NewOrder,1764751467.328659,27304,7,1
1,NewOrder,1764751467.332138,23427,2,1
2,Payment,1764751467.332218,32769,4,1
3,OrderStatus,1764751467.332234,5042,3,1
2,Payment,1764751467.332319,40557,15,1
2,Payment,1764751467.337288,18211,3,1
2,Payment,1764751467.341576,14123,0,1
2,Payment,1764751467.341584,14054,1,1
2,Payment,1764751467.341613,13886,14,1
2,Payment,1764751467.341650,13977,9,1
1,NewOrder,1764751467.341862,27986,11,1
1,NewOrder,1764751467.341909,23092,8,1
2,Payment,1764751467.341949,13710,6,1
2,Payment,1764751467.342486,30673,12,1
4,Delivery,1764751467.350213,58312,5,1
4,Delivery,1764751467.355515,26911,14,1
2,Payment,1764751467.355515,17305,3,1
5,StockLevel,1764751467.355515,17615,10,1
5,StockLevel,1764751467.355521,14361,13,1
1,NewOrder,1764751467.355567,53233,2,1
2,Payment,1764751467.355634,17896,9,1
1,NewOrder,1764751467.355640,29436,1,1
1,NewOrder,1764751467.355661,32677,6,1
5,StockLevel,1764751467.355703,16571,0,1
1,NewOrder,1764751467.355969,22155,7,1
1,NewOrder,1764751467.365004,35358,4,1
2,Payment,1764751467.365012,18934,8,1
1,NewOrder,1764751467.369858,38603,11,1
1,NewOrder,1764751467.369884,39242,13,1
1,NewOrder,1764751467.372283,36197,0,1
1,NewOrder,1764751467.372828,41979,3,1
2,Payment,1764751467.372879,27556,15,1
1,NewOrder,1764751467.373137,41674,10,1
1,NewOrder,1764751467.373161,36705,12,1
2,Payment,1764751467.373536,34971,9,1
5,StockLevel,1764751467.378138,30335,7,1
1,NewOrder,1764751467.382443,46545,14,1
2,Payment,1764751467.383956,29921,8,1
2,Payment,1764751467.385086,23758,1,1
1,NewOrder,1764751467.388348,31670,6,1
1,NewOrder,1764751467.400382,19588,4,1
1,NewOrder,1764751467.400448,32166,15,1
2,Payment,1764751467.408475,15076,11,1
5,StockLevel,1764751467.408482,20450,7,1
1,NewOrder,1764751467.408487,25955,0,1
2,Payment,1764751467.408509,15650,9,1
1,NewOrder,1764751467.408532,30795,5,1
1,NewOrder,1764751467.408806,41525,2,1
2,Payment,1764751467.408850,20078,1,1
2,Payment,1764751467.409132,13963,13,1
1,NewOrder,1764751467.409873,24507,12,1
2,Payment,1764751467.413891,16579,8,1
2,Payment,1764751467.414818,17380,3,1
3,OrderStatus,1764751467.414820,2216,10,1
4,Delivery,1764751467.417045,33210,10,1
1,NewOrder,1764751467.419979,19532,4,1
1,NewOrder,1764751467.420026,31546,6,1
5,StockLevel,1764751467.423106,16326,13,1
1,NewOrder,1764751467.423560,40186,11,1
2,Payment,1764751467.424167,15177,9,1
1,NewOrder,1764751467.428945,39739,7,1
3,OrderStatus,1764751467.428946,6596,1,1
2,Payment,1764751467.428990,13568,14,1
2,Payment,1764751467.430478,12395,8,1
1,NewOrder,1764751467.432205,38902,3,1
2,Payment,1764751467.432621,30812,15,1
1,NewOrder,1764751467.434387,37115,12,1
2,Payment,1764751467.434449,15879,0,1
1,NewOrder,1764751467.435549,27871,1,1
1,NewOrder,1764751467.439336,45771,5,1
1,NewOrder,1764751467.439352,44094,9,1
1,NewOrder,1764751467.439440,43735,13,1
1,NewOrder,1764751467.439519,33078,4,1
2,Payment,1764751467.442569,34313,14,1
1,NewOrder,1764751467.442882,46796,8,1
2,Payment,1764751467.450272,18560,10,1
1,NewOrder,1764751467.450338,34858,0,1
1,NewOrder,1764751467.450340,34822,2,1
2,Payment,1764751467.451580,20138,6,1
2,Payment,1764751467.463438,13498,1,1
1,NewOrder,1764751467.463443,25790,15,1
5,StockLevel,1764751467.463753,13408,11,1
2,Payment,1764751467.468697,16386,7,1
2,Payment,1764751467.468840,16251,10,1
2,Payment,1764751467.471120,14045,3,1
2,Payment,1764751467.471535,18491,12,1
1,NewOrder,1764751467.471727,23808,6,1
1,NewOrder,1764751467.472606,32027,4,1
1,NewOrder,1764751467.476895,23874,14,1
1,NewOrder,1764751467.476945,27972,1,1
1,NewOrder,1764751467.477168,20744,11,1
2,Payment,1764751467.483189,19627,13,1
2,Payment,1764751467.483458,14390,9,1
1,NewOrder,1764751467.485092,35553,7,1
1,NewOrder,1764751467.485100,19680,10,1
1,NewOrder,1764751467.485114,28734,5,1
1,NewOrder,1764751467.485168,25450,3,1
4,Delivery,1764751467.485170,43534,2,1
1,NewOrder,1764751467.485199,19666,0,1
2,Payment,1764751467.489245,15610,15,1
1,NewOrder,1764751467.489686,37275,8,1
1,NewOrder,1764751467.490033,36286,12,1
2,Payment,1764751467.495548,9100,6,1
5,StockLevel,1764751467.497859,11886,9,1
2,Payment,1764751467.497920,11120,11,1
1,NewOrder,1764751467.500777,35976,14,1
2,Payment,1764751467.502826,16865,13,1
2,Payment,1764751467.504643,15206,4,1
2,Payment,1764751467.504656,19021,6,1
2,Payment,1764751467.504787,15104,10,1
2,Payment,1764751467.504862,15002,15,1
1,NewOrder,1764751467.504874,41023,0,1
2,Payment,1764751467.504923,14827,1,1
5,StockLevel,1764751467.509054,14524,11,1
3,OrderStatus,1764751467.509756,3804,9,1
2,Payment,1764751467.510625,15621,3,1
2,Payment,1764751467.513573,23212,9,1
5,StockLevel,1764751467.513873,12424,5,1
1,NewOrder,1764751467.519762,28348,1,1
2,Payment,1764751467.519801,12151,13,1
2,Payment,1764751467.519857,14225,4,1
1,NewOrder,1764751467.519874,31769,15,1
1,NewOrder,1764751467.519895,34122,10,1
1,NewOrder,1764751467.520651,37258,7,1
1,NewOrder,1764751467.523587,21893,11,1
1,NewOrder,1764751467.523685,28071,6,1
2,Payment,1764751467.526256,10919,3,1
2,Payment,1764751467.526306,25463,5,1
2,Payment,1764751467.526326,18966,12,1
2,Payment,1764751467.526967,19348,8,1
1,NewOrder,1764751467.528711,23296,2,1
1,NewOrder,1764751467.531967,32981,13,1
5,StockLevel,1764751467.534091,17939,4,1
2,Payment,1764751467.536763,11347,14,1
1,NewOrder,1764751467.536792,39208,9,1
3,OrderStatus,1764751467.537183,20849,3,1
1,NewOrder,1764751467.545309,36613,12,1
1,NewOrder,1764751467.545490,27387,11,1
2,Payment,1764751467.545905,26974,0,1
1,NewOrder,1764751467.546323,35612,8,1
1,NewOrder,1764751467.548118,33857,14,1
1,NewOrder,1764751467.548120,33770,1,1
1,NewOrder,1764751467.551654,34450,15,1
2,Payment,1764751467.551764,23996,6,1
2,Payment,1764751467.551779,43729,5,1
1,NewOrder,1764751467.552020,29860,2,1
2,Payment,1764751467.552035,20867,4,1
1,NewOrder,1764751467.554027,28366,10,1
2,Payment,1764751467.557931,43056,7,1
3,OrderStatus,1764751467.558036,2425,3,1
1,NewOrder,1764751467.560470,42538,3,1
2,Payment,1764751467.564963,18460,13,1
1,NewOrder,1764751467.572890,30735,11,1
4,Delivery,1764751467.572892,101054,0,1
1,NewOrder,1764751467.572910,32347,4,1
1,NewOrder,1764751467.575769,32296,6,1
5,StockLevel,1764751467.576108,4440,9,1
1,NewOrder,1764751467.580558,27235,9,1
1,NewOrder,1764751467.581889,26235,2,1
1,NewOrder,1764751467.581898,88057,1,1
2,Payment,1764751467.581929,21575,12,1
1,NewOrder,1764751467.581942,88037,8,1
2,Payment,1764751467.581979,23155,14,1
2,Payment,1764751467.582400,21107,10,1
1,NewOrder,1764751467.583431,82678,13,1
1,NewOrder,1764751467.586112,84109,15,1
1,NewOrder,1764751467.595522,74590,5,1
2,Payment,1764751467.601002,65111,7,1
1,NewOrder,1764751467.603018,72914,3,1
1,NewOrder,1764751467.603513,66555,12,1
2,Payment,1764751467.603516,66532,10,1
2,Payment,1764751467.603628,66478,11,1
2,Payment,1764751467.605141,64835,14,1
1,NewOrder,1764751467.605264,68624,4,1
1,NewOrder,1764751467.607804,54095,9,1
4,Delivery,1764751467.608073,62221,6,1
2,Payment,1764751467.608132,61913,2,1
2,Payment,1764751467.661909,20569,9,1
2,Payment,1764751467.666122,13476,13,1
1,NewOrder,1764751467.666123,19175,7,1
2,Payment,1764751467.669965,15871,1,1
2,Payment,1764751467.669984,12487,14,1
1,NewOrder,1764751467.669987,27218,8,1
1,NewOrder,1764751467.670049,26671,2,1
1,NewOrder,1764751467.670054,18122,10,1
1,NewOrder,1764751467.670074,16714,12,1
1,NewOrder,1764751467.670109,19964,11,1
2,Payment,1764751467.670116,12384,5,1
5,StockLevel,1764751467.670227,12257,15,1
2,Payment,1764751467.670298,15058,6,1
1,NewOrder,1764751467.673897,31813,4,1
1,NewOrder,1764751467.673949,22756,0,1
2,Payment,1764751467.675940,12072,3,1
2,Payment,1764751467.679606,10310,13,1
1,NewOrder,1764751467.682478,28967,14,1
4,Delivery,1764751467.682485,23307,9,1
2,Payment,1764751467.682490,10657,15,1
1,NewOrder,1764751467.682506,21762,5,1
2,Payment,1764751467.685306,11804,7,1
3,OrderStatus,1764751467.685363,1967,6,1
1,NewOrder,1764751467.685842,32022,1,1
2,Payment,1764751467.686792,15503,12,1
2,Payment,1764751467.687336,21119,6,1
1,NewOrder,1764751467.688019,34067,3,1
2,Payment,1764751467.688181,10226,10,1
1,NewOrder,1764751467.689924,27767,13,1
4,Delivery,1764751467.690079,34790,11,1
1,NewOrder,1764751467.693154,28734,15,1
3,OrderStatus,1764751467.696714,1978,0,1
1,NewOrder,1764751467.696726,28118,2,1
2,Payment,1764751467.697116,24794,7,1
2,Payment,1764751467.697208,14382,8,1
1,NewOrder,1764751467.698414,19251,10,1
5,StockLevel,1764751467.698697,12748,0,1
1,NewOrder,1764751467.702303,22495,12,1
2,Payment,1764751467.704275,13256,5,1
4,Delivery,1764751467.705718,20093,4,1
2,Payment,1764751467.705799,11554,9,1
1,NewOrder,1764751467.708462,22176,6,1
2,Payment,1764751467.711452,13350,0,1
1,NewOrder,1764751467.711453,21887,14,1
1,NewOrder,1764751467.711615,34587,8,1
2,Payment,1764751467.717362,14135,9,1
1,NewOrder,1764751467.717538,25103,5,1
4,Delivery,1764751467.717671,38800,10,1
1,NewOrder,1764751467.717697,17615,13,1
2,Payment,1764751467.717871,12756,1,1
1,NewOrder,1764751467.721897,29257,15,1
2,Payment,1764751467.721917,12118,7,1
1,NewOrder,1764751467.722093,20360,3,1
2,Payment,1764751467.724808,10467,12,1
2,Payment,1764751467.724810,17624,0,1
1,NewOrder,1764751467.724851,36377,2,1
1,NewOrder,1764751467.724871,26528,11,1
1,NewOrder,1764751467.725818,20355,4,1
2,Payment,1764751467.730643,15538,1,1
1,NewOrder,1764751467.730648,29166,6,1
2,Payment,1764751467.731504,14790,9,1
1,NewOrder,1764751467.733347,27736,14,1
2,Payment,1764751467.734045,17045,7,1
1,NewOrder,1764751467.735282,21155,12,1
2,Payment,1764751467.735319,10969,13,1
1,NewOrder,1764751467.742444,25030,0,1
1,NewOrder,1764751467.742461,35957,3,1
1,NewOrder,1764751467.742645,18399,5,1
1,NewOrder,1764751467.746182,24953,4,1
1,NewOrder,1764751467.746188,31256,1,1
2,Payment,1764751467.746209,13459,8,1
2,Payment,1764751467.746295,13271,13,1
2,Payment,1764751467.746301,15216,9,1
4,Delivery,1764751467.751103,41940,7,1
5,StockLevel,1764751467.751162,12682,15,1
2,Payment,1764751467.751406,16084,11,1
2,Payment,1764751467.756447,14636,12,1
5,StockLevel,1764751467.756479,11069,10,1
1,NewOrder,1764751467.759575,27277,13,1
1,NewOrder,1764751467.759676,18852,8,1
2,Payment,1764751467.759822,14094,6,1
1,NewOrder,1764751467.761053,25790,5,1
3,OrderStatus,1764751467.761090,943,14,1
1,NewOrder,1764751467.761232,21078,2,1
2,Payment,1764751467.761524,12300,9,1
1,NewOrder,1764751467.762040,19233,14,1
2,Payment,1764751467.763851,14878,15,1
1,NewOrder,1764751467.767484,23012,0,1
2,Payment,1764751467.767500,10884,11,1
1,NewOrder,1764751467.767551,31763,10,1
1,NewOrder,1764751467.771090,21725,12,1
1,NewOrder,1764751467.771141,21572,4,1
2,Payment,1764751467.773833,13019,9,1
2,Payment,1764751467.773923,8655,6,1
1,NewOrder,1764751467.777452,27639,1,1
2,Payment,1764751467.778391,18354,11,1
2,Payment,1764751467.778420,18330,3,1
2,Payment,1764751467.778535,11948,8,1
2,Payment,1764751467.778739,18596,15,1
1,NewOrder,1764751467.781283,18000,14,1
1,NewOrder,1764751467.782321,32236,2,1
1,NewOrder,1764751467.782586,30868,6,1
2,Payment,1764751467.786852,12163,5,1
3,OrderStatus,1764751467.786860,9941,13,1
2,Payment,1764751467.786883,12230,9,1
2,Payment,1764751467.790492,11787,8,1
1,NewOrder,1764751467.790505,32639,0,1
1,NewOrder,1764751467.792722,27355,4,1
1,NewOrder,1764751467.792823,5541,12,1
2,Payment,1764751467.793051,12030,7,1
2,Payment,1764751467.796755,16706,11,1
5,StockLevel,1764751467.796759,13504,3,1
1,NewOrder,1764751467.796809,28448,13,1
1,NewOrder,1764751467.797343,27915,15,1
1,NewOrder,1764751467.798369,21631,12,1
4,Delivery,1764751467.799022,51966,5,1
2,Payment,1764751467.799120,14479,9,1
1,NewOrder,1764751467.799291,30624,14,1
2,Payment,1764751467.799316,34053,10,1
2,Payment,1764751467.802287,17724,8,1
1,NewOrder,1764751467.805089,40128,7,1
1,NewOrder,1764751467.805099,19990,1,1
2,Payment,1764751467.810274,14866,3,1
2,Payment,1764751467.813465,11821,6,1
2,Payment,1764751467.813469,11690,11,1
1,NewOrder,1764751467.813605,24489,9,1
1,NewOrder,1764751467.814564,30652,2,1
2,Payment,1764751467.820008,13344,12,1
1,NewOrder,1764751467.820021,25243,8,1
1,NewOrder,1764751467.820085,42850,4,1
1,NewOrder,1764751467.823154,39986,0,1
2,Payment,1764751467.825099,27180,1,1
5,StockLevel,1764751467.825149,25832,3,1
2,Payment,1764751467.825162,25819,11,1
2,Payment,1764751467.825259,53690,13,1
2,Payment,1764751467.825261,20014,15,1
1,NewOrder,1764751467.825288,37661,6,1
2,Payment,1764751467.829924,36161,14,1
2,Payment,1764751467.833361,29677,12,1
4,Delivery,1764751467.833378,38082,10,1
1,NewOrder,1764751467.838102,33400,9,1
5,StockLevel,1764751467.845227,33697,7,1
2,Payment,1764751467.845228,20895,2,1
2,Payment,1764751467.845271,20821,8,1
3,OrderStatus,1764751467.845282,1565,15,1
1,NewOrder,1764751467.846854,19271,15,1
3,OrderStatus,1764751467.850993,15077,11,1
1,NewOrder,1764751467.850995,32153,3,1
1,NewOrder,1764751467.851014,20613,5,1
1,NewOrder,1764751467.852286,26691,1,1
1,NewOrder,1764751467.862948,24126,4,1
2,Payment,1764751467.862959,15957,6,1
3,OrderStatus,1764751467.863048,1739,12,1
2,Payment,1764751467.863145,15870,0,1
2,Payment,1764751467.864793,55320,12,1
1,NewOrder,1764751467.866077,26399,11,1
2,Payment,1764751467.866092,29769,14,1
1,NewOrder,1764751467.866100,26228,8,1
2,Payment,1764751467.866127,16885,15,1
3,OrderStatus,1764751467.866133,12786,2,1
5,StockLevel,1764751467.871467,15613,10,1
1,NewOrder,1764751467.871509,30271,9,1
2,Payment,1764751467.871634,16712,5,1
1,NewOrder,1764751467.878928,22873,6,1
2,Payment,1764751467.878929,13458,2,1
5,StockLevel,1764751467.878933,13532,7,1
2,Payment,1764751467.878957,13571,13,1
4,Delivery,1764751467.878980,41237,1,1
1,NewOrder,1764751467.879018,25413,0,1
1,NewOrder,1764751467.883020,21145,15,1
5,StockLevel,1764751467.883155,12367,3,1
2,Payment,1764751467.887086,14718,4,1
1,NewOrder,1764751467.887089,33139,10,1
1,NewOrder,1764751467.888353,15814,5,1
1,NewOrder,1764751467.892336,22938,8,1
1,NewOrder,1764751467.892395,17089,2,1
2,Payment,1764751467.892473,11751,7,1
4,Delivery,1764751467.892480,31789,11,1
2,Payment,1764751467.892530,11789,13,1
4,Delivery,1764751467.895529,42563,3,1
2,Payment,1764751467.895871,11534,14,1
1,NewOrder,1764751467.901788,22056,9,1
1,NewOrder,1764751467.901808,24581,6,1
1,NewOrder,1764751467.901810,27241,4,1
1,NewOrder,1764751467.904173,24980,15,1
2,Payment,1764751467.904175,20164,5,1
1,NewOrder,1764751467.904231,26757,7,1
1,NewOrder,1764751467.904326,22015,13,1
2,Payment,1764751467.904438,15666,0,1
2,Payment,1764751467.907414,16553,14,1
1,NewOrder,1764751467.909493,28918,2,1
1,NewOrder,1764751467.915286,22874,8,1
2,Payment,1764751467.920117,10914,0,1
2,Payment,1764751467.920123,11150,12,1
1,NewOrder,1764751467.920223,21104,1,1
2,Payment,1764751467.920235,10785,10,1
4,Delivery,1764751467.923851,17593,9,1
1,NewOrder,1764751467.923975,30439,14,1
2,Payment,1764751467.924277,9812,11,1
1,NewOrder,1764751467.924346,30060,5,1
2,Payment,1764751467.926348,35734,13,1
1,NewOrder,1764751467.926396,30561,6,1
1,NewOrder,1764751467.929058,30266,4,1
2,Payment,1764751467.929160,12160,15,1
5,StockLevel,1764751467.930995,2848,7,1
2,Payment,1764751467.931026,10486,10,1
1,NewOrder,1764751467.931034,25965,0,1
2,Payment,1764751467.931277,18491,12,1
1,NewOrder,1764751467.933851,25300,7,1
1,NewOrder,1764751467.934095,28080,11,1
1,NewOrder,1764751467.938104,21080,3,1
5,StockLevel,1764751467.938169,18741,8,1
2,Payment,1764751467.938417,15994,2,1
2,Payment,1764751467.941329,15697,15,1
2,Payment,1764751467.941335,25529,1,1
5,StockLevel,1764751467.941450,15445,9,1
1,NewOrder,1764751467.941539,25417,10,1
1,NewOrder,1764751467.949782,24457,12,1
2,Payment,1764751467.954417,12627,5,1
2,Payment,1764751467.954420,25344,2,1
1,NewOrder,1764751467.954422,37762,14,1
1,NewOrder,1764751467.956902,18788,9,1
1,NewOrder,1764751467.956920,30316,8,1
2,Payment,1764751467.956965,14966,6,1
1,NewOrder,1764751467.957015,39573,0,1
1,NewOrder,1764751467.957033,30230,15,1
1,NewOrder,1764751467.959159,19614,7,1
1,NewOrder,1764751467.959186,37290,3,1
1,NewOrder,1764751467.959332,27688,4,1
1,NewOrder,1764751467.962089,34308,13,1
2,Payment,1764751467.962182,12231,11,1
1,NewOrder,1764751467.966874,29651,1,1
1,NewOrder,1764751467.966975,19126,10,1
1,NewOrder,1764751467.967051,35476,5,1
2,Payment,1764751467.971949,21100,6,1
2,Payment,1764751467.974250,18796,12,1
1,NewOrder,1764751467.974422,28069,11,1
2,Payment,1764751467.975698,20843,9,1
4,Delivery,1764751467.978783,42376,7,1
2,Payment,1764751467.979773,16509,2,1
1,NewOrder,1764751467.986116,44113,10,1
1,NewOrder,1764751467.987035,16847,4,1
1,NewOrder,1764751467.987245,28222,8,1
4,Delivery,1764751467.987269,42750,15,1
2,Payment,1764751467.992193,12173,14,1
2,Payment,1764751467.993054,10505,12,1
1,NewOrder,1764751467.993056,22505,6,1
3,OrderStatus,1764751467.996292,4413,2,1
4,Delivery,1764751467.996405,43923,13,1
2,Payment,1764751467.996484,16174,3,1
1,NewOrder,1764751467.996526,36807,1,1
2,Payment,1764751467.996547,16201,9,1
2,Payment,1764751467.996594,16058,0,1
1,NewOrder,1764751468.000720,32587,2,1
1,NewOrder,1764751468.002504,30470,11,1
1,NewOrder,1764751468.002536,27598,5,1
4,Delivery,1764751468.003570,38951,12,1
2,Payment,1764751468.003888,17449,4,1
1,NewOrder,1764751468.004374,32875,14,1
2,Payment,1764751468.012667,17270,0,1
2,Payment,1764751468.012669,17439,3,1
1,NewOrder,1764751468.012755,24748,9,1
1,NewOrder,1764751468.015474,18024,8,1
3,OrderStatus,1764751468.015568,10531,6,1
1,NewOrder,1764751468.021168,35034,7,1
1,NewOrder,1764751468.021344,32446,4,1
1,NewOrder,1764751468.026106,27283,6,1
1,NewOrder,1764751468.029945,34343,0,1
2,Payment,1764751468.030023,14598,15,1
1,NewOrder,1764751468.030116,26152,3,1
2,Payment,1764751468.030136,14140,5,1
1,NewOrder,1764751468.030238,19717,10,1
4,Delivery,1764751468.032984,32848,11,1
1,NewOrder,1764751468.033313,20080,2,1
1,NewOrder,1764751468.033341,27036,1,1
2,Payment,1764751468.033506,16361,8,1
2,Payment,1764751468.037257,32896,14,1
3,OrderStatus,1764751468.037508,1341,9,1
2,Payment,1764751468.038857,11049,9,1
5,StockLevel,1764751468.040336,13107,13,1
1,NewOrder,1764751468.042527,23277,12,1
3,OrderStatus,1764751468.044285,2860,5,1
2,Payment,1764751468.044629,11699,15,1
1,NewOrder,1764751468.047153,22887,5,1
2,Payment,1764751468.049875,13170,8,1
2,Payment,1764751468.049913,14425,9,1
2,Payment,1764751468.049957,26070,10,1
2,Payment,1764751468.053397,12396,6,1
1,NewOrder,1764751468.053401,28605,2,1
1,NewOrder,1764751468.053449,7251,13,1
2,Payment,1764751468.053795,16500,4,1
2,Payment,1764751468.056209,37811,7,1
2,Payment,1764751468.056276,13776,3,1
1,NewOrder,1764751468.056331,19661,15,1
2,Payment,1764751468.060385,15985,1,1
2,Payment,1764751468.060706,12510,13,1
2,Payment,1764751468.063052,13269,8,1
2,Payment,1764751468.064296,12207,0,1
2,Payment,1764751468.064340,25365,9,1
2,Payment,1764751468.065800,16195,6,1
2,Payment,1764751468.065810,19915,12,1
1,NewOrder,1764751468.065839,28445,11,1
2,Payment,1764751468.070047,19628,5,1
2,Payment,1764751468.070065,11968,3,1
1,NewOrder,1764751468.070177,23843,14,1
1,NewOrder,1764751468.070300,26288,4,1
1,NewOrder,1764751468.073228,23357,13,1
2,Payment,1764751468.076001,13668,15,1
2,Payment,1764751468.076035,29023,10,1
1,NewOrder,1764751468.076330,22187,8,1
1,NewOrder,1764751468.076376,35308,1,1
2,Payment,1764751468.076509,13244,0,1
2,Payment,1764751468.082005,23657,6,1
1,NewOrder,1764751468.082013,20079,2,1
2,Payment,1764751468.082036,11976,3,1
5,StockLevel,1764751468.085737,10912,12,1
2,Payment,1764751468.089680,12434,15,1
1,NewOrder,1764751468.089683,31068,5,1
1,NewOrder,1764751468.089711,21961,9,1
1,NewOrder,1764751468.089757,26930,0,1
1,NewOrder,1764751468.094020,29621,3,1
2,Payment,1764751468.094027,22694,14,1
1,NewOrder,1764751468.094028,26717,7,1
2,Payment,1764751468.094291,10394,11,1
2,Payment,1764751468.096592,15050,13,1
2,Payment,1764751468.096596,15137,4,1
3,OrderStatus,1764751468.096655,1098,12,1
3,OrderStatus,1764751468.097759,1204,12,1
1,NewOrder,1764751468.098523,22171,8,1
1,NewOrder,1764751468.098970,21749,12,1
1,NewOrder,1764751468.102099,18561,2,1
1,NewOrder,1764751468.102121,22796,15,1
1,NewOrder,1764751468.104694,30691,11,1
2,Payment,1764751468.105065,15567,10,1
2,Payment,1764751468.105669,15006,6,1
2,Payment,1764751468.111657,12205,13,1
2,Payment,1764751468.111682,23735,9,1
2,Payment,1764751468.111691,11855,1,1
2,Payment,1764751468.111742,11965,4,1
1,NewOrder,1764751468.116699,34483,0,1
2,Payment,1764751468.116730,12975,14,1
1,NewOrder,1764751468.120641,18674,10,1
1,NewOrder,1764751468.120668,30379,2,1
1,NewOrder,1764751468.120682,30477,6,1
1,NewOrder,1764751468.120702,27323,8,1
5,StockLevel,1764751468.120726,10947,12,1
1,NewOrder,1764751468.120748,33373,7,1
2,Payment,1764751468.120757,14788,5,1
1,NewOrder,1764751468.123553,27625,1,1
1,NewOrder,1764751468.123649,27349,3,1
1,NewOrder,1764751468.123714,27419,4,1
1,NewOrder,1764751468.123867,27369,13,1
2,Payment,1764751468.124924,26192,15,1
2,Payment,1764751468.129713,37971,14,1
2,Payment,1764751468.131703,16321,12,1
2,Payment,1764751468.135401,15697,11,1
2,Payment,1764751468.135428,15596,9,1
2,Payment,1764751468.135551,15524,5,1
2,Payment,1764751468.139322,28197,10,1
2,Payment,1764751468.148036,13298,12,1
1,NewOrder,1764751468.148038,22221,8,1
2,Payment,1764751468.151005,16524,3,1
1,NewOrder,1764751468.151032,23812,9,1
1,NewOrder,1764751468.151053,26886,2,1
4,Delivery,1764751468.151082,45611,5,1
2,Payment,1764751468.151121,29747,15,1
2,Payment,1764751468.151137,17331,4,1
2,Payment,1764751468.151162,16459,6,1
1,NewOrder,1764751468.151181,23731,1,1
2,Payment,1764751468.151187,17228,0,1
1,NewOrder,1764751468.151196,23629,11,1
5,StockLevel,1764751468.151238,4168,13,1
2,Payment,1764751468.154131,26954,7,1
1,NewOrder,1764751468.155413,22462,13,1
2,Payment,1764751468.161343,13496,12,1
2,Payment,1764751468.167534,13959,10,1
2,Payment,1764751468.167538,13268,3,1
2,Payment,1764751468.167626,29035,6,1
2,Payment,1764751468.167687,28940,14,1
1,NewOrder,1764751468.168422,18016,0,1
2,Payment,1764751468.168474,12507,4,1
1,NewOrder,1764751468.170265,23017,8,1
1,NewOrder,1764751468.174836,31398,11,1
5,StockLevel,1764751468.174847,11516,12,1
1,NewOrder,1764751468.174850,37960,9,1
1,NewOrder,1764751468.174915,10676,1,1
2,Payment,1764751468.177888,11647,13,1
2,Payment,1764751468.177947,11588,2,1
2,Payment,1764751468.180817,16306,3,1
1,NewOrder,1764751468.180875,34215,15,1
4,Delivery,1764751468.180988,17282,4,1
1,NewOrder,1764751468.181091,32533,7,1
4,Delivery,1764751468.181500,42637,10,1
2,Payment,1764751468.185598,20501,1,1
2,Payment,1764751468.186371,16796,12,1
3,OrderStatus,1764751468.186446,4667,0,1
5,StockLevel,1764751468.189543,13711,2,1
5,StockLevel,1764751468.189544,16837,13,1
1,NewOrder,1764751468.191120,29413,0,1
3,OrderStatus,1764751468.193292,13195,8,1
4,Delivery,1764751468.196640,31036,14,1
1,NewOrder,1764751468.196669,18515,6,1
2,Payment,1764751468.196700,16961,5,1
1,NewOrder,1764751468.197132,43674,3,1
2,Payment,1764751468.198279,33396,4,1
1,NewOrder,1764751468.203181,20562,12,1
1,NewOrder,1764751468.203263,33973,2,1
2,Payment,1764751468.206112,12480,1,1
2,Payment,1764751468.206242,12470,11,1
4,Delivery,1764751468.206387,51952,13,1
1,NewOrder,1764751468.206493,21580,8,1
2,Payment,1764751468.212827,19461,9,1
2,Payment,1764751468.213637,18330,7,1
1,NewOrder,1764751468.213670,27151,5,1
2,Payment,1764751468.215101,16701,15,1
1,NewOrder,1764751468.215191,30553,6,1
2,Payment,1764751468.218605,13256,1,1
2,Payment,1764751468.218725,13022,11,1
4,Delivery,1764751468.220541,55210,0,1
1,NewOrder,1764751468.223755,33782,12,1
1,NewOrder,1764751468.224144,51529,10,1
2,Payment,1764751468.227692,29759,14,1
1,NewOrder,1764751468.228083,22524,8,1
1,NewOrder,1764751468.231695,35963,4,1
2,Payment,1764751468.231767,13617,11,1
2,Payment,1764751468.231809,14070,15,1
2,Payment,1764751468.231864,13615,1,1
1,NewOrder,1764751468.231969,30859,7,1
2,Payment,1764751468.232295,17874,9,1
2,Payment,1764751468.237248,23441,2,1
5,StockLevel,1764751468.240828,9347,3,1
2,Payment,1764751468.240833,16761,5,1
2,Payment,1764751468.245399,12075,11,1
2,Payment,1764751468.245489,29889,1,1
2,Payment,1764751468.245747,11578,6,1
1,NewOrder,1764751468.245885,29540,15,1
1,NewOrder,1764751468.250180,36526,9,1
2,Payment,1764751468.250183,11627,3,1
1,NewOrder,1764751468.250611,24468,8,1
2,Payment,1764751468.257341,16007,6,1
2,Payment,1764751468.257454,18409,14,1
1,NewOrder,1764751468.257484,17499,11,1
1,NewOrder,1764751468.257544,9070,12,1
2,Payment,1764751468.257596,16367,5,1
2,Payment,1764751468.258346,16727,13,1
1,NewOrder,1764751468.260701,35168,2,1
1,NewOrder,1764751468.261822,31902,3,1
2,Payment,1764751468.262835,26268,7,1
2,Payment,1764751468.266623,22305,12,1
1,NewOrder,1764751468.267665,28380,4,1
1,NewOrder,1764751468.273361,19257,6,1
2,Payment,1764751468.273971,14894,5,1
2,Payment,1764751468.274991,13751,11,1
1,NewOrder,1764751468.275080,24995,13,1
1,NewOrder,1764751468.275085,32383,8,1
1,NewOrder,1764751468.275385,28925,1,1
2,Payment,1764751468.275431,24556,15,1
2,Payment,1764751468.275680,15560,10,1
2,Payment,1764751468.275757,16846,0,1
2,Payment,1764751468.275869,12880,14,1
1,NewOrder,1764751468.286721,30368,9,1
1,NewOrder,1764751468.288754,26480,11,1
2,Payment,1764751468.288761,44630,14,1
1,NewOrder,1764751468.288870,30711,5,1
1,NewOrder,1764751468.288931,26189,12,1
2,Payment,1764751468.289111,10875,7,1
1,NewOrder,1764751468.291249,30475,10,1
2,Payment,1764751468.292611,14955,0,1
1,NewOrder,1764751468.292628,33574,6,1
4,Delivery,1764751468.293735,40236,3,1
1,NewOrder,1764751468.295878,35242,2,1
2,Payment,1764751468.296052,14609,4,1
1,NewOrder,1764751468.299999,25984,7,1
2,Payment,1764751468.300000,15987,15,1
2,Payment,1764751468.300082,15056,13,1
2,Payment,1764751468.304324,14667,1,1
2,Payment,1764751468.307479,14201,8,1
2,Payment,1764751468.307575,11468,0,1
2,Payment,1764751468.310672,11263,4,1
2,Payment,1764751468.315136,11611,12,1
2,Payment,1764751468.315146,24050,13,1
1,NewOrder,1764751468.315243,22746,11,1
2,Payment,1764751468.315994,23283,15,1
2,Payment,1764751468.317096,13914,9,1
1,NewOrder,1764751468.318998,31654,1,1
2,Payment,1764751468.319050,19137,0,1
1,NewOrder,1764751468.319588,36806,5,1
1,NewOrder,1764751468.321690,31936,8,1
2,Payment,1764751468.321731,34598,10,1
2,Payment,1764751468.321940,16054,4,1
2,Payment,1764751468.325999,13114,7,1
1,NewOrder,1764751468.326213,21577,6,1
2,Payment,1764751468.326754,26683,12,1
2,Payment,1764751468.331022,12783,9,1
2,Payment,1764751468.331129,16557,2,1
2,Payment,1764751468.333398,20000,14,1
1,NewOrder,1764751468.333978,37336,3,1
2,Payment,1764751468.338002,16368,11,1
1,NewOrder,1764751468.338004,31606,4,1
3,OrderStatus,1764751468.338194,4696,0,1
2,Payment,1764751468.339120,14944,7,1
2,Payment,1764751468.339203,30314,13,1
1,NewOrder,1764751468.339279,17094,15,1
2,Payment,1764751468.342898,13347,0,1
4,Delivery,1764751468.343812,27416,9,1
1,NewOrder,1764751468.347696,34569,2,1
1,NewOrder,1764751468.347797,30834,6,1
2,Payment,1764751468.350660,12228,1,1
2,Payment,1764751468.353408,15992,14,1
2,Payment,1764751468.353445,29592,12,1
3,OrderStatus,1764751468.353633,9231,8,1
1,NewOrder,1764751468.354070,28656,7,1
1,NewOrder,1764751468.354377,28345,11,1
2,Payment,1764751468.356262,14968,0,1
2,Payment,1764751468.356336,15120,10,1
3,OrderStatus,1764751468.356380,1863,15,1
2,Payment,1764751468.356401,16068,5,1
5,StockLevel,1764751468.358250,14310,15,1
2,Payment,1764751468.362876,12554,8,1
1,NewOrder,1764751468.362896,15500,1,1
3,OrderStatus,1764751468.369414,9281,14,1
1,NewOrder,1764751468.369525,33371,13,1
5,StockLevel,1764751468.369613,12329,4,1
1,NewOrder,1764751468.371236,32779,9,1
2,Payment,1764751468.371238,11967,0,1
5,StockLevel,1764751468.371321,11450,3,1
2,Payment,1764751468.371462,11676,10,1
2,Payment,1764751468.372476,10628,5,1
1,NewOrder,1764751468.372566,25486,15,1
2,Payment,1764751468.375438,17892,8,1
1,NewOrder,1764751468.378409,41250,1,1
1,NewOrder,1764751468.378672,31005,6,1
1,NewOrder,1764751468.378701,37508,14,1
1,NewOrder,1764751468.381952,24616,4,1
5,StockLevel,1764751468.382271,15698,2,1
2,Payment,1764751468.382729,16750,11,1
1,NewOrder,1764751468.382735,23788,7,1
2,Payment,1764751468.382780,14716,3,1
4,Delivery,1764751468.383043,33101,12,1
1,NewOrder,1764751468.383112,37766,5,1
1,NewOrder,1764751468.383143,36556,10,1
1,NewOrder,1764751468.383211,36444,0,1
1,NewOrder,1764751468.393346,36086,8,1
2,Payment,1764751468.397510,12290,3,1
1,NewOrder,1764751468.397978,28593,2,1
2,Payment,1764751468.398061,11696,15,1
2,Payment,1764751468.399487,10475,11,1
1,NewOrder,1764751468.402905,26460,13,1
1,NewOrder,1764751468.404023,25337,9,1
1,NewOrder,1764751468.406532,31987,7,1
2,Payment,1764751468.406575,14712,4,1
2,Payment,1764751468.409686,16812,6,1
1,NewOrder,1764751468.409765,30720,15,1
2,Payment,1764751468.409806,16804,3,1
1,NewOrder,1764751468.409968,35252,11,1
2,Payment,1764751468.416159,13320,12,1
2,Payment,1764751468.416216,13293,14,1
2,Payment,1764751468.419667,16276,0,1
2,Payment,1764751468.419669,16708,1,1
2,Payment,1764751468.419706,15761,10,1
1,NewOrder,1764751468.420885,26810,5,1
1,NewOrder,1764751468.421293,28250,4,1
2,Payment,1764751468.426508,13907,6,1
1,NewOrder,1764751468.426575,35251,2,1
2,Payment,1764751468.426618,11976,3,1
1,NewOrder,1764751468.429367,28287,9,1
2,Payment,1764751468.429372,15780,13,1
1,NewOrder,1764751468.429435,38501,8,1
1,NewOrder,1764751468.429485,18702,12,1
1,NewOrder,1764751468.429516,32335,14,1
2,Payment,1764751468.435478,11306,10,1
1,NewOrder,1764751468.435950,34678,0,1
3,OrderStatus,1764751468.436384,4350,1,1
1,NewOrder,1764751468.438528,31985,7,1
1,NewOrder,1764751468.438603,28995,3,1
1,NewOrder,1764751468.440424,30326,6,1
2,Payment,1764751468.440491,14125,15,1
1,NewOrder,1764751468.440741,30145,1,1
2,Payment,1764751468.445162,19410,13,1
2,Payment,1764751468.445228,19495,11,1
2,Payment,1764751468.446792,20698,10,1
3,OrderStatus,1764751468.447702,3334,5,1
1,NewOrder,1764751468.448194,51784,12,1
2,Payment,1764751468.449552,15203,4,1
4,Delivery,1764751468.451046,61230,5,1
2,Payment,1764751468.454627,12892,15,1
3,OrderStatus,1764751468.457662,982,9,1
2,Payment,1764751468.458650,45704,9,1
5,StockLevel,1764751468.461833,23239,2,1
2,Payment,1764751468.461852,22597,14,1
1,NewOrder,1764751468.464579,30549,13,1
1,NewOrder,1764751468.464730,30523,11,1
1,NewOrder,1764751468.464760,22451,4,1
2,Payment,1764751468.467497,17628,10,1
1,NewOrder,1764751468.467525,32063,15,1
2,Payment,1764751468.467605,11690,3,1
1,NewOrder,1764751468.467943,32812,8,1
2,Payment,1764751468.470519,14219,7,1
1,NewOrder,1764751468.470652,24544,0,1
4,Delivery,1764751468.470757,33544,6,1
1,NewOrder,1764751468.470893,40311,1,1
1,NewOrder,1764751468.479309,24813,3,1
2,Payment,1764751468.484464,19609,14,1
1,NewOrder,1764751468.484747,26451,7,1
2,Payment,1764751468.485080,14583,2,1
1,NewOrder,1764751468.485133,23316,10,1
1,NewOrder,1764751468.487218,23807,4,1
1,NewOrder,1764751468.495142,26562,13,1
5,StockLevel,1764751468.495207,13173,0,1
5,StockLevel,1764751468.495260,13211,11,1
2,Payment,1764751468.499596,32986,15,1
2,Payment,1764751468.499665,11602,2,1
1,NewOrder,1764751468.499986,28470,12,1
4,Delivery,1764751468.500762,37528,8,1
2,Payment,1764751468.504081,13160,14,1
1,NewOrder,1764751468.504129,19995,3,1
3,OrderStatus,1764751468.504306,8011,6,1
2,Payment,1764751468.504357,12652,9,1
1,NewOrder,1764751468.508390,42401,0,1
1,NewOrder,1764751468.508468,27325,10,1
1,NewOrder,1764751468.508474,34293,11,1
1,NewOrder,1764751468.511034,28528,4,1
2,Payment,1764751468.511202,17581,7,1
2,Payment,1764751468.511212,17726,1,1
5,StockLevel,1764751468.511274,12963,2,1
5,StockLevel,1764751468.512283,12144,5,1
1,NewOrder,1764751468.512319,38950,6,1
1,NewOrder,1764751468.517019,18653,9,1
1,NewOrder,1764751468.517248,25614,14,1
3,OrderStatus,1764751468.521718,10648,13,1
2,Payment,1764751468.524151,11703,3,1
4,Delivery,1764751468.524239,48320,2,1
2,Payment,1764751468.524436,11283,5,1
1,NewOrder,1764751468.528465,33342,12,1
1,NewOrder,1764751468.528790,29150,7,1
2,Payment,1764751468.528941,14085,1,1
1,NewOrder,1764751468.532374,22305,13,1
2,Payment,1764751468.532590,15349,15,1
2,Payment,1764751468.535680,15138,9,1
1,NewOrder,1764751468.535726,24238,5,1
1,NewOrder,1764751468.535801,24120,10,1
1,NewOrder,1764751468.535861,29382,3,1
2,Payment,1764751468.538301,16144,8,1
1,NewOrder,1764751468.539569,30298,4,1
1,NewOrder,1764751468.542775,22511,11,1
2,Payment,1764751468.542869,17156,14,1
1,NewOrder,1764751468.543033,33669,1,1
1,NewOrder,1764751468.547949,24895,15,1
2,Payment,1764751468.550804,19127,0,1
3,OrderStatus,1764751468.550827,1906,9,1
1,NewOrder,1764751468.551277,36163,6,1
1,NewOrder,1764751468.552739,21657,9,1
2,Payment,1764751468.554455,15905,8,1
1,NewOrder,1764751468.554686,33019,13,1
4,Delivery,1764751468.557949,39453,7,1
1,NewOrder,1764751468.559928,27813,10,1
1,NewOrder,1764751468.559972,29500,5,1
2,Payment,1764751468.560028,12871,14,1
1,NewOrder,1764751468.561813,35849,12,1
2,Payment,1764751468.565251,11814,3,1
2,Payment,1764751468.565294,12027,11,1
1,NewOrder,1764751468.569880,27459,4,1
2,Payment,1764751468.569935,17427,0,1
1,NewOrder,1764751468.570367,19039,8,1
1,NewOrder,1764751468.572566,24798,2,1
1,NewOrder,1764751468.572850,26099,15,1
2,Payment,1764751468.572906,14454,14,1
1,NewOrder,1764751468.574403,26315,9,1
4,Delivery,1764751468.576713,23790,1,1
1,NewOrder,1764751468.577073,21898,3,1
2,Payment,1764751468.577327,11998,11,1
2,Payment,1764751468.587372,13458,0,1
1,NewOrder,1764751468.587373,25470,14,1
1,NewOrder,1764751468.587447,28030,6,1
1,NewOrder,1764751468.587713,27753,13,1
1,NewOrder,1764751468.587743,28089,10,1
2,Payment,1764751468.589332,19596,11,1
1,NewOrder,1764751468.589408,33282,8,1
2,Payment,1764751468.589479,11321,5,1
2,Payment,1764751468.597351,18326,4,1
4,Delivery,1764751468.597373,45525,2,1
1,NewOrder,1764751468.597409,27930,7,1
1,NewOrder,1764751468.597666,28111,12,1
1,NewOrder,1764751468.598955,23434,15,1
2,Payment,1764751468.598977,16373,3,1
1,NewOrder,1764751468.600510,30944,1,1
2,Payment,1764751468.600724,14869,9,1
2,Payment,1764751468.600807,27102,5,1
2,Payment,1764751468.600840,14803,0,1
5,StockLevel,1764751468.608941,13404,11,1
2,Payment,1764751468.612855,12471,14,1
2,Payment,1764751468.615361,12534,3,1
3,OrderStatus,1764751468.615474,2208,13,1
2,Payment,1764751468.615485,12471,6,1
1,NewOrder,1764751468.615601,29474,9,1
1,NewOrder,1764751468.615648,32486,0,1
1,NewOrder,1764751468.615683,29655,4,1
3,OrderStatus,1764751468.615835,9603,10,1
4,Delivery,1764751468.617690,40165,13,1
2,Payment,1764751468.622356,13279,11,1
4,Delivery,1764751468.622427,41757,15,1
2,Payment,1764751468.622696,12903,8,1
1,NewOrder,1764751468.625333,20149,14,1
2,Payment,1764751468.625346,17515,7,1
3,OrderStatus,1764751468.625441,1464,10,1
2,Payment,1764751468.625785,12769,12,1
1,NewOrder,1764751468.626913,21270,10,1
2,Payment,1764751468.627901,14959,3,1
1,NewOrder,1764751468.627915,17759,5,1
2,Payment,1764751468.627963,26768,6,1
1,NewOrder,1764751468.631465,23144,1,1
2,Payment,1764751468.635608,12557,8,1
1,NewOrder,1764751468.635642,24738,11,1
1,NewOrder,1764751468.638562,30348,12,1
1,NewOrder,1764751468.642872,25351,3,1
1,NewOrder,1764751468.642873,17563,7,1
2,Payment,1764751468.642900,13074,2,1
1,NewOrder,1764751468.645086,28584,9,1
3,OrderStatus,1764751468.645346,7728,4,1
2,Payment,1764751468.645487,14896,14,1
1,NewOrder,1764751468.645698,30027,5,1
2,Payment,1764751468.648142,23065,0,1
1,NewOrder,1764751468.648167,21396,8,1
1,NewOrder,1764751468.648184,19951,10,1
2,Payment,1764751468.653084,15298,4,1
1,NewOrder,1764751468.654617,26633,1,1
1,NewOrder,1764751468.654739,34859,6,1
1,NewOrder,1764751468.655981,19882,2,1
2,Payment,1764751468.657862,13357,13,1
1,NewOrder,1764751468.660389,29149,11,1
2,Payment,1764751468.660390,10883,14,1
1,NewOrder,1764751468.660443,15356,7,1
2,Payment,1764751468.664195,17333,15,1
2,Payment,1764751468.668148,13072,10,1
1,NewOrder,1764751468.668269,36019,3,1
2,Payment,1764751468.668388,12844,4,1
1,NewOrder,1764751468.668918,39617,12,1
4,Delivery,1764751468.669570,41847,8,1
2,Payment,1764751468.671215,15524,0,1
2,Payment,1764751468.671227,12642,13,1
1,NewOrder,1764751468.671283,25225,14,1
1,NewOrder,1764751468.673679,30514,9,1
1,NewOrder,1764751468.675733,41040,5,1
1,NewOrder,1764751468.675807,32790,7,1
1,NewOrder,1764751468.675866,28327,2,1
1,NewOrder,1764751468.681229,33171,10,1
1,NewOrder,1764751468.681239,23168,4,1
1,NewOrder,1764751468.681257,22940,1,1
1,NewOrder,1764751468.681534,22742,15,1
1,NewOrder,1764751468.683875,24633,13,1
1,NewOrder,1764751468.686746,24699,0,1
2,Payment,1764751468.689545,14638,11,1
2,Payment,1764751468.689605,14645,6,1
2,Payment,1764751468.696521,12144,14,1
2,Payment,1764751468.704202,12693,9,1
1,NewOrder,1764751468.704202,25772,2,1
2,Payment,1764751468.704204,12623,1,1
1,NewOrder,1764751468.704212,19163,11,1
1,NewOrder,1764751468.704277,19500,6,1
2,Payment,1764751468.704280,36316,15,1
2,Payment,1764751468.704293,12480,3,1
1,NewOrder,1764751468.704417,28206,4,1
2,Payment,1764751468.708521,12401,13,1
2,Payment,1764751468.708543,28227,12,1
1,NewOrder,1764751468.708599,28146,7,1
2,Payment,1764751468.708669,11786,14,1
1,NewOrder,1764751468.711424,29213,8,1
2,Payment,1764751468.711452,12071,0,1
2,Payment,1764751468.714407,15514,10,1
1,NewOrder,1764751468.716780,26728,5,1
1,NewOrder,1764751468.716780,23863,3,1
1,NewOrder,1764751468.716834,26613,1,1
1,NewOrder,1764751468.716898,23687,9,1
5,StockLevel,1764751468.720462,12165,14,1
1,NewOrder,1764751468.720927,22638,13,1
1,NewOrder,1764751468.723383,24131,11,1
2,Payment,1764751468.723530,19899,0,1
2,Payment,1764751468.723783,16777,6,1
2,Payment,1764751468.729933,13723,10,1
2,Payment,1764751468.729983,13561,2,1
5,StockLevel,1764751468.732631,10929,4,1
2,Payment,1764751468.732634,27216,14,1
1,NewOrder,1764751468.736753,28973,7,1
1,NewOrder,1764751468.736776,23055,12,1
1,NewOrder,1764751468.740568,20028,6,1
2,Payment,1764751468.740593,19893,9,1
1,NewOrder,1764751468.740603,26165,15,1
2,Payment,1764751468.740644,13744,8,1
1,NewOrder,1764751468.740650,20264,3,1
2,Payment,1764751468.743435,16484,0,1
2,Payment,1764751468.743454,16426,1,1
2,Payment,1764751468.743516,17935,5,1
4,Delivery,1764751468.743545,43296,2,1
1,NewOrder,1764751468.743568,17803,4,1
1,NewOrder,1764751468.743568,22000,13,1
1,NewOrder,1764751468.743660,23069,10,1
1,NewOrder,1764751468.747521,19317,11,1
1,NewOrder,1764751468.754400,32075,8,1
3,OrderStatus,1764751468.759841,6818,12,1
2,Payment,1764751468.759887,11394,1,1
1,NewOrder,1764751468.759893,23982,14,1
1,NewOrder,1764751468.759926,26976,0,1
2,Payment,1764751468.760491,13894,9,1
1,NewOrder,1764751468.760603,32974,6,1
2,Payment,1764751468.760920,13325,3,1
2,Payment,1764751468.761380,12864,4,1
1,NewOrder,1764751468.761459,22418,5,1
1,NewOrder,1764751468.765580,25911,13,1
2,Payment,1764751468.765815,15663,7,1
1,NewOrder,1764751468.766666,20024,12,1
2,Payment,1764751468.766736,19625,10,1
2,Payment,1764751468.766774,17171,15,1
4,Delivery,1764751468.766840,42475,11,1
2,Payment,1764751468.771292,15034,1,1
1,NewOrder,1764751468.774251,28201,4,1
2,Payment,1764751468.774252,12312,3,1
4,Delivery,1764751468.774391,24946,9,1
1,NewOrder,1764751468.781488,25055,7,1
2,Payment,1764751468.783886,12061,14,1
2,Payment,1764751468.783886,12102,5,1
1,NewOrder,1764751468.783952,24052,15,1
2,Payment,1764751468.786333,12994,1,1
2,Payment,1764751468.786368,12819,10,1
2,Payment,1764751468.786482,12912,8,1
2,Payment,1764751468.786566,12744,3,1
2,Payment,1764751468.786699,12680,12,1
1,NewOrder,1764751468.786847,15697,2,1
2,Payment,1764751468.786909,12560,0,1
2,Payment,1764751468.791502,21199,13,1
1,NewOrder,1764751468.793585,28551,6,1
2,Payment,1764751468.795955,9914,14,1
1,NewOrder,1764751468.795995,26164,5,1
4,Delivery,1764751468.799195,32344,10,1
5,StockLevel,1764751468.799317,13358,3,1
2,Payment,1764751468.799333,13371,1,1
2,Payment,1764751468.799344,16272,9,1
1,NewOrder,1764751468.799386,19486,12,1
2,Payment,1764751468.799396,13277,8,1
1,NewOrder,1764751468.799472,30385,0,1
2,Payment,1764751468.802464,13215,4,1
2,Payment,1764751468.802551,24262,2,1
2,Payment,1764751468.805876,13506,14,1
2,Payment,1764751468.806567,15627,7,1
1,NewOrder,1764751468.808011,18868,15,1
1,NewOrder,1764751468.809322,19812,11,1
2,Payment,1764751468.812681,13098,8,1
4,Delivery,1764751468.812682,45486,3,1
2,Payment,1764751468.812710,13147,13,1
1,NewOrder,1764751468.812712,31195,1,1
2,Payment,1764751468.815626,13439,9,1
2,Payment,1764751468.815687,10778,4,1
2,Payment,1764751468.818879,21211,12,1
1,NewOrder,1764751468.819391,20878,14,1
2,Payment,1764751468.822143,11511,6,1
2,Payment,1764751468.822168,17917,5,1
2,Payment,1764751468.822201,24135,7,1
5,StockLevel,1764751468.825788,14308,8,1
1,NewOrder,1764751468.825865,20574,13,1
1,NewOrder,1764751468.826472,19914,4,1
2,Payment,1764751468.826819,13361,2,1
1,NewOrder,1764751468.826882,26435,15,1
2,Payment,1764751468.829073,11323,9,1
4,Delivery,1764751468.829141,44125,11,1
1,NewOrder,1764751468.829864,23380,0,1
2,Payment,1764751468.831545,24169,10,1
1,NewOrder,1764751468.833664,21970,6,1
1,NewOrder,1764751468.840093,21677,5,1
1,NewOrder,1764751468.840098,21696,12,1
2,Payment,1764751468.840102,13052,8,1
5,StockLevel,1764751468.840187,13701,2,1
1,NewOrder,1764751468.840272,17387,14,1
2,Payment,1764751468.840402,31242,9,1
2,Payment,1764751468.843928,18765,1,1
2,Payment,1764751468.846348,15345,7,1
1,NewOrder,1764751468.846403,26820,4,1
2,Payment,1764751468.846441,15273,13,1
1,NewOrder,1764751468.853168,20109,8,1
2,Payment,1764751468.853247,13038,0,1
2,Payment,1764751468.853326,13061,15,1
2,Payment,1764751468.853896,23896,2,1
2,Payment,1764751468.855642,22175,6,1
2,Payment,1764751468.855721,26985,10,1
2,Payment,1764751468.857669,20141,14,1
1,NewOrder,1764751468.858177,21261,3,1
1,NewOrder,1764751468.861701,17815,7,1
1,NewOrder,1764751468.861722,21094,13,1
2,Payment,1764751468.861777,16005,5,1
1,NewOrder,1764751468.861803,37378,12,1
2,Payment,1764751468.862699,29025,1,1
2,Payment,1764751468.866292,11586,0,1
1,NewOrder,1764751468.866394,24599,15,1
2,Payment,1764751468.871653,19407,9,1
2,Payment,1764751468.873231,17836,4,1
1,NewOrder,1764751468.873273,17730,11,1
5,StockLevel,1764751468.873280,13400,8,1
1,NewOrder,1764751468.877788,21459,5,1
1,NewOrder,1764751468.877799,21356,2,1
2,Payment,1764751468.877817,10760,14,1
2,Payment,1764751468.877824,10796,6,1
3,OrderStatus,1764751468.877882,4339,0,1
1,NewOrder,1764751468.879445,19711,3,1
2,Payment,1764751468.879557,26235,7,1
2,Payment,1764751468.882232,13475,0,1
2,Payment,1764751468.882712,22905,10,1
2,Payment,1764751468.882823,12906,13,1
1,NewOrder,1764751468.886687,22109,8,1
2,Payment,1764751468.888585,10599,14,1
5,StockLevel,1764751468.888665,12717,6,1
1,NewOrder,1764751468.890999,38577,15,1
2,Payment,1764751468.891010,14626,11,1
2,Payment,1764751468.891063,29465,9,1
1,NewOrder,1764751468.891074,29457,4,1
4,Delivery,1764751468.891731,24399,1,1
2,Payment,1764751468.895714,10958,0,1
5,StockLevel,1764751468.895736,10981,13,1
1,NewOrder,1764751468.899163,22748,2,1
2,Payment,1764751468.899165,13238,3,1
1,NewOrder,1764751468.899188,21542,12,1
5,StockLevel,1764751468.899190,9654,14,1
2,Payment,1764751468.899256,15279,5,1
2,Payment,1764751468.901389,15106,6,1
2,Payment,1764751468.905624,30403,10,1
1,NewOrder,1764751468.905643,30377,11,1
4,Delivery,1764751468.905798,39028,7,1
2,Payment,1764751468.906678,13804,0,1
2,Payment,1764751468.906719,18775,13,1
1,NewOrder,1764751468.908802,29979,8,1
1,NewOrder,1764751468.908851,29965,14,1
1,NewOrder,1764751468.912411,29426,3,1
1,NewOrder,1764751468.914542,24185,5,1
1,NewOrder,1764751468.916138,25715,1,1
2,Payment,1764751468.916502,13137,6,1
1,NewOrder,1764751468.920492,18255,0,1
3,OrderStatus,1764751468.920535,1260,9,1
1,NewOrder,1764751468.920535,24198,4,1
1,NewOrder,1764751468.920737,24068,12,1
1,NewOrder,1764751468.921802,22962,9,1
1,NewOrder,1764751468.921918,6265,2,1
1,NewOrder,1764751468.925502,24088,13,1
2,Payment,1764751468.928190,10571,2,1
2,Payment,1764751468.929584,12310,15,1
1,NewOrder,1764751468.929647,17532,6,1
5,StockLevel,1764751468.936028,11302,11,1
2,Payment,1764751468.936034,11208,10,1
1,NewOrder,1764751468.938734,26125,5,1
4,Delivery,1764751468.938754,51346,0,1
2,Payment,1764751468.938767,10879,2,1
2,Payment,1764751468.938788,10917,8,1
2,Payment,1764751468.938819,14812,14,1
2,Payment,1764751468.941844,12073,3,1
1,NewOrder,1764751468.941860,38850,1,1
5,StockLevel,1764751468.941896,11876,15,1
2,Payment,1764751468.944740,8986,4,1
3,OrderStatus,1764751468.944771,8993,9,1
2,Payment,1764751468.944813,11809,12,1
2,Payment,1764751468.944833,11962,7,1
1,NewOrder,1764751468.947187,36612,6,1
4,Delivery,1764751468.947256,50730,10,1
2,Payment,1764751468.947333,12617,11,1
1,NewOrder,1764751468.949597,30983,13,1
1,NewOrder,1764751468.949653,30986,2,1
2,Payment,1764751468.949711,10342,8,1
1,NewOrder,1764751468.953639,36385,14,1
3,OrderStatus,1764751468.953733,9545,4,1
1,NewOrder,1764751468.953770,33440,9,1
2,Payment,1764751468.953779,16363,15,1
1,NewOrder,1764751468.953926,29964,3,1
5,StockLevel,1764751468.956631,15719,12,1
2,Payment,1764751468.956802,15689,7,1
1,NewOrder,1764751468.959966,30126,11,1
1,NewOrder,1764751468.960059,33438,8,1
2,Payment,1764751468.963287,15735,4,1
2,Payment,1764751468.964867,25607,5,1
2,Payment,1764751468.970151,13384,15,1
2,Payment,1764751468.972366,14856,12,1
1,NewOrder,1764751468.972499,29093,7,1
2,Payment,1764751468.979036,27285,4,1
1,NewOrder,1764751468.980589,25742,13,1
2,Payment,1764751468.980647,26271,2,1
2,Payment,1764751468.980717,13012,1,1
2,Payment,1764751468.983543,14391,15,1
1,NewOrder,1764751468.983807,20547,6,1
1,NewOrder,1764751468.983897,27415,3,1
2,Payment,1764751468.987219,19182,9,1
2,Payment,1764751468.987230,14242,12,1
1,NewOrder,1764751468.990032,15328,14,1
5,StockLevel,1764751468.990095,14186,11,1
2,Payment,1764751468.990108,21159,0,1
2,Payment,1764751468.990506,31479,5,1
1,NewOrder,1764751468.993510,20289,8,1
2,Payment,1764751468.993737,28218,1,1
2,Payment,1764751468.997943,16520,15,1
1,NewOrder,1764751468.997994,26364,10,1
1,NewOrder,1764751469.001478,25231,12,1
1,NewOrder,1764751469.001602,22808,7,1
2,Payment,1764751469.004291,14746,11,1
2,Payment,1764751469.004362,14597,6,1
2,Payment,1764751469.005365,21369,14,1
2,Payment,1764751469.006330,28984,4,1
1,NewOrder,1764751469.006338,22427,13,1
5,StockLevel,1764751469.006408,15802,9,1
2,Payment,1764751469.006925,28466,2,1
1,NewOrder,1764751469.011275,17625,0,1
1,NewOrder,1764751469.011321,23822,3,1
1,NewOrder,1764751469.013808,15151,8,1
2,Payment,1764751469.014469,27818,15,1
1,NewOrder,1764751469.018968,25739,6,1
2,Payment,1764751469.019044,12323,11,1
1,NewOrder,1764751469.021962,24509,1,1
2,Payment,1764751469.021992,24415,5,1
1,NewOrder,1764751469.022216,20253,9,1
2,Payment,1764751469.024365,15005,10,1
1,NewOrder,1764751469.024419,20930,7,1
2,Payment,1764751469.026718,15608,12,1
1,NewOrder,1764751469.026742,19643,14,1
1,NewOrder,1764751469.028772,29383,13,1
1,NewOrder,1764751469.028909,27204,0,1
1,NewOrder,1764751469.028962,29189,8,1
2,Payment,1764751469.031375,10984,11,1
1,NewOrder,1764751469.035151,29690,3,1
2,Payment,1764751469.035322,39992,4,1
2,Payment,1764751469.035397,16102,2,1
1,NewOrder,1764751469.039377,25493,10,1
2,Payment,1764751469.042297,15957,15,1
1,NewOrder,1764751469.042333,23045,12,1
2,Payment,1764751469.042361,13766,11,1
1,NewOrder,1764751469.042472,18766,9,1
1,NewOrder,1764751469.044714,22805,6,1
1,NewOrder,1764751469.045366,22246,7,1
2,Payment,1764751469.046392,21247,14,1
2,Payment,1764751469.046413,14983,5,1
5,StockLevel,1764751469.046473,11629,1,1
2,Payment,1764751469.051507,13512,2,1
1,NewOrder,1764751469.056121,23743,0,1
1,NewOrder,1764751469.056134,25591,11,1
2,Payment,1764751469.058117,18809,1,1
2,Payment,1764751469.058162,15177,13,1
1,NewOrder,1764751469.058187,21668,8,1
1,NewOrder,1764751469.058260,27800,15,1
2,Payment,1764751469.061247,14076,9,1
1,NewOrder,1764751469.061404,24461,5,1
1,NewOrder,1764751469.064852,18575,3,1
2,Payment,1764751469.064877,24431,10,1
2,Payment,1764751469.065025,24337,2,1
2,Payment,1764751469.065384,20251,12,1
2,Payment,1764751469.067526,14092,6,1
2,Payment,1764751469.067621,27729,7,1
2,Payment,1764751469.067645,12261,14,1
1,NewOrder,1764751469.073350,22043,13,1
1,NewOrder,1764751469.075325,20051,4,1
1,NewOrder,1764751469.075331,24832,9,1
1,NewOrder,1764751469.076934,26882,1,1
1,NewOrder,1764751469.079861,23917,8,1
2,Payment,1764751469.079872,10776,0,1
2,Payment,1764751469.079909,10737,14,1
1,NewOrder,1764751469.081625,22168,6,1
2,Payment,1764751469.081732,13618,11,1
1,NewOrder,1764751469.083435,22962,3,1
2,Payment,1764751469.085642,10557,12,1
2,Payment,1764751469.085875,17994,5,1
4,Delivery,1764751469.086067,36818,15,1
1,NewOrder,1764751469.089315,19719,10,1
2,Payment,1764751469.089368,14485,2,1
4,Delivery,1764751469.090653,32810,14,1
1,NewOrder,1764751469.090656,22030,0,1
1,NewOrder,1764751469.095360,17303,11,1
2,Payment,1764751469.095364,10828,7,1
1,NewOrder,1764751469.095383,35886,4,1
1,NewOrder,1764751469.095396,27595,13,1
5,StockLevel,1764751469.096206,10270,12,1
2,Payment,1764751469.100172,12502,9,1
3,OrderStatus,1764751469.103789,1370,8,1
2,Payment,1764751469.103802,16536,6,1
2,Payment,1764751469.103825,16704,1,1
2,Payment,1764751469.103860,32894,2,1
1,NewOrder,1764751469.103872,31958,5,1
1,NewOrder,1764751469.105166,17725,8,1
1,NewOrder,1764751469.106201,25011,7,1
2,Payment,1764751469.106407,13938,3,1
1,NewOrder,1764751469.106482,24718,12,1
2,Payment,1764751469.109042,32773,10,1
1,NewOrder,1764751469.112671,29163,11,1
2,Payment,1764751469.112682,13942,9,1
1,NewOrder,1764751469.112693,25982,0,1
1,NewOrder,1764751469.120346,26837,6,1
1,NewOrder,1764751469.120352,24614,3,1
2,Payment,1764751469.120549,52874,1,1
1,NewOrder,1764751469.122893,27822,15,1
5,StockLevel,1764751469.122897,15750,8,1
1,NewOrder,1764751469.123000,21997,13,1
1,NewOrder,1764751469.123468,23708,14,1
2,Payment,1764751469.126634,26427,9,1
1,NewOrder,1764751469.131209,19575,12,1
2,Payment,1764751469.131219,13736,7,1
1,NewOrder,1764751469.131278,19305,4,1
2,Payment,1764751469.135841,11330,5,1
2,Payment,1764751469.136763,12510,2,1
2,Payment,1764751469.138655,10706,8,1
2,Payment,1764751469.138683,10795,0,1
1,NewOrder,1764751469.141822,39019,10,1
1,NewOrder,1764751469.141841,34367,11,1
5,StockLevel,1764751469.144962,15433,7,1
2,Payment,1764751469.144973,17019,3,1
1,NewOrder,1764751469.145005,35373,13,1
2,Payment,1764751469.147178,16066,5,1
5,StockLevel,1764751469.147183,2212,14,1
2,Payment,1764751469.147190,15960,6,1
2,Payment,1764751469.149280,41958,2,1
2,Payment,1764751469.149368,14072,8,1
1,NewOrder,1764751469.149402,30983,14,1
1,NewOrder,1764751469.149487,40998,0,1
2,Payment,1764751469.150589,30004,4,1
1,NewOrder,1764751469.150721,29797,15,1
3,OrderStatus,1764751469.150788,1315,12,1
1,NewOrder,1764751469.152109,27878,12,1
2,Payment,1764751469.153067,20568,9,1
1,NewOrder,1764751469.160414,64342,7,1
5,StockLevel,1764751469.162003,26455,3,1
1,NewOrder,1764751469.163159,44976,6,1
3,OrderStatus,1764751469.163252,9586,5,1
1,NewOrder,1764751469.163449,33893,8,1
1,NewOrder,1764751469.172855,39393,5,1
4,Delivery,1764751469.173435,52299,1,1
1,NewOrder,1764751469.173645,34738,9,1
1,NewOrder,1764751469.176218,32241,11,1
2,Payment,1764751469.180000,28341,12,1
2,Payment,1764751469.180389,52122,13,1
3,OrderStatus,1764751469.180394,18721,14,1
2,Payment,1764751469.180542,27581,15,1
2,Payment,1764751469.180599,27705,4,1
4,Delivery,1764751469.180848,44978,10,1
2,Payment,1764751469.188475,19923,3,1
1,NewOrder,1764751469.190497,39757,0,1
1,NewOrder,1764751469.191247,33892,2,1
2,Payment,1764751469.197357,27837,8,1
4,Delivery,1764751469.199129,29412,14,1
1,NewOrder,1764751469.208137,95520,15,1
1,NewOrder,1764751469.208145,109852,6,1
2,Payment,1764751469.208307,21454,4,1
1,NewOrder,1764751469.208347,78898,12,1
1,NewOrder,1764751469.208385,95922,9,1
5,StockLevel,1764751469.208405,24526,3,1
4,Delivery,1764751469.208465,95674,11,1
1,NewOrder,1764751469.212267,91533,5,1
2,Payment,1764751469.224774,79486,7,1
5,StockLevel,1764751469.225150,69846,2,1
1,NewOrder,1764751469.225204,84865,8,1
5,StockLevel,1764751469.225742,77921,1,1
2,Payment,1764751469.225833,78354,10,1
2,Payment,1764751469.228551,75094,14,1
2,Payment,1764751469.229768,74034,4,1
2,Payment,1764751469.230261,73482,0,1
1,NewOrder,1764751469.232518,71138,13,1
2,Payment,1764751469.232938,70715,3,1
2,Payment,1764751469.287272,18727,12,1
1,NewOrder,1764751469.295011,22244,2,1
2,Payment,1764751469.303662,13482,14,1
1,NewOrder,1764751469.303663,18914,15,1
5,StockLevel,1764751469.303664,13480,13,1
2,Payment,1764751469.303664,13629,3,1
1,NewOrder,1764751469.303669,32004,1,1
2,Payment,1764751469.303746,13492,0,1
3,OrderStatus,1764751469.303806,4099,5,1
2,Payment,1764751469.303806,13571,4,1
1,NewOrder,1764751469.304143,18255,11,1
2,Payment,1764751469.304192,13729,10,1
1,NewOrder,1764751469.304265,25863,7,1
2,Payment,1764751469.304313,26116,9,1
1,NewOrder,1764751469.306005,16425,12,1
1,NewOrder,1764751469.307912,32989,5,1
2,Payment,1764751469.310077,12321,8,1
2,Payment,1764751469.317157,12955,14,1
2,Payment,1764751469.317158,13349,13,1
2,Payment,1764751469.317241,12875,0,1
1,NewOrder,1764751469.317257,32409,2,1
2,Payment,1764751469.317299,23901,3,1
1,NewOrder,1764751469.317386,32022,4,1
2,Payment,1764751469.317927,83146,10,1
1,NewOrder,1764751469.318002,31753,6,1
2,Payment,1764751469.322411,17689,11,1
2,Payment,1764751469.322411,11084,8,1
2,Payment,1764751469.322436,27207,12,1
3,OrderStatus,1764751469.322583,10757,15,1
1,NewOrder,1764751469.330122,21988,14,1
1,NewOrder,1764751469.330136,26577,7,1
2,Payment,1764751469.330139,16312,0,1
2,Payment,1764751469.330435,19046,9,1
1,NewOrder,1764751469.330513,45118,13,1
1,NewOrder,1764751469.333346,18687,15,1
2,Payment,1764751469.333497,15941,8,1
1,NewOrder,1764751469.335680,20948,1,1
1,NewOrder,1764751469.340110,36232,11,1
1,NewOrder,1764751469.340912,70051,5,1
2,Payment,1764751469.341207,36030,3,1
1,NewOrder,1764751469.346475,47368,0,1
1,NewOrder,1764751469.349417,52627,4,1
1,NewOrder,1764751469.349445,44664,8,1
2,Payment,1764751469.349487,64337,9,1
2,Payment,1764751469.349648,34509,12,1
1,NewOrder,1764751469.349673,61186,2,1
1,NewOrder,1764751469.349760,61191,6,1
2,Payment,1764751469.352040,30996,15,1
4,Delivery,1764751469.352116,50047,14,1
3,OrderStatus,1764751469.356641,32927,1,1
1,NewOrder,1764751469.356721,57667,7,1
1,NewOrder,1764751469.375647,37663,13,1
2,Payment,1764751469.376355,18259,11,1
2,Payment,1764751469.377247,16137,3,1
2,Payment,1764751469.383050,21922,15,1
3,OrderStatus,1764751469.384168,16707,12,1
1,NewOrder,1764751469.389580,29766,1,1
2,Payment,1764751469.393396,13992,3,1
2,Payment,1764751469.393852,17061,0,1
1,NewOrder,1764751469.394113,32311,8,1
2,Payment,1764751469.394623,19224,11,1
2,Payment,1764751469.400886,14386,12,1
2,Payment,1764751469.401082,25315,10,1
1,NewOrder,1764751469.402051,24442,4,1
2,Payment,1764751469.402170,14743,14,1
1,NewOrder,1764751469.404982,18560,15,1
2,Payment,1764751469.407399,11784,3,1
2,Payment,1764751469.410868,12708,2,1
1,NewOrder,1764751469.410920,29032,0,1
2,Payment,1764751469.410956,15493,6,1
1,NewOrder,1764751469.410970,18633,5,1
2,Payment,1764751469.413317,30396,13,1
1,NewOrder,1764751469.413830,30517,9,1
1,NewOrder,1764751469.413854,11967,11,1
2,Payment,1764751469.414395,25689,7,1
2,Payment,1764751469.415279,14828,12,1
2,Payment,1764751469.416921,12962,14,1
2,Payment,1764751469.419190,13510,3,1
2,Payment,1764751469.419352,35295,1,1
2,Payment,1764751469.423549,35066,15,1
2,Payment,1764751469.423582,16461,2,1
2,Payment,1764751469.425826,14127,11,1
2,Payment,1764751469.426403,13616,10,1
2,Payment,1764751469.426430,15445,8,1
1,NewOrder,1764751469.426452,27018,6,1
2,Payment,1764751469.426496,13539,4,1
2,Payment,1764751469.429611,56931,5,1
2,Payment,1764751469.429890,13440,14,1
4,Delivery,1764751469.430114,24089,12,1
1,NewOrder,1764751469.432708,21571,3,1
2,Payment,1764751469.439964,14287,0,1
4,Delivery,1764751469.439964,29218,11,1
1,NewOrder,1764751469.440021,28787,10,1
2,Payment,1764751469.440042,14225,4,1
1,NewOrder,1764751469.440045,21635,2,1
3,OrderStatus,1764751469.440090,2768,7,1
2,Payment,1764751469.441881,16735,8,1
1,NewOrder,1764751469.442865,25959,7,1
1,NewOrder,1764751469.443337,34318,14,1
1,NewOrder,1764751469.443719,25195,13,1
2,Payment,1764751469.444356,14310,9,1
2,Payment,1764751469.453482,15306,6,1
1,NewOrder,1764751469.454208,19961,12,1
2,Payment,1764751469.454259,14519,0,1
2,Payment,1764751469.454274,14862,4,1
2,Payment,1764751469.454282,14595,3,1
5,StockLevel,1764751469.454656,14165,1,1
2,Payment,1764751469.458623,10291,15,1
1,NewOrder,1764751469.458625,29452,8,1
2,Payment,1764751469.458669,10404,9,1
1,NewOrder,1764751469.461687,33939,2,1
1,NewOrder,1764751469.468791,44041,0,1
5,StockLevel,1764751469.468797,13327,6,1
5,StockLevel,1764751469.468814,11122,10,1
1,NewOrder,1764751469.468823,26808,1,1
1,NewOrder,1764751469.468831,27218,7,1
2,Payment,1764751469.468887,17377,3,1
1,NewOrder,1764751469.468916,27058,13,1
2,Payment,1764751469.468918,15203,15,1
1,NewOrder,1764751469.469077,27695,9,1
2,Payment,1764751469.469142,34669,4,1
2,Payment,1764751469.469187,14814,11,1
1,NewOrder,1764751469.474178,21944,12,1
1,NewOrder,1764751469.477670,48820,14,1
1,NewOrder,1764751469.479944,32091,10,1
1,NewOrder,1764751469.482133,36226,6,1
1,NewOrder,1764751469.484011,24036,11,1
1,NewOrder,1764751469.484155,28751,15,1
1,NewOrder,1764751469.486271,25689,3,1
1,NewOrder,1764751469.486548,31721,5,1
1,NewOrder,1764751469.488083,39189,8,1
1,NewOrder,1764751469.495638,23198,2,1
1,NewOrder,1764751469.495640,35306,1,1
4,Delivery,1764751469.495981,48364,13,1
1,NewOrder,1764751469.496051,32214,7,1
2,Payment,1764751469.496129,22225,12,1
2,Payment,1764751469.496779,21490,9,1
1,NewOrder,1764751469.503827,29845,4,1
2,Payment,1764751469.508066,12895,11,1
2,Payment,1764751469.511973,14479,3,1
2,Payment,1764751469.512044,21527,10,1
1,NewOrder,1764751469.512839,20721,0,1
1,NewOrder,1764751469.512912,20825,15,1
1,NewOrder,1764751469.518277,21193,5,1
1,NewOrder,1764751469.518357,25719,9,1
2,Payment,1764751469.518367,15242,6,1
1,NewOrder,1764751469.518374,19262,12,1
1,NewOrder,1764751469.518842,26361,2,1
4,Delivery,1764751469.520968,38600,11,1
2,Payment,1764751469.526463,13365,3,1
2,Payment,1764751469.526491,12948,14,1
2,Payment,1764751469.527279,16765,8,1
1,NewOrder,1764751469.528273,24845,7,1
4,Delivery,1764751469.530961,22308,1,1
2,Payment,1764751469.533570,13256,0,1
5,StockLevel,1764751469.533579,11607,10,1
3,OrderStatus,1764751469.533611,2872,6,1
2,Payment,1764751469.533680,13204,4,1
2,Payment,1764751469.533743,19377,15,1
1,NewOrder,1764751469.536490,28728,6,1
2,Payment,1764751469.537643,15412,12,1
1,NewOrder,1764751469.539447,23219,14,1
2,Payment,1764751469.539478,20107,5,1
2,Payment,1764751469.539834,13225,3,1
1,NewOrder,1764751469.544054,40468,8,1
1,NewOrder,1764751469.544083,21525,9,1
2,Payment,1764751469.544350,22460,13,1
1,NewOrder,1764751469.545192,20752,10,1
2,Payment,1764751469.545209,14343,2,1
2,Payment,1764751469.546833,12803,0,1
3,OrderStatus,1764751469.546887,4250,4,1
2,Payment,1764751469.551145,24054,4,1
2,Payment,1764751469.553062,30947,12,1
2,Payment,1764751469.553066,14403,3,1
2,Payment,1764751469.553124,12150,15,1
1,NewOrder,1764751469.553125,28989,7,1
1,NewOrder,1764751469.553275,37741,1,1
2,Payment,1764751469.559575,13300,2,1
1,NewOrder,1764751469.559576,15910,11,1
1,NewOrder,1764751469.559592,31587,5,1
2,Payment,1764751469.559640,15378,0,1
1,NewOrder,1764751469.562673,28351,14,1
2,Payment,1764751469.565225,16940,6,1
1,NewOrder,1764751469.565280,28896,15,1
1,NewOrder,1764751469.565614,31355,9,1
1,NewOrder,1764751469.565952,25192,10,1
1,NewOrder,1764751469.566816,25694,13,1
1,NewOrder,1764751469.567476,23696,3,1
2,Payment,1764751469.572886,19481,2,1
2,Payment,1764751469.575027,16378,0,1
1,NewOrder,1764751469.575206,22725,4,1
1,NewOrder,1764751469.575494,28638,11,1
1,NewOrder,1764751469.582129,18821,7,1
1,NewOrder,1764751469.582175,21879,6,1
2,Payment,1764751469.584016,13940,12,1
3,OrderStatus,1764751469.584528,1585,8,1
2,Payment,1764751469.586128,11865,8,1
1,NewOrder,1764751469.591024,32278,1,1
1,NewOrder,1764751469.591031,23678,14,1
2,Payment,1764751469.591148,13084,10,1
1,NewOrder,1764751469.591179,22272,3,1
4,Delivery,1764751469.591181,46890,5,1
1,NewOrder,1764751469.591411,25580,0,1
5,StockLevel,1764751469.592374,12136,2,1
2,Payment,1764751469.592517,20957,13,1
1,NewOrder,1764751469.594182,20463,15,1
2,Payment,1764751469.596976,19854,9,1
3,OrderStatus,1764751469.597937,7636,4,1
1,NewOrder,1764751469.597962,24632,12,1
1,NewOrder,1764751469.597998,24597,8,1
2,Payment,1764751469.600958,12513,7,1
2,Payment,1764751469.604064,25202,6,1
1,NewOrder,1764751469.604139,9657,11,1
1,NewOrder,1764751469.604241,33836,10,1
5,StockLevel,1764751469.604516,12232,2,1
2,Payment,1764751469.605580,15949,4,1
1,NewOrder,1764751469.613483,22466,7,1
3,OrderStatus,1764751469.613483,1049,13,1
2,Payment,1764751469.613722,15576,3,1
2,Payment,1764751469.613801,15450,11,1
1,NewOrder,1764751469.614539,23568,13,1
1,NewOrder,1764751469.614649,26678,15,1
2,Payment,1764751469.614716,14690,14,1
5,StockLevel,1764751469.616757,15650,2,1
2,Payment,1764751469.616837,19145,9,1
2,Payment,1764751469.616998,18956,0,1
1,NewOrder,1764751469.621538,19785,4,1
2,Payment,1764751469.622603,15483,8,1
1,NewOrder,1764751469.622604,28653,12,1
3,OrderStatus,1764751469.623309,3664,1,1
2,Payment,1764751469.626982,14353,1,1
1,NewOrder,1764751469.629259,21484,11,1
2,Payment,1764751469.629273,16440,6,1
2,Payment,1764751469.629302,16476,3,1
3,OrderStatus,1764751469.629412,11903,14,1
1,NewOrder,1764751469.632419,18693,2,1
5,StockLevel,1764751469.635957,12615,7,1
2,Payment,1764751469.635962,14715,0,1
2,Payment,1764751469.635984,15284,9,1
2,Payment,1764751469.638078,13039,5,1
2,Payment,1764751469.638084,29240,10,1
2,Payment,1764751469.638092,17402,8,1
1,NewOrder,1764751469.638109,24445,13,1
4,Delivery,1764751469.641325,26490,14,1
1,NewOrder,1764751469.641331,50378,4,1
2,Payment,1764751469.641335,14597,15,1
1,NewOrder,1764751469.641341,26220,1,1
2,Payment,1764751469.645726,15065,6,1
2,Payment,1764751469.645789,16625,3,1
1,NewOrder,1764751469.648579,43083,7,1
1,NewOrder,1764751469.650684,38548,0,1
1,NewOrder,1764751469.650750,38455,11,1
1,NewOrder,1764751469.651117,35097,2,1
1,NewOrder,1764751469.651122,38057,5,1
1,NewOrder,1764751469.651263,34965,12,1
2,Payment,1764751469.651272,34946,9,1
1,NewOrder,1764751469.655503,36195,8,1
1,NewOrder,1764751469.655939,33268,15,1
2,Payment,1764751469.660801,16550,6,1
1,NewOrder,1764751469.662423,32418,3,1
2,Payment,1764751469.662558,18038,13,1
1,NewOrder,1764751469.667334,24523,10,1
1,NewOrder,1764751469.667571,27150,1,1
1,NewOrder,1764751469.667822,30791,14,1
1,NewOrder,1764751469.677366,26966,6,1
2,Payment,1764751469.680605,14085,13,1
2,Payment,1764751469.686224,14321,2,1
2,Payment,1764751469.686226,12155,9,1
2,Payment,1764751469.686235,39580,12,1
1,NewOrder,1764751469.689186,26332,5,1
1,NewOrder,1764751469.689211,33892,11,1
2,Payment,1764751469.689214,11467,15,1
2,Payment,1764751469.689235,11613,0,1
1,NewOrder,1764751469.691670,16508,7,1
1,NewOrder,1764751469.691706,34375,8,1
1,NewOrder,1764751469.691715,31291,4,1
2,Payment,1764751469.691860,16310,10,1
2,Payment,1764751469.694698,13418,13,1
2,Payment,1764751469.694728,20774,1,1
2,Payment,1764751469.694849,13195,3,1
3,OrderStatus,1764751469.698391,9656,9,1
2,Payment,1764751469.698622,30260,14,1
1,NewOrder,1764751469.700551,25261,2,1
2,Payment,1764751469.700685,14833,15,1
1,NewOrder,1764751469.700858,22126,0,1
1,NewOrder,1764751469.704343,24500,6,1
1,NewOrder,1764751469.708054,26654,3,1
2,Payment,1764751469.708056,28424,9,1
1,NewOrder,1764751469.708123,21735,13,1
2,Payment,1764751469.708173,17652,10,1
1,NewOrder,1764751469.708185,20654,7,1
2,Payment,1764751469.715512,13434,1,1
2,Payment,1764751469.715525,13316,5,1
1,NewOrder,1764751469.715526,19600,15,1
1,NewOrder,1764751469.722999,23651,0,1
2,Payment,1764751469.723014,23516,4,1
2,Payment,1764751469.723112,11518,11,1
1,NewOrder,1764751469.725819,28416,2,1
1,NewOrder,1764751469.725823,28468,12,1
1,NewOrder,1764751469.725832,28400,10,1
1,NewOrder,1764751469.726088,28146,8,1
1,NewOrder,1764751469.728849,25406,7,1
2,Payment,1764751469.728852,28595,5,1
1,NewOrder,1764751469.728852,28354,6,1
1,NewOrder,1764751469.728888,22381,14,1
2,Payment,1764751469.728949,17583,1,1
1,NewOrder,1764751469.729865,17638,13,1
1,NewOrder,1764751469.734640,19590,11,1
1,NewOrder,1764751469.734716,22658,3,1
2,Payment,1764751469.735132,12612,15,1
1,NewOrder,1764751469.736486,21052,9,1
1,NewOrder,1764751469.746544,25886,1,1
2,Payment,1764751469.746544,41916,4,1
1,NewOrder,1764751469.746654,37802,0,1
1,NewOrder,1764751469.747512,19485,13,1
2,Payment,1764751469.747751,9346,15,1
1,NewOrder,1764751469.751276,53591,14,1
3,OrderStatus,1764751469.754238,10030,10,1
2,Payment,1764751469.754238,12641,11,1
2,Payment,1764751469.754242,12841,8,1
2,Payment,1764751469.754243,12662,2,1
1,NewOrder,1764751469.754263,23925,7,1
1,NewOrder,1764751469.754293,30152,12,1
3,OrderStatus,1764751469.757106,10145,15,1
2,Payment,1764751469.757209,15297,6,1
1,NewOrder,1764751469.757381,47432,3,1
2,Payment,1764751469.757454,59659,5,1
1,NewOrder,1764751469.757545,27007,9,1
1,NewOrder,1764751469.764281,43759,10,1
2,Payment,1764751469.766890,21349,11,1
1,NewOrder,1764751469.766913,34978,2,1
1,NewOrder,1764751469.767000,37800,13,1
2,Payment,1764751469.767084,21152,8,1
1,NewOrder,1764751469.767258,37965,15,1
2,Payment,1764751469.772443,15861,1,1
2,Payment,1764751469.772515,29395,6,1
1,NewOrder,1764751469.778205,36621,7,1
5,StockLevel,1764751469.784457,23686,12,1
2,Payment,1764751469.784465,23612,0,1
2,Payment,1764751469.784559,23804,9,1
1,NewOrder,1764751469.788245,28868,8,1
4,Delivery,1764751469.788247,44337,11,1
1,NewOrder,1764751469.788308,44272,1,1
2,Payment,1764751469.788467,51270,4,1
3,OrderStatus,1764751469.801901,3718,2,1
2,Payment,1764751469.801917,15235,6,1
2,Payment,1764751469.804808,14458,13,1
1,NewOrder,1764751469.804819,30898,3,1
1,NewOrder,1764751469.804869,10796,14,1
2,Payment,1764751469.805229,15415,15,1
2,Payment,1764751469.805625,14718,2,1
2,Payment,1764751469.808046,24579,10,1
2,Payment,1764751469.808083,24492,0,1
1,NewOrder,1764751469.808150,42674,12,1
1,NewOrder,1764751469.808368,31395,9,1
1,NewOrder,1764751469.814837,35877,7,1
2,Payment,1764751469.815670,24126,14,1
1,NewOrder,1764751469.817120,36203,8,1
2,Payment,1764751469.817121,41644,5,1
1,NewOrder,1764751469.817159,22706,6,1
1,NewOrder,1764751469.819285,20482,13,1
2,Payment,1764751469.820352,19374,2,1
1,NewOrder,1764751469.820651,30015,15,1
1,NewOrder,1764751469.832585,27017,0,1
2,Payment,1764751469.832589,26364,1,1
2,Payment,1764751469.832592,20736,11,1
2,Payment,1764751469.832631,20666,10,1
1,NewOrder,1764751469.835724,23084,3,1
1,NewOrder,1764751469.839733,19821,2,1
1,NewOrder,1764751469.839743,35009,4,1
2,Payment,1764751469.839769,38424,9,1
2,Payment,1764751469.839769,18979,13,1
2,Payment,1764751469.839797,18939,14,1
1,NewOrder,1764751469.839867,35040,6,1
1,NewOrder,1764751469.850680,33688,15,1
4,Delivery,1764751469.850723,33921,7,1
1,NewOrder,1764751469.850826,35431,12,1
3,OrderStatus,1764751469.853307,1417,10,1
2,Payment,1764751469.853333,24841,8,1
2,Payment,1764751469.853334,21464,11,1
1,NewOrder,1764751469.854730,29351,10,1
2,Payment,1764751469.858747,25332,14,1
1,NewOrder,1764751469.858756,25788,13,1
2,Payment,1764751469.858772,25353,5,1
2,Payment,1764751469.858815,25274,3,1
1,NewOrder,1764751469.858971,32509,1,1
2,Payment,1764751469.859560,24630,2,1
1,NewOrder,1764751469.859608,24639,0,1
2,Payment,1764751469.874761,44575,4,1
1,NewOrder,1764751469.874806,21012,11,1
3,OrderStatus,1764751469.874916,1208,6,1
1,NewOrder,1764751469.876131,28553,6,1
5,StockLevel,1764751469.878180,13575,8,1
2,Payment,1764751469.878209,13578,9,1
1,NewOrder,1764751469.884087,26075,14,1
2,Payment,1764751469.884088,33942,10,1
1,NewOrder,1764751469.884096,26104,3,1
2,Payment,1764751469.884133,15782,5,1
1,NewOrder,1764751469.884197,26661,2,1
1,NewOrder,1764751469.884261,43830,0,1
1,NewOrder,1764751469.884376,20304,15,1
3,OrderStatus,1764751469.884550,1140,13,1
1,NewOrder,1764751469.884650,20167,7,1
3,OrderStatus,1764751469.885696,1192,13,1
1,NewOrder,1764751469.886263,23984,12,1
1,NewOrder,1764751469.886894,24105,13,1
1,NewOrder,1764751469.891488,27604,1,1
2,Payment,1764751469.891762,13029,8,1
2,Payment,1764751469.891793,12884,9,1
3,OrderStatus,1764751469.895825,14389,11,1
2,Payment,1764751469.899922,36489,5,1
2,Payment,1764751469.904688,31500,9,1
1,NewOrder,1764751469.904689,16609,15,1
2,Payment,1764751469.904691,13335,6,1
1,NewOrder,1764751469.904802,31613,8,1
2,Payment,1764751469.904821,31377,7,1
1,NewOrder,1764751469.910173,31617,14,1
2,Payment,1764751469.910207,11087,3,1
1,NewOrder,1764751469.910222,33607,11,1
2,Payment,1764751469.910253,11204,12,1
2,Payment,1764751469.910864,25323,2,1
2,Payment,1764751469.911002,30854,13,1
4,Delivery,1764751469.918041,38191,6,1
1,NewOrder,1764751469.918043,38205,10,1
2,Payment,1764751469.919099,40006,1,1
1,NewOrder,1764751469.919343,37058,4,1
1,NewOrder,1764751469.921301,37770,3,1
2,Payment,1764751469.921306,20500,15,1
4,Delivery,1764751469.921464,34698,12,1
2,Payment,1764751469.928099,27982,0,1
2,Payment,1764751469.936199,43815,2,1
2,Payment,1764751469.936200,22899,9,1
1,NewOrder,1764751469.936206,27887,7,1
1,NewOrder,1764751469.936417,27962,5,1
2,Payment,1764751469.936419,22690,8,1
1,NewOrder,1764751469.941798,24161,14,1
2,Payment,1764751469.941812,22182,15,1
2,Payment,1764751469.941859,22457,13,1
1,NewOrder,1764751469.943838,38114,11,1
1,NewOrder,1764751469.956093,36488,0,1
1,NewOrder,1764751469.956169,39843,12,1
2,Payment,1764751469.956238,9717,6,1
1,NewOrder,1764751469.956271,30825,10,1
1,NewOrder,1764751469.956408,32535,4,1
1,NewOrder,1764751469.959077,33472,3,1
2,Payment,1764751469.959105,20486,9,1
1,NewOrder,1764751469.959112,29891,1,1
4,Delivery,1764751469.959116,36601,8,1
1,NewOrder,1764751469.964003,24602,15,1
2,Payment,1764751469.964100,23490,7,1
1,NewOrder,1764751469.964322,34055,13,1
1,NewOrder,1764751469.964382,30862,5,1
1,NewOrder,1764751469.965962,29362,6,1
5,StockLevel,1764751469.965965,16012,14,1
1,NewOrder,1764751469.979608,44164,9,1
1,NewOrder,1764751469.980027,43745,2,1
2,Payment,1764751469.981965,13462,11,1
1,NewOrder,1764751469.981985,41765,14,1
2,Payment,1764751469.987105,17115,10,1
2,Payment,1764751469.987598,16608,7,1
1,NewOrder,1764751469.988612,25404,15,1
5,StockLevel,1764751469.988951,19786,4,1
2,Payment,1764751469.989006,25005,1,1
2,Payment,1764751469.992562,21448,3,1
2,Payment,1764751469.992590,16164,0,1
1,NewOrder,1764751469.995251,39047,5,1
1,NewOrder,1764751469.995331,42552,6,1
5,StockLevel,1764751469.995434,18665,11,1
3,OrderStatus,1764751469.995727,18974,8,1
1,NewOrder,1764751469.996019,9258,12,1
2,Payment,1764751469.998385,25378,13,1
2,Payment,1764751470.004215,23463,7,1
1,NewOrder,1764751470.004227,28507,10,1
1,NewOrder,1764751470.005281,47513,12,1
4,Delivery,1764751470.008747,40098,4,1
4,Delivery,1764751470.008763,63711,0,1
2,Payment,1764751470.014021,20380,1,1
2,Payment,1764751470.014022,18599,3,1
2,Payment,1764751470.014023,18189,15,1
1,NewOrder,1764751470.014105,38868,11,1
2,Payment,1764751470.014705,17730,8,1
3,OrderStatus,1764751470.023760,1262,14,1
2,Payment,1764751470.023771,16409,13,1
2,Payment,1764751470.023778,38825,2,1
2,Payment,1764751470.023779,16345,9,1
2,Payment,1764751470.025029,27943,14,1
2,Payment,1764751470.027685,21151,7,1
1,NewOrder,1764751470.032227,30423,15,1
3,OrderStatus,1764751470.032445,16392,8,1
1,NewOrder,1764751470.032627,29986,3,1
1,NewOrder,1764751470.032737,39940,10,1
2,Payment,1764751470.034307,18936,5,1
3,OrderStatus,1764751470.034409,18460,1,1
2,Payment,1764751470.037890,34681,6,1
1,NewOrder,1764751470.040132,32380,9,1
1,NewOrder,1764751470.040187,24453,13,1
2,Payment,1764751470.048845,23638,8,1
1,NewOrder,1764751470.048846,23812,7,1
1,NewOrder,1764751470.048852,91160,4,1
1,NewOrder,1764751470.052801,87210,12,1
2,Payment,1764751470.052876,87767,1,1
1,NewOrder,1764751470.052975,87596,14,1
3,OrderStatus,1764751470.052981,1217,11,1
1,NewOrder,1764751470.053248,87520,5,1
2,Payment,1764751470.054205,18365,11,1
1,NewOrder,1764751470.062614,89145,2,1
2,Payment,1764751470.062621,77401,3,1
1,NewOrder,1764751470.062651,89086,15,1
1,NewOrder,1764751470.064647,75431,13,1
1,NewOrder,1764751470.072485,79845,0,1
2,Payment,1764751470.072491,67636,8,1
1,NewOrder,1764751470.072518,79407,9,1
2,Payment,1764751470.072574,79171,6,1
2,Payment,1764751470.072578,79157,11,1
2,Payment,1764751470.072662,102704,7,1
1,NewOrder,1764751470.072680,8393,10,1
2,Payment,1764751470.081081,70659,10,1
1,NewOrder,1764751470.140029,25622,12,1
4,Delivery,1764751470.140030,27954,4,1
2,Payment,1764751470.140030,21552,3,1
2,Payment,1764751470.140084,21478,13,1
1,NewOrder,1764751470.140133,40119,8,1
2,Payment,1764751470.140576,20996,14,1
5,StockLevel,1764751470.140647,25184,1,1
1,NewOrder,1764751470.140773,39505,5,1
1,NewOrder,1764751470.151743,30897,11,1
2,Payment,1764751470.151744,28716,15,1
3,OrderStatus,1764751470.151747,13914,10,1
2,Payment,1764751470.151751,44617,6,1
1,NewOrder,1764751470.151764,26587,2,1
2,Payment,1764751470.151928,13928,9,1
4,Delivery,1764751470.152335,90503,0,1
2,Payment,1764751470.161572,38022,13,1
4,Delivery,1764751470.161579,31403,14,1
2,Payment,1764751470.161588,18815,3,1
1,NewOrder,1764751470.165659,27948,12,1
1,NewOrder,1764751470.165666,27341,10,1
2,Payment,1764751470.165837,14999,1,1
2,Payment,1764751470.165858,16795,9,1
1,NewOrder,1764751470.167990,28548,4,1
2,Payment,1764751470.175381,72253,7,1
1,NewOrder,1764751470.178375,64091,2,1
1,NewOrder,1764751470.180268,62528,8,1
1,NewOrder,1764751470.180286,67395,5,1
2,Payment,1764751470.180409,49119,3,1
1,NewOrder,1764751470.180473,61892,15,1
2,Payment,1764751470.180841,48741,1,1
2,Payment,1764751470.182647,59709,11,1
2,Payment,1764751470.182661,59777,9,1
2,Payment,1764751470.192998,49349,14,1
2,Payment,1764751470.193017,69868,10,1
1,NewOrder,1764751470.193613,54096,12,1
5,StockLevel,1764751470.196376,46056,6,1
1,NewOrder,1764751470.196544,51112,4,1
2,Payment,1764751470.199603,47977,13,1
1,NewOrder,1764751470.229545,33291,3,1
2,Payment,1764751470.229592,20767,1,1
2,Payment,1764751470.242363,20825,14,1
2,Payment,1764751470.242365,20537,11,1
1,NewOrder,1764751470.242370,24773,15,1
1,NewOrder,1764751470.242438,30554,6,1
1,NewOrder,1764751470.242444,38848,9,1
2,Payment,1764751470.242468,45449,2,1
1,NewOrder,1764751470.242805,38614,8,1
1,NewOrder,1764751470.242844,24287,0,1
1,NewOrder,1764751470.247590,33774,13,1
1,NewOrder,1764751470.247637,35234,7,1
1,NewOrder,1764751470.247657,19604,4,1
2,Payment,1764751470.247684,25248,5,1
2,Payment,1764751470.247710,19575,12,1
2,Payment,1764751470.250368,17727,1,1
1,NewOrder,1764751470.262854,25238,3,1
2,Payment,1764751470.262894,20048,10,1
1,NewOrder,1764751470.262911,25208,11,1
1,NewOrder,1764751470.263194,28677,14,1
2,Payment,1764751470.267145,20750,0,1
2,Payment,1764751470.267152,21124,15,1
1,NewOrder,1764751470.267267,24433,4,1
1,NewOrder,1764751470.267292,29002,12,1
1,NewOrder,1764751470.268102,28273,1,1
3,OrderStatus,1764751470.272946,15053,5,1
1,NewOrder,1764751470.273001,40735,6,1
5,StockLevel,1764751470.281306,15743,9,1
2,Payment,1764751470.281372,14972,13,1
2,Payment,1764751470.281425,15002,8,1
2,Payment,1764751470.282877,19897,7,1
2,Payment,1764751470.282949,19743,10,1
1,NewOrder,1764751470.287912,58766,0,1
1,NewOrder,1764751470.287927,49735,2,1
4,Delivery,1764751470.288006,64329,5,1
2,Payment,1764751470.288099,35263,3,1
1,NewOrder,1764751470.288125,35472,11,1
1,NewOrder,1764751470.288281,34995,15,1
5,StockLevel,1764751470.291713,27444,4,1
2,Payment,1764751470.291874,27322,14,1
2,Payment,1764751470.296309,27023,12,1
2,Payment,1764751470.296355,50627,13,1
1,NewOrder,1764751470.296385,50489,1,1
2,Payment,1764751470.296433,26848,8,1
2,Payment,1764751470.297057,49739,9,1
2,Payment,1764751470.302711,20667,10,1
1,NewOrder,1764751470.302784,33032,7,1
3,OrderStatus,1764751470.313752,3800,6,1
1,NewOrder,1764751470.317568,43949,6,1
1,NewOrder,1764751470.319169,41739,4,1
3,OrderStatus,1764751470.319206,2844,14,1
5,StockLevel,1764751470.322063,24921,14,1
4,Delivery,1764751470.323289,48186,15,1
1,NewOrder,1764751470.323292,29602,8,1
1,NewOrder,1764751470.323336,37197,12,1
2,Payment,1764751470.323368,23850,3,1
1,NewOrder,1764751470.323385,28712,10,1
1,NewOrder,1764751470.323603,29370,11,1
1,NewOrder,1764751470.335840,43335,7,1
2,Payment,1764751470.337676,22713,2,1
1,NewOrder,1764751470.346694,39783,0,1
1,NewOrder,1764751470.346807,15922,9,1
1,NewOrder,1764751470.346884,48099,1,1
1,NewOrder,1764751470.346986,31943,13,1
1,NewOrder,1764751470.346989,48087,14,1
3,OrderStatus,1764751470.347223,20373,3,1
2,Payment,1764751470.352109,19565,10,1
2,Payment,1764751470.352343,26527,5,1
2,Payment,1764751470.352900,25996,8,1
1,NewOrder,1764751470.352981,33505,11,1
4,Delivery,1764751470.360407,46824,2,1
1,NewOrder,1764751470.360548,39000,12,1
1,NewOrder,1764751470.360915,43232,4,1
2,Payment,1764751470.361523,24851,6,1
2,Payment,1764751470.362734,32278,9,1
1,NewOrder,1764751470.367605,27296,3,1
2,Payment,1764751470.371485,23353,15,1
5,StockLevel,1764751470.371680,23431,10,1
2,Payment,1764751470.378886,20849,5,1
2,Payment,1764751470.378906,21071,8,1
2,Payment,1764751470.378937,16238,13,1
1,NewOrder,1764751470.379181,58859,7,1
3,OrderStatus,1764751470.386387,4743,6,1
1,NewOrder,1764751470.386485,64592,0,1
1,NewOrder,1764751470.386494,26010,11,1
4,Delivery,1764751470.391145,57315,6,1
5,StockLevel,1764751470.394852,17148,15,1
1,NewOrder,1764751470.394910,62711,3,1
1,NewOrder,1764751470.394990,53230,1,1
5,StockLevel,1764751470.395020,43131,9,1
2,Payment,1764751470.395080,43648,14,1
2,Payment,1764751470.395118,17645,10,1
1,NewOrder,1764751470.395179,58487,13,1
1,NewOrder,1764751470.399559,53599,12,1
2,Payment,1764751470.399743,47630,5,1
4,Delivery,1764751470.399983,84816,8,1
1,NewOrder,1764751470.404157,52838,4,1
1,NewOrder,1764751470.407239,57745,2,1
2,Payment,1764751470.412013,44472,15,1
2,Payment,1764751470.412513,38870,11,1
1,NewOrder,1764751470.412768,56284,10,1
1,NewOrder,1764751470.438059,39100,7,1
1,NewOrder,1764751470.438160,43356,9,1
2,Payment,1764751470.438734,38766,14,1
1,NewOrder,1764751470.447390,34035,5,1
2,Payment,1764751470.448231,20988,1,1
2,Payment,1764751470.448464,16561,6,1
4,Delivery,1764751470.451089,44439,0,1
2,Payment,1764751470.451392,25751,11,1
4,Delivery,1764751470.453167,31491,12,1
1,NewOrder,1764751470.453675,24113,13,1
1,NewOrder,1764751470.456494,28604,15,1
2,Payment,1764751470.457002,15516,4,1
5,StockLevel,1764751470.457627,14778,3,1
1,NewOrder,1764751470.464999,30422,2,1
3,OrderStatus,1764751470.465034,12126,6,1
1,NewOrder,1764751470.469063,26262,10,1
1,NewOrder,1764751470.469227,41193,1,1
1,NewOrder,1764751470.472413,38099,3,1
1,NewOrder,1764751470.472521,23844,4,1
3,OrderStatus,1764751470.477156,12025,11,1
1,NewOrder,1764751470.477168,26060,6,1
2,Payment,1764751470.477169,25769,7,1
2,Payment,1764751470.477505,18024,14,1
1,NewOrder,1764751470.477794,32672,13,1
2,Payment,1764751470.481435,13884,5,1
2,Payment,1764751470.481523,14092,9,1
5,StockLevel,1764751470.484665,18202,12,1
5,StockLevel,1764751470.484803,17994,8,1
2,Payment,1764751470.485105,44080,15,1
2,Payment,1764751470.489191,14911,11,1
1,NewOrder,1764751470.495332,24937,5,1
1,NewOrder,1764751470.495333,17902,10,1
2,Payment,1764751470.495428,17841,2,1
1,NewOrder,1764751470.495531,29915,0,1
2,Payment,1764751470.495536,18025,14,1
2,Payment,1764751470.495617,17596,9,1
2,Payment,1764751470.496371,29141,4,1
2,Payment,1764751470.502810,16116,8,1
2,Payment,1764751470.502869,14499,12,1
3,OrderStatus,1764751470.502947,1234,7,1
5,StockLevel,1764751470.503233,13714,6,1
1,NewOrder,1764751470.504109,48244,11,1
1,NewOrder,1764751470.504186,22582,7,1
1,NewOrder,1764751470.510432,41969,1,1
2,Payment,1764751470.510475,21754,13,1
1,NewOrder,1764751470.510541,173050,3,1
2,Payment,1764751470.513221,39206,9,1
2,Payment,1764751470.513241,13535,10,1
1,NewOrder,1764751470.513276,170162,2,1
2,Payment,1764751470.513566,169853,14,1
2,Payment,1764751470.516954,35520,6,1
2,Payment,1764751470.517376,166116,12,1
2,Payment,1764751470.518934,33423,8,1
5,StockLevel,1764751470.520277,32099,5,1
1,NewOrder,1764751470.525455,158235,0,1
1,NewOrder,1764751470.525520,157938,4,1
1,NewOrder,1764751470.526775,227921,7,1
2,Payment,1764751470.526783,227911,10,1
2,Payment,1764751470.529194,232582,15,1
2,Payment,1764751470.532241,229542,13,1
2,Payment,1764751470.552374,202345,8,1
2,Payment,1764751470.552375,202315,11,1
2,Payment,1764751470.552383,202391,5,1
2,Payment,1764751470.552411,203202,1,1
1,NewOrder,1764751470.552429,209457,9,1
4,Delivery,1764751470.552477,202337,6,1
1,NewOrder,1764751470.683440,78524,14,1
1,NewOrder,1764751470.683446,214555,2,1
2,Payment,1764751470.683464,143895,4,1
3,OrderStatus,1764751470.683497,2360,12,1
1,NewOrder,1764751470.683597,78180,3,1
1,NewOrder,1764751470.683695,78111,0,1
5,StockLevel,1764751470.685863,1857,12,1
1,NewOrder,1764751470.687725,210011,12,1
2,Payment,1764751470.754708,72495,7,1
2,Payment,1764751470.754708,135813,11,1
2,Payment,1764751470.754708,72442,10,1
1,NewOrder,1764751470.754725,142682,8,1
1,NewOrder,1764751470.754776,133759,5,1
1,NewOrder,1764751470.754820,142738,6,1
2,Payment,1764751470.755618,71477,1,1
2,Payment,1764751470.761789,126747,15,1
2,Payment,1764751470.761790,135660,3,1
1,NewOrder,1764751470.761790,135662,13,1
1,NewOrder,1764751470.761812,135695,0,1
1,NewOrder,1764751470.761888,142473,9,1
2,Payment,1764751470.761969,154311,14,1
1,NewOrder,1764751470.827112,92486,1,1
1,NewOrder,1764751470.827160,76381,10,1
4,Delivery,1764751470.827211,76989,7,1
5,StockLevel,1764751470.827365,76159,4,1
1,NewOrder,1764751470.888551,31050,5,1
5,StockLevel,1764751470.888551,16626,15,1
2,Payment,1764751470.890526,25749,11,1
2,Payment,1764751470.897415,22195,8,1
2,Payment,1764751470.897456,22741,3,1
2,Payment,1764751470.897458,22735,13,1
1,NewOrder,1764751470.897512,97065,0,1
2,Payment,1764751470.897560,29194,6,1
1,NewOrder,1764751470.897741,29294,12,1
2,Payment,1764751470.898006,21569,2,1
3,OrderStatus,1764751470.903535,23420,4,1
2,Payment,1764751470.903548,23163,10,1
2,Payment,1764751470.904205,100859,7,1
1,NewOrder,1764751470.904364,90185,9,1
2,Payment,1764751470.905182,89395,15,1
5,StockLevel,1764751470.916290,78290,14,1
1,NewOrder,1764751470.916290,88666,11,1
1,NewOrder,1764751470.919581,85525,2,1
1,NewOrder,1764751470.919603,85700,5,1
1,NewOrder,1764751470.919603,85468,1,1
2,Payment,1764751470.919615,78221,8,1
2,Payment,1764751470.920198,84876,13,1
1,NewOrder,1764751470.920202,85122,3,1
1,NewOrder,1764751470.926719,78626,10,1
2,Payment,1764751470.926756,290691,6,1
1,NewOrder,1764751470.926961,79780,4,1
2,Payment,1764751470.927037,290342,12,1
1,NewOrder,1764751470.994569,223125,9,1
3,OrderStatus,1764751470.994587,6184,0,1
2,Payment,1764751470.994588,93740,14,1
4,Delivery,1764751470.994595,284416,15,1
2,Payment,1764751470.997842,90453,8,1
2,Payment,1764751471.000777,216340,0,1
2,Payment,1764751471.004962,212151,11,1
4,Delivery,1764751471.005069,294046,7,1
5,StockLevel,1764751471.005077,212200,1,1
1,NewOrder,1764751471.005079,273715,13,1
2,Payment,1764751471.005108,273522,2,1
1,NewOrder,1764751471.005309,293859,5,1
1,NewOrder,1764751471.005329,293807,3,1
1,NewOrder,1764751471.005347,273283,10,1
2,Payment,1764751471.006747,210794,4,1
2,Payment,1764751471.088312,210829,8,1
2,Payment,1764751471.088337,210778,14,1
1,NewOrder,1764751471.217134,93386,11,1
2,Payment,1764751471.217146,88185,0,1
1,NewOrder,1764751471.217281,93310,1,1
1,NewOrder,1764751471.217384,87970,12,1
2,Payment,1764751471.217453,87905,6,1
1,NewOrder,1764751471.217544,88035,4,1
1,NewOrder,1764751471.217696,87632,9,1
2,Payment,1764751471.278647,26852,10,1
2,Payment,1764751471.278647,26869,2,1
1,NewOrder,1764751471.278802,31932,13,1
3,OrderStatus,1764751471.279017,26370,15,1
2,Payment,1764751471.299132,27791,7,1
1,NewOrder,1764751471.299132,21833,14,1
2,Payment,1764751471.299142,17848,3,1
2,Payment,1764751471.299147,17960,8,1
5,StockLevel,1764751471.299170,17895,5,1
1,NewOrder,1764751471.305343,24709,9,1
1,NewOrder,1764751471.305344,24635,0,1
1,NewOrder,1764751471.305360,24964,12,1
1,NewOrder,1764751471.305363,33423,6,1
2,Payment,1764751471.305394,21524,15,1
1,NewOrder,1764751471.305501,24440,10,1
2,Payment,1764751471.305517,21394,2,1
1,NewOrder,1764751471.305581,24375,4,1
1,NewOrder,1764751471.310532,28268,11,1
2,Payment,1764751471.310600,55788,1,1
2,Payment,1764751471.310739,19230,13,1
5,StockLevel,1764751471.317003,12957,3,1
1,NewOrder,1764751471.317073,45120,5,1
2,Payment,1764751471.317112,13685,8,1
2,Payment,1764751471.320976,113719,14,1
3,OrderStatus,1764751471.326925,35250,2,1
2,Payment,1764751471.326926,35303,15,1
2,Payment,1764751471.326929,35246,7,1
2,Payment,1764751471.329949,32364,10,1
1,NewOrder,1764751471.329962,40215,4,1
4,Delivery,1764751471.329966,102096,3,1
2,Payment,1764751471.329971,32460,13,1
1,NewOrder,1764751471.329984,36429,0,1
2,Payment,1764751471.330058,104748,9,1
1,NewOrder,1764751471.330328,39856,12,1
1,NewOrder,1764751471.330802,39469,8,1
1,NewOrder,1764751471.338818,31383,11,1
2,Payment,1764751471.338818,162804,6,1
2,Payment,1764751471.362192,72517,7,1
2,Payment,1764751471.362192,131409,2,1
2,Payment,1764751471.362199,72501,5,1
1,NewOrder,1764751471.362234,128662,15,1
2,Payment,1764751471.362320,139385,10,1
1,NewOrder,1764751471.362435,126895,13,1
1,NewOrder,1764751471.366397,123687,1,1
1,NewOrder,1764751471.366421,123723,0,1
2,Payment,1764751471.370184,131828,4,1
5,StockLevel,1764751471.370190,119010,12,1
2,Payment,1764751471.370208,119424,11,1
2,Payment,1764751471.370274,119230,8,1
2,Payment,1764751471.432079,70992,3,1
5,StockLevel,1764751471.434708,188223,14,1
1,NewOrder,1764751471.434708,208397,5,1
2,Payment,1764751471.434715,268137,7,1
2,Payment,1764751471.434809,204941,9,1
2,Payment,1764751471.489218,136954,12,1
1,NewOrder,1764751471.489339,150483,13,1
4,Delivery,1764751471.489506,150579,8,1
2,Payment,1764751471.489638,133283,11,1
1,NewOrder,1764751471.490089,150324,1,1
2,Payment,1764751471.490149,136068,0,1
2,Payment,1764751471.490902,149012,15,1
2,Payment,1764751471.493609,146992,2,1
1,NewOrder,1764751471.501643,138091,6,1
2,Payment,1764751471.501714,285139,10,1
2,Payment,1764751471.502016,139765,4,1
1,NewOrder,1764751471.503077,217242,3,1
2,Payment,1764751471.622936,22649,11,1
2,Payment,1764751471.622940,164283,14,1
1,NewOrder,1764751471.626179,160674,12,1
2,Payment,1764751471.626223,76612,0,1
2,Payment,1764751471.639764,170014,9,1
2,Payment,1764751471.639830,80480,13,1
3,OrderStatus,1764751471.639920,5366,15,1
1,NewOrder,1764751471.640090,149525,8,1
2,Payment,1764751471.640136,150137,6,1
2,Payment,1764751471.640419,169199,1,1
2,Payment,1764751471.640606,146221,2,1
4,Delivery,1764751471.641786,156084,4,1
2,Payment,1764751471.643112,144280,5,1
1,NewOrder,1764751471.645293,178525,15,1
1,NewOrder,1764751471.645590,144253,11,1
1,NewOrder,1764751471.702851,106599,0,1
4,Delivery,1764751471.702860,106882,7,1
2,Payment,1764751471.720324,89449,13,1
2,Payment,1764751471.720327,90460,3,1
4,Delivery,1764751471.786843,38720,2,1
1,NewOrder,1764751471.786862,38693,10,1
2,Payment,1764751471.786862,38746,12,1
1,NewOrder,1764751471.787229,31720,14,1
1,NewOrder,1764751471.787397,31566,5,1
2,Payment,1764751471.789620,23520,8,1
2,Payment,1764751471.789848,23015,11,1
1,NewOrder,1764751471.790278,167229,6,1
2,Payment,1764751471.797880,21069,4,1
2,Payment,1764751471.809465,18328,0,1
2,Payment,1764751471.809627,151203,1,1
4,Delivery,1764751471.809748,157500,7,1
1,NewOrder,1764751471.809775,151084,13,1
2,Payment,1764751471.809782,15792,9,1
1,NewOrder,1764751471.810796,146764,3,1
2,Payment,1764751471.812870,12832,11,1
2,Payment,1764751471.813146,15029,8,1
2,Payment,1764751471.818960,138578,14,1
2,Payment,1764751471.818960,15538,4,1
1,NewOrder,1764751471.818970,148155,5,1
1,NewOrder,1764751471.823828,240028,15,1
1,NewOrder,1764751471.825560,141556,10,1
1,NewOrder,1764751471.825570,215821,2,1
1,NewOrder,1764751471.825581,215828,9,1
5,StockLevel,1764751471.825614,135450,12,1
1,NewOrder,1764751471.825707,141455,11,1
2,Payment,1764751471.827807,133440,0,1
2,Payment,1764751471.828184,132618,8,1
3,OrderStatus,1764751471.834512,132905,4,1
1,NewOrder,1764751471.957522,106518,6,1
2,Payment,1764751471.957547,92851,14,1
2,Payment,1764751471.957574,92869,3,1
5,StockLevel,1764751471.960815,89582,8,1
2,Payment,1764751471.960836,93167,1,1
1,NewOrder,1764751471.960864,103077,13,1
1,NewOrder,1764751471.961068,102854,12,1
2,Payment,1764751471.961253,92739,0,1
2,Payment,1764751471.967125,96777,10,1
1,NewOrder,1764751471.967130,96825,5,1
1,NewOrder,1764751471.967168,96778,11,1
1,NewOrder,1764751471.967253,96849,7,1
3,OrderStatus,1764751471.967421,3187,4,1
5,StockLevel,1764751471.970617,93239,4,1
1,NewOrder,1764751472.041408,37297,2,1
2,Payment,1764751472.041418,51115,9,1
2,Payment,1764751472.050409,28235,14,1
2,Payment,1764751472.050410,28233,8,1
1,NewOrder,1764751472.050448,28222,3,1
2,Payment,1764751472.053999,24637,0,1
1,NewOrder,1764751472.054009,38510,1,1
2,Payment,1764751472.063865,53008,15,1
2,Payment,1764751472.063865,27998,4,1
1,NewOrder,1764751472.063904,35055,10,1
5,StockLevel,1764751472.063928,27924,12,1
1,NewOrder,1764751472.063946,28571,13,1
1,NewOrder,1764751472.063951,35053,11,1
2,Payment,1764751472.063957,52866,5,1
1,NewOrder,1764751472.064045,30520,6,1
1,NewOrder,1764751472.064106,30480,7,1
3,OrderStatus,1764751472.078651,8455,0,1
1,NewOrder,1764751472.078652,38115,8,1
2,Payment,1764751472.078652,20805,14,1
1,NewOrder,1764751472.078676,21456,3,1
2,Payment,1764751472.078710,30657,2,1
1,NewOrder,1764751472.087115,98303,0,1
1,NewOrder,1764751472.091859,24919,12,1
1,NewOrder,1764751472.091869,29530,4,1
1,NewOrder,1764751472.092523,24256,13,1
1,NewOrder,1764751472.092525,237137,1,1
1,NewOrder,1764751472.092538,24267,9,1
1,NewOrder,1764751472.094571,28728,6,1
1,NewOrder,1764751472.094591,22281,7,1
1,NewOrder,1764751472.098970,224542,10,1
2,Payment,1764751472.099011,17861,11,1
2,Payment,1764751472.099464,250452,14,1
2,Payment,1764751472.100138,16712,3,1
2,Payment,1764751472.109381,140352,2,1
1,NewOrder,1764751472.116775,214597,8,1
1,NewOrder,1764751472.116786,212745,12,1
1,NewOrder,1764751472.116786,212895,13,1
1,NewOrder,1764751472.116807,213027,9,1
1,NewOrder,1764751472.116824,216122,5,1
1,NewOrder,1764751472.116860,214423,3,1
2,Payment,1764751472.116877,208620,7,1
2,Payment,1764751472.116878,207951,11,1
2,Payment,1764751472.116879,207960,15,1
2,Payment,1764751472.121409,209017,4,1
2,Payment,1764751472.123308,224319,6,1
1,NewOrder,1764751472.185434,144266,0,1
1,NewOrder,1764751472.249752,80014,2,1
2,Payment,1764751472.323529,23382,10,1
1,NewOrder,1764751472.324839,119657,11,1
1,NewOrder,1764751472.324846,33880,15,1
1,NewOrder,1764751472.325502,33730,7,1
2,Payment,1764751472.329537,19178,12,1
3,OrderStatus,1764751472.329668,6514,1,1
1,NewOrder,1764751472.329684,29660,13,1
1,NewOrder,1764751472.329701,114794,0,1
2,Payment,1764751472.329768,28998,2,1
2,Payment,1764751472.329837,138869,9,1
3,OrderStatus,1764751472.330432,19838,4,1
1,NewOrder,1764751472.331289,22144,3,1
1,NewOrder,1764751472.331378,22268,8,1
2,Payment,1764751472.332952,20435,5,1
2,Payment,1764751472.336190,120346,1,1
2,Payment,1764751472.346927,97586,10,1
5,StockLevel,1764751472.347637,96917,6,1
2,Payment,1764751472.348723,101097,12,1
1,NewOrder,1764751472.349923,106729,14,1
2,Payment,1764751472.350276,106234,4,1
1,NewOrder,1764751472.353397,115447,5,1
1,NewOrder,1764751472.353435,115245,3,1
1,NewOrder,1764751472.353660,115026,8,1
2,Payment,1764751472.358739,99212,15,1
1,NewOrder,1764751472.358773,117382,2,1
1,NewOrder,1764751472.359238,109462,7,1
2,Payment,1764751472.359350,112754,13,1
1,NewOrder,1764751472.444514,31642,11,1
2,Payment,1764751472.444514,25226,0,1
2,Payment,1764751472.444519,41575,10,1
1,NewOrder,1764751472.444562,27496,6,1
3,OrderStatus,1764751472.449831,1040,12,1
2,Payment,1764751472.450879,88918,12,1
1,NewOrder,1764751472.456524,83331,4,1
1,NewOrder,1764751472.456544,19811,1,1
1,NewOrder,1764751472.456672,19565,14,1
1,NewOrder,1764751472.457957,81767,15,1
3,OrderStatus,1764751472.468695,2503,3,1
1,NewOrder,1764751472.468696,147753,8,1
2,Payment,1764751472.468707,17501,7,1
1,NewOrder,1764751472.468712,147038,9,1
1,NewOrder,1764751472.468849,71309,5,1
1,NewOrder,1764751472.469745,146002,0,1
3,OrderStatus,1764751472.471204,865,3,1
2,Payment,1764751472.472066,143506,6,1
1,NewOrder,1764751472.472074,143654,3,1
2,Payment,1764751472.472112,149113,13,1
2,Payment,1764751472.476166,135362,2,1
1,NewOrder,1764751472.476167,139656,11,1
1,NewOrder,1764751472.476239,140200,14,1
1,NewOrder,1764751472.476363,139208,1,1
5,StockLevel,1764751472.486113,129558,10,1
1,NewOrder,1764751472.486217,134691,7,1
4,Delivery,1764751472.539741,81377,15,1
2,Payment,1764751472.539800,99898,12,1
1,NewOrder,1764751472.539863,81063,4,1
1,NewOrder,1764751472.540163,80605,5,1
1,NewOrder,1764751472.611544,24741,2,1
1,NewOrder,1764751472.615585,20635,1,1
1,NewOrder,1764751472.615585,33845,6,1
1,NewOrder,1764751472.615676,20630,10,1
3,OrderStatus,1764751472.615732,8205,3,1
1,NewOrder,1764751472.615753,24255,0,1
1,NewOrder,1764751472.615764,24103,9,1
2,Payment,1764751472.615825,18015,11,1
1,NewOrder,1764751472.616444,23395,14,1
1,NewOrder,1764751472.616453,38116,8,1
2,Payment,1764751472.620777,15517,5,1
1,NewOrder,1764751472.620911,33684,7,1
1,NewOrder,1764751472.620928,34083,4,1
2,Payment,1764751472.621126,15184,15,1
1,NewOrder,1764751472.621231,18547,13,1
1,NewOrder,1764751472.623945,25500,3,1
2,Payment,1764751472.633862,20790,11,1
2,Payment,1764751472.636243,18327,1,1
1,NewOrder,1764751472.636292,26443,2,1
1,NewOrder,1764751472.636300,36551,5,1
5,StockLevel,1764751472.636308,18327,10,1
2,Payment,1764751472.636315,20239,15,1
4,Delivery,1764751472.639705,28909,12,1
2,Payment,1764751472.639794,23002,13,1
1,NewOrder,1764751472.639845,42394,14,1
3,OrderStatus,1764751472.639870,22864,9,1
1,NewOrder,1764751472.640014,33650,0,1
1,NewOrder,1764751472.649442,36617,6,1
2,Payment,1764751472.649453,23386,3,1
2,Payment,1764751472.654584,18162,8,1
1,NewOrder,1764751472.654585,27658,1,1
2,Payment,1764751472.654601,18106,7,1
1,NewOrder,1764751472.654637,22979,10,1
1,NewOrder,1764751472.654658,29449,11,1
4,Delivery,1764751472.655017,29116,4,1
2,Payment,1764751472.656560,16231,15,1
1,NewOrder,1764751472.662746,21424,9,1
1,NewOrder,1764751472.662747,21639,2,1
1,NewOrder,1764751472.662803,26037,13,1
5,StockLevel,1764751472.668621,15517,12,1
2,Payment,1764751472.672714,13629,7,1
1,NewOrder,1764751472.672752,20529,8,1
2,Payment,1764751472.672797,13178,15,1
1,NewOrder,1764751472.672845,25841,3,1
1,NewOrder,1764751472.672857,29965,5,1
2,Payment,1764751472.673670,10783,0,1
2,Payment,1764751472.677624,15659,10,1
1,NewOrder,1764751472.682246,37289,14,1
1,NewOrder,1764751472.682249,28024,1,1
1,NewOrder,1764751472.684115,26225,11,1
1,NewOrder,1764751472.684139,26171,4,1
2,Payment,1764751472.684145,14449,12,1
1,NewOrder,1764751472.684172,35405,9,1
2,Payment,1764751472.684390,21410,2,1
2,Payment,1764751472.684459,21378,0,1
2,Payment,1764751472.685982,16838,15,1
1,NewOrder,1764751472.686066,37672,6,1
1,NewOrder,1764751472.686347,33196,7,1
1,NewOrder,1764751472.688847,30708,13,1
1,NewOrder,1764751472.693295,30331,10,1
1,NewOrder,1764751472.693296,30315,8,1
1,NewOrder,1764751472.698601,29893,12,1
4,Delivery,1764751472.698693,46798,3,1
2,Payment,1764751472.702832,20897,5,1
1,NewOrder,1764751472.702833,28467,15,1
1,NewOrder,1764751472.705808,22714,2,1
1,NewOrder,1764751472.705839,25761,0,1
2,Payment,1764751472.710283,13386,1,1
1,NewOrder,1764751472.710319,35069,4,1
2,Payment,1764751472.710346,18297,11,1
2,Payment,1764751472.719548,11756,14,1
2,Payment,1764751472.719551,11767,7,1
2,Payment,1764751472.719562,11797,13,1
3,OrderStatus,1764751472.719579,1223,9,1
2,Payment,1764751472.720808,17167,9,1
1,NewOrder,1764751472.723618,35328,8,1
2,Payment,1764751472.723633,48499,10,1
2,Payment,1764751472.723675,16167,1,1
1,NewOrder,1764751472.723738,30768,5,1
4,Delivery,1764751472.723742,30829,6,1
1,NewOrder,1764751472.728505,40363,12,1
1,NewOrder,1764751472.728529,38027,2,1
2,Payment,1764751472.728650,16756,11,1
2,Payment,1764751472.731307,14301,15,1
1,NewOrder,1764751472.731313,35197,14,1
1,NewOrder,1764751472.731325,35018,7,1
1,NewOrder,1764751472.731362,35132,13,1
2,Payment,1764751472.731607,24703,0,1
2,Payment,1764751472.737984,20908,9,1
1,NewOrder,1764751472.739849,31165,1,1
1,NewOrder,1764751472.745397,26919,4,1
1,NewOrder,1764751472.745413,21166,11,1
2,Payment,1764751472.745494,25380,3,1
1,NewOrder,1764751472.745611,35151,15,1
2,Payment,1764751472.754522,16786,5,1
2,Payment,1764751472.754581,16314,6,1
2,Payment,1764751472.756317,14634,0,1
2,Payment,1764751472.758902,29670,9,1
1,NewOrder,1764751472.758948,29440,8,1
1,NewOrder,1764751472.766362,21924,7,1
1,NewOrder,1764751472.766504,27828,13,1
2,Payment,1764751472.766516,14307,14,1
2,Payment,1764751472.766560,17874,2,1
1,NewOrder,1764751472.766586,21686,11,1
2,Payment,1764751472.768874,15627,12,1
1,NewOrder,1764751472.770881,23210,3,1
4,Delivery,1764751472.770904,23362,6,1
1,NewOrder,1764751472.770954,23135,0,1
1,NewOrder,1764751472.771021,32559,1,1
2,Payment,1764751472.771332,16959,5,1
2,Payment,1764751472.772139,29641,10,1
5,StockLevel,1764751472.772323,16608,4,1
2,Payment,1764751472.780777,13422,15,1
1,NewOrder,1764751472.780833,19406,14,1
1,NewOrder,1764751472.784444,29378,2,1
3,OrderStatus,1764751472.784505,9765,12,1
3,OrderStatus,1764751472.788281,9409,11,1
1,NewOrder,1764751472.788294,25468,7,1
2,Payment,1764751472.788300,15280,5,1
1,NewOrder,1764751472.788391,27615,8,1
2,Payment,1764751472.788575,40579,9,1
3,OrderStatus,1764751472.788938,3384,4,1
1,NewOrder,1764751472.792334,16329,4,1
1,NewOrder,1764751472.794100,21990,0,1
2,Payment,1764751472.794101,19617,3,1
2,Payment,1764751472.794203,12296,15,1
2,Payment,1764751472.794273,12237,6,1
4,Delivery,1764751472.794277,21752,12,1
1,NewOrder,1764751472.794337,19449,13,1
5,StockLevel,1764751472.797699,16164,11,1
2,Payment,1764751472.800247,24627,14,1
2,Payment,1764751472.801786,14364,10,1
1,NewOrder,1764751472.803587,19495,1,1
2,Payment,1764751472.803588,12349,5,1
2,Payment,1764751472.806505,9911,15,1
2,Payment,1764751472.806517,9513,6,1
1,NewOrder,1764751472.808671,32956,4,1
2,Payment,1764751472.813729,11233,3,1
2,Payment,1764751472.813769,15606,7,1
1,NewOrder,1764751472.813793,15351,13,1
2,Payment,1764751472.813829,11087,2,1
1,NewOrder,1764751472.813873,15425,11,1
1,NewOrder,1764751472.815944,28361,5,1
1,NewOrder,1764751472.816013,23124,8,1
1,NewOrder,1764751472.816032,23096,6,1
1,NewOrder,1764751472.816033,27943,12,1
2,Payment,1764751472.816091,16370,0,1
1,NewOrder,1764751472.816153,23011,10,1
1,NewOrder,1764751472.816454,23961,15,1
2,Payment,1764751472.823097,16082,1,1
1,NewOrder,1764751472.824886,25949,14,1
1,NewOrder,1764751472.824925,25932,2,1
1,NewOrder,1764751472.824964,26539,3,1
2,Payment,1764751472.829154,12303,13,1
2,Payment,1764751472.829162,12176,9,1
2,Payment,1764751472.829304,12047,11,1
1,NewOrder,1764751472.829382,38868,7,1
2,Payment,1764751472.832468,11392,0,1
2,Payment,1764751472.839138,13273,6,1
1,NewOrder,1764751472.839146,24994,8,1
1,NewOrder,1764751472.839170,30551,10,1
1,NewOrder,1764751472.839182,35023,1,1
1,NewOrder,1764751472.840422,27860,15,1
2,Payment,1764751472.841344,15688,9,1
1,NewOrder,1764751472.841357,27017,11,1
1,NewOrder,1764751472.841459,22704,13,1
2,Payment,1764751472.841634,13831,4,1
2,Payment,1764751472.843867,13998,0,1
1,NewOrder,1764751472.843979,24233,12,1
1,NewOrder,1764751472.844311,25562,5,1
1,NewOrder,1764751472.850846,27224,14,1
2,Payment,1764751472.850866,18723,2,1
1,NewOrder,1764751472.851510,22936,3,1
2,Payment,1764751472.852418,17383,6,1
2,Payment,1764751472.855475,19014,4,1
2,Payment,1764751472.857042,14424,9,1
1,NewOrder,1764751472.857873,37375,0,1
2,Payment,1764751472.864155,10838,8,1
1,NewOrder,1764751472.864173,20702,13,1
2,Payment,1764751472.868225,13350,12,1
1,NewOrder,1764751472.868276,49186,7,1
1,NewOrder,1764751472.868288,23623,15,1
4,Delivery,1764751472.868381,33563,11,1
1,NewOrder,1764751472.869595,15267,2,1
2,Payment,1764751472.869728,15440,10,1
1,NewOrder,1764751472.869804,28922,6,1
1,NewOrder,1764751472.869881,32128,5,1
1,NewOrder,1764751472.871473,27158,9,1
3,OrderStatus,1764751472.874213,4761,1,1
4,Delivery,1764751472.874452,42954,3,1
2,Payment,1764751472.874492,10381,4,1
2,Payment,1764751472.874999,13012,8,1
2,Payment,1764751472.878078,17172,14,1
2,Payment,1764751472.878981,16270,1,1
1,NewOrder,1764751472.881581,23429,12,1
2,Payment,1764751472.884872,22360,2,1
3,OrderStatus,1764751472.884881,10384,4,1
2,Payment,1764751472.884882,13634,13,1
1,NewOrder,1764751472.885177,22057,10,1
5,StockLevel,1764751472.888019,10659,8,1
1,NewOrder,1764751472.891919,25483,15,1
2,Payment,1764751472.895256,12037,0,1
5,StockLevel,1764751472.895258,9796,1,1
2,Payment,1764751472.895259,12040,14,1
2,Payment,1764751472.895271,9702,4,1
2,Payment,1764751472.898526,11883,13,1
4,Delivery,1764751472.898639,29400,9,1
1,NewOrder,1764751472.898685,22031,8,1
1,NewOrder,1764751472.898733,29453,6,1
2,Payment,1764751472.901952,11812,11,1
5,StockLevel,1764751472.902016,15357,5,1
2,Payment,1764751472.904980,12671,4,1
2,Payment,1764751472.905019,19698,12,1
1,NewOrder,1764751472.905097,23054,1,1
5,StockLevel,1764751472.907240,10608,2,1
2,Payment,1764751472.907242,10163,10,1
2,Payment,1764751472.907300,10164,0,1
3,OrderStatus,1764751472.907306,10395,14,1
1,NewOrder,1764751472.910416,27692,13,1
1,NewOrder,1764751472.913772,18330,11,1
1,NewOrder,1764751472.917384,22694,5,1
1,NewOrder,1764751472.917410,20811,15,1
2,Payment,1764751472.917412,14829,10,1
2,Payment,1764751472.917413,19669,3,1
1,NewOrder,1764751472.917469,20702,7,1
2,Payment,1764751472.917472,14708,0,1
1,NewOrder,1764751472.917658,29106,4,1
2,Payment,1764751472.917706,14357,14,1
2,Payment,1764751472.917854,14212,2,1
2,Payment,1764751472.920725,11349,8,1
1,NewOrder,1764751472.924725,15361,12,1
1,NewOrder,1764751472.928048,32036,9,1
2,Payment,1764751472.928159,18553,1,1
2,Payment,1764751472.928193,15875,6,1
1,NewOrder,1764751472.932072,28090,14,1
1,NewOrder,1764751472.932074,21437,2,1
1,NewOrder,1764751472.932081,20567,8,1
1,NewOrder,1764751472.932109,19315,11,1
3,OrderStatus,1764751472.932184,5616,0,1
3,OrderStatus,1764751472.932246,7865,10,1
2,Payment,1764751472.937090,12181,3,1
3,OrderStatus,1764751472.937808,13298,0,1
1,NewOrder,1764751472.938114,28020,13,1
1,NewOrder,1764751472.938173,30887,7,1
1,NewOrder,1764751472.938228,25576,15,1
1,NewOrder,1764751472.940085,23450,5,1
2,Payment,1764751472.940093,13408,12,1
1,NewOrder,1764751472.940118,23396,10,1
2,Payment,1764751472.944076,16095,6,1
3,OrderStatus,1764751472.946720,13450,1,1
1,NewOrder,1764751472.946771,22274,4,1
2,Payment,1764751472.949284,16856,3,1
4,Delivery,1764751472.951116,53644,0,1
2,Payment,1764751472.951433,17601,11,1
2,Payment,1764751472.952654,10836,8,1
1,NewOrder,1764751472.953507,18369,12,1
2,Payment,1764751472.953518,12605,2,1
5,StockLevel,1764751472.960099,14427,9,1
2,Payment,1764751472.960172,11813,14,1
2,Payment,1764751472.960177,14508,6,1
2,Payment,1764751472.960179,27590,1,1
2,Payment,1764751472.963499,11085,8,1
2,Payment,1764751472.963521,11016,10,1
1,NewOrder,1764751472.963541,28218,5,1
2,Payment,1764751472.963810,18456,15,1
2,Payment,1764751472.966130,11226,2,1
1,NewOrder,1764751472.966142,25666,13,1
1,NewOrder,1764751472.966147,34363,3,1
4,Delivery,1764751472.969042,44882,11,1
1,NewOrder,1764751472.969052,28261,4,1
1,NewOrder,1764751472.969067,31445,7,1
2,Payment,1764751472.971885,15509,12,1
1,NewOrder,1764751472.971991,25386,14,1
2,Payment,1764751472.974532,17170,9,1
1,NewOrder,1764751472.974544,30731,10,1
2,Payment,1764751472.974591,13059,8,1
1,NewOrder,1764751472.974692,18993,6,1
2,Payment,1764751472.977366,36557,2,1
2,Payment,1764751472.982278,10936,15,1
1,NewOrder,1764751472.987408,17370,12,1
1,NewOrder,1764751472.987669,21003,8,1
2,Payment,1764751472.987774,15050,1,1
2,Payment,1764751472.991716,13119,9,1
1,NewOrder,1764751472.991768,18800,5,1
2,Payment,1764751472.991817,12961,13,1
2,Payment,1764751472.993222,12069,15,1
1,NewOrder,1764751472.993691,20304,6,1
1,NewOrder,1764751472.997322,26892,4,1
3,OrderStatus,1764751472.997381,1194,14,1
2,Payment,1764751472.998592,21067,14,1
4,Delivery,1764751473.000516,42574,3,1
4,Delivery,1764751473.000520,29295,7,1
2,Payment,1764751473.002832,23808,1,1
2,Payment,1764751473.004769,13097,0,1
2,Payment,1764751473.004786,30700,12,1
2,Payment,1764751473.004787,12969,13,1
1,NewOrder,1764751473.004841,30210,9,1
5,StockLevel,1764751473.005281,12584,10,1
1,NewOrder,1764751473.005297,29769,15,1
2,Payment,1764751473.008683,11009,8,1
2,Payment,1764751473.010578,16719,5,1
2,Payment,1764751473.013934,40816,2,1
1,NewOrder,1764751473.013935,29067,11,1
2,Payment,1764751473.014002,12444,6,1
1,NewOrder,1764751473.017767,28089,13,1
1,NewOrder,1764751473.017871,33716,0,1
1,NewOrder,1764751473.017874,30074,10,1
1,NewOrder,1764751473.019666,23289,14,1
2,Payment,1764751473.019699,15380,8,1
2,Payment,1764751473.024223,14804,4,1
3,OrderStatus,1764751473.026458,12556,6,1
2,Payment,1764751473.026647,16496,1,1
1,NewOrder,1764751473.027304,31017,5,1
1,NewOrder,1764751473.029821,24915,7,1
5,StockLevel,1764751473.035059,10567,9,1
1,NewOrder,1764751473.035073,23196,15,1
2,Payment,1764751473.035085,13227,8,1
3,OrderStatus,1764751473.035491,10395,12,1
1,NewOrder,1764751473.039021,31644,6,1
3,OrderStatus,1764751473.039034,8978,4,1
1,NewOrder,1764751473.042966,27741,14,1
2,Payment,1764751473.043009,15615,11,1
2,Payment,1764751473.043096,15707,3,1
5,StockLevel,1764751473.043147,4903,1,1
2,Payment,1764751473.045636,13051,9,1
2,Payment,1764751473.045864,14862,13,1
1,NewOrder,1764751473.045893,27489,12,1
2,Payment,1764751473.047955,25423,10,1
2,Payment,1764751473.048014,12934,4,1
1,NewOrder,1764751473.048051,30993,1,1
1,NewOrder,1764751473.048322,18630,8,1
2,Payment,1764751473.051607,13329,0,1
1,NewOrder,1764751473.054747,29956,7,1
1,NewOrder,1764751473.054759,19664,2,1
1,NewOrder,1764751473.058277,20130,15,1
2,Payment,1764751473.058328,15128,5,1
2,Payment,1764751473.058628,14725,11,1
1,NewOrder,1764751473.058694,25981,9,1
2,Payment,1764751473.058809,14555,3,1
1,NewOrder,1764751473.060733,29296,13,1
2,Payment,1764751473.060955,42459,4,1
1,NewOrder,1764751473.064943,25060,0,1
1,NewOrder,1764751473.066959,30602,8,1
2,Payment,1764751473.070672,14316,6,1
1,NewOrder,1764751473.070716,26871,14,1
3,OrderStatus,1764751473.073363,13342,11,1
2,Payment,1764751473.073372,13369,3,1
1,NewOrder,1764751473.073389,24243,12,1
2,Payment,1764751473.073407,13345,10,1
2,Payment,1764751473.073460,13674,5,1
5,StockLevel,1764751473.074431,12288,2,1
1,NewOrder,1764751473.078416,14789,15,1
1,NewOrder,1764751473.079051,21767,1,1
2,Payment,1764751473.084685,17965,9,1
3,OrderStatus,1764751473.084711,1427,7,1
2,Payment,1764751473.084994,12695,6,1
1,NewOrder,1764751473.086147,24991,7,1
1,NewOrder,1764751473.086712,24543,11,1
2,Payment,1764751473.086725,20284,2,1
2,Payment,1764751473.086750,15854,3,1
1,NewOrder,1764751473.086759,20187,10,1
2,Payment,1764751473.087139,29201,5,1
1,NewOrder,1764751473.090011,35811,0,1
1,NewOrder,1764751473.090036,38419,13,1
1,NewOrder,1764751473.093211,30200,15,1
3,OrderStatus,1764751473.097570,1699,8,1
1,NewOrder,1764751473.097594,41157,14,1
1,NewOrder,1764751473.097634,18176,12,1
5,StockLevel,1764751473.097696,13415,6,1
1,NewOrder,1764751473.099277,32646,8,1
1,NewOrder,1764751473.100825,38255,1,1
2,Payment,1764751473.102611,16440,3,1
1,NewOrder,1764751473.102662,32938,9,1
1,NewOrder,1764751473.103423,28523,4,1
2,Payment,1764751473.106956,18283,10,1
2,Payment,1764751473.107017,15665,2,1
2,Payment,1764751473.111121,14804,6,1
5,StockLevel,1764751473.111146,14681,7,1
2,Payment,1764751473.111263,11430,11,1
2,Payment,1764751473.115824,12009,12,1
2,Payment,1764751473.116350,12136,5,1
4,Delivery,1764751473.119075,43710,3,1
1,NewOrder,1764751473.122690,27928,2,1
1,NewOrder,1764751473.122701,28056,11,1
2,Payment,1764751473.123417,15396,15,1
2,Payment,1764751473.125246,13774,10,1
2,Payment,1764751473.125829,13144,0,1
1,NewOrder,1764751473.125834,19748,7,1
2,Payment,1764751473.125932,18086,6,1
2,Payment,1764751473.127841,15463,12,1
1,NewOrder,1764751473.128462,15826,13,1
1,NewOrder,1764751473.128488,30211,5,1
2,Payment,1764751473.131935,12134,8,1
1,NewOrder,1764751473.131954,22853,4,1
1,NewOrder,1764751473.135611,30369,9,1
5,StockLevel,1764751473.138762,11965,14,1
2,Payment,1764751473.138820,11968,15,1
2,Payment,1764751473.138983,15757,0,1
2,Payment,1764751473.139027,15695,10,1
1,NewOrder,1764751473.139087,19994,1,1
1,NewOrder,1764751473.143312,28856,12,1
1,NewOrder,1764751473.144026,27857,6,1
2,Payment,1764751473.144076,14411,8,1
1,NewOrder,1764751473.144295,27197,13,1
2,Payment,1764751473.145589,12930,7,1
1,NewOrder,1764751473.150631,21084,2,1
4,Delivery,1764751473.150735,22748,14,1
3,OrderStatus,1764751473.150765,1390,11,1
2,Payment,1764751473.150796,9256,15,1
1,NewOrder,1764751473.152162,21599,11,1
2,Payment,1764751473.154729,13920,10,1
2,Payment,1764751473.154747,13896,0,1
2,Payment,1764751473.154814,13882,4,1
3,OrderStatus,1764751473.158495,1432,8,1
3,OrderStatus,1764751473.158526,1338,7,1
2,Payment,1764751473.158706,24985,5,1
3,OrderStatus,1764751473.159088,9562,1,1
2,Payment,1764751473.159870,11669,7,1
2,Payment,1764751473.159934,11720,8,1
4,Delivery,1764751473.160059,15030,15,1
3,OrderStatus,1764751473.162792,1290,3,1
2,Payment,1764751473.164089,9611,3,1
1,NewOrder,1764751473.165988,27261,9,1
1,NewOrder,1764751473.168651,27498,0,1
1,NewOrder,1764751473.168659,30224,10,1
2,Payment,1764751473.168661,12174,1,1
5,StockLevel,1764751473.168703,12132,4,1
1,NewOrder,1764751473.171500,21697,13,1
2,Payment,1764751473.171545,12141,7,1
5,StockLevel,1764751473.171658,17225,8,1
2,Payment,1764751473.171722,37139,2,1
2,Payment,1764751473.171890,27146,6,1
1,NewOrder,1764751473.172174,26923,12,1
1,NewOrder,1764751473.173489,35337,14,1
1,NewOrder,1764751473.173707,22476,3,1
1,NewOrder,1764751473.173767,29309,11,1
1,NewOrder,1764751473.175094,36475,15,1
2,Payment,1764751473.180850,15470,1,1
1,NewOrder,1764751473.180850,34316,4,1
1,NewOrder,1764751473.183695,23317,7,1
1,NewOrder,1764751473.183698,23511,5,1
2,Payment,1764751473.188894,14120,8,1
2,Payment,1764751473.193208,18365,13,1
1,NewOrder,1764751473.193257,21974,9,1
4,Delivery,1764751473.196159,42766,0,1
2,Payment,1764751473.196191,12917,3,1
2,Payment,1764751473.196330,27908,1,1
1,NewOrder,1764751473.198892,30941,10,1
2,Payment,1764751473.199043,14735,6,1
1,NewOrder,1764751473.199107,22280,12,1
2,Payment,1764751473.203023,12151,8,1
1,NewOrder,1764751473.203084,21385,11,1
1,NewOrder,1764751473.207025,41919,7,1
2,Payment,1764751473.207219,13330,5,1
1,NewOrder,1764751473.208833,40048,14,1
3,OrderStatus,1764751473.208868,2686,2,1
4,Delivery,1764751473.209112,38713,3,1
5,StockLevel,1764751473.211562,12815,2,1
1,NewOrder,1764751473.211577,43175,15,1
1,NewOrder,1764751473.211580,37310,13,1
3,OrderStatus,1764751473.213785,10459,6,1
2,Payment,1764751473.215172,32648,4,1
2,Payment,1764751473.215181,14680,8,1
1,NewOrder,1764751473.215237,32716,9,1
4,Delivery,1764751473.220560,53924,5,1
1,NewOrder,1764751473.221395,36856,12,1
2,Payment,1764751473.224246,25584,1,1
2,Payment,1764751473.224267,23660,6,1
1,NewOrder,1764751473.224383,30378,2,1
2,Payment,1764751473.224476,24418,11,1
1,NewOrder,1764751473.229955,24920,10,1
2,Payment,1764751473.230366,18806,8,1
1,NewOrder,1764751473.238943,20134,0,1
1,NewOrder,1764751473.247837,33454,4,1
2,Payment,1764751473.247838,18558,3,1
2,Payment,1764751473.247935,18487,6,1
1,NewOrder,1764751473.247960,21606,9,1
2,Payment,1764751473.248888,12002,14,1
2,Payment,1764751473.248897,17522,13,1
2,Payment,1764751473.248901,17811,11,1
2,Payment,1764751473.248947,29123,7,1
2,Payment,1764751473.249176,14243,8,1
5,StockLevel,1764751473.249838,16643,1,1
2,Payment,1764751473.254764,34835,15,1
2,Payment,1764751473.254770,14904,2,1
2,Payment,1764751473.254879,14682,10,1
1,NewOrder,1764751473.258262,53659,12,1
2,Payment,1764751473.259089,12580,0,1
2,Payment,1764751473.260900,13269,14,1
2,Payment,1764751473.263428,10878,8,1
1,NewOrder,1764751473.266425,45991,3,1
1,NewOrder,1764751473.266429,30218,6,1
2,Payment,1764751473.266429,15536,13,1
2,Payment,1764751473.266488,17220,1,1
1,NewOrder,1764751473.266719,27179,11,1
1,NewOrder,1764751473.269572,26879,10,1
1,NewOrder,1764751473.269575,26702,9,1
1,NewOrder,1764751473.269679,20017,2,1
2,Payment,1764751473.271680,13659,0,1
5,StockLevel,1764751473.274182,15601,14,1
2,Payment,1764751473.274316,15353,8,1
1,NewOrder,1764751473.274490,35792,5,1
2,Payment,1764751473.278080,15807,7,1
2,Payment,1764751473.281303,14968,4,1
2,Payment,1764751473.281974,17288,13,1
2,Payment,1764751473.283717,12570,1,1
1,NewOrder,1764751473.285346,40099,0,1
1,NewOrder,1764751473.289614,22995,15,1
2,Payment,1764751473.289678,16907,8,1
2,Payment,1764751473.289704,35716,2,1
1,NewOrder,1764751473.289789,22300,14,1
2,Payment,1764751473.293900,12778,7,1
1,NewOrder,1764751473.293907,27823,11,1
2,Payment,1764751473.296280,16226,4,1
2,Payment,1764751473.296285,13937,9,1
2,Payment,1764751473.296294,16509,1,1
1,NewOrder,1764751473.296454,25719,10,1
1,NewOrder,1764751473.296657,41115,6,1
1,NewOrder,1764751473.299273,38502,13,1
3,OrderStatus,1764751473.306602,939,8,1
1,NewOrder,1764751473.306691,14762,7,1
2,Payment,1764751473.307547,11120,8,1
2,Payment,1764751473.310230,16895,9,1
2,Payment,1764751473.310285,18353,5,1
1,NewOrder,1764751473.311928,30842,12,1
2,Payment,1764751473.312096,16814,14,1
2,Payment,1764751473.312423,17144,3,1
1,NewOrder,1764751473.312511,30165,4,1
1,NewOrder,1764751473.312615,37742,15,1
2,Payment,1764751473.312810,24971,1,1
2,Payment,1764751473.318680,15060,8,1
1,NewOrder,1764751473.321463,16369,7,1
1,NewOrder,1764751473.321739,41337,11,1
1,NewOrder,1764751473.322180,34962,10,1
1,NewOrder,1764751473.325428,28495,2,1
2,Payment,1764751473.325454,12355,0,1
2,Payment,1764751473.327131,12796,9,1
5,StockLevel,1764751473.328645,17076,5,1
1,NewOrder,1764751473.328914,32919,14,1
3,OrderStatus,1764751473.329575,6778,3,1
2,Payment,1764751473.333753,16607,8,1
1,NewOrder,1764751473.336365,39278,3,1
2,Payment,1764751473.337780,16138,6,1
1,NewOrder,1764751473.337784,35264,13,1
1,NewOrder,1764751473.337789,24079,1,1
1,NewOrder,1764751473.337811,31407,0,1
1,NewOrder,1764751473.337839,24129,7,1
2,Payment,1764751473.339935,14675,9,1
2,Payment,1764751473.342683,14423,4,1
1,NewOrder,1764751473.342772,30134,12,1
1,NewOrder,1764751473.345729,33400,5,1
1,NewOrder,1764751473.350373,29174,15,1
2,Payment,1764751473.350375,14583,8,1
2,Payment,1764751473.353927,15213,6,1
2,Payment,1764751473.353935,15280,2,1
1,NewOrder,1764751473.354616,21629,9,1
5,StockLevel,1764751473.357113,15851,4,1
2,Payment,1764751473.357149,18805,10,1
1,NewOrder,1764751473.361846,18171,14,1
2,Payment,1764751473.361876,34164,1,1
1,NewOrder,1764751473.361971,42416,7,1
1,NewOrder,1764751473.363083,25666,11,1
2,Payment,1764751473.364964,14136,8,1
2,Payment,1764751473.369148,10580,6,1
2,Payment,1764751473.369222,10422,2,1
1,NewOrder,1764751473.369227,33192,0,1
1,NewOrder,1764751473.372917,31516,12,1
1,NewOrder,1764751473.372972,29505,4,1
1,NewOrder,1764751473.373055,35043,13,1
2,Payment,1764751473.375650,19979,3,1
1,NewOrder,1764751473.375960,35488,10,1
2,Payment,1764751473.376269,14219,9,1
1,NewOrder,1764751473.379111,33679,8,1
2,Payment,1764751473.379136,19233,5,1
1,NewOrder,1764751473.379559,30783,15,1
1,NewOrder,1764751473.379654,24728,2,1
2,Payment,1764751473.379734,15515,6,1
3,OrderStatus,1764751473.380024,1053,14,1
1,NewOrder,1764751473.381084,26910,14,1
2,Payment,1764751473.388764,19246,11,1
1,NewOrder,1764751473.390498,19792,9,1
1,NewOrder,1764751473.395264,20902,6,1
2,Payment,1764751473.395637,12366,3,1
2,Payment,1764751473.396051,14364,1,1
1,NewOrder,1764751473.398377,26069,5,1
1,NewOrder,1764751473.402427,22751,0,1
2,Payment,1764751473.402485,10172,4,1
1,NewOrder,1764751473.404389,35143,2,1
1,NewOrder,1764751473.404394,37634,7,1
2,Payment,1764751473.404440,11912,12,1
1,NewOrder,1764751473.408004,18688,14,1
2,Payment,1764751473.408012,16443,3,1
2,Payment,1764751473.408020,13467,11,1
1,NewOrder,1764751473.408102,35290,13,1
2,Payment,1764751473.410300,11366,9,1
1,NewOrder,1764751473.410349,22516,15,1
1,NewOrder,1764751473.410421,22549,1,1
1,NewOrder,1764751473.411455,23794,10,1
4,Delivery,1764751473.412663,22701,4,1
2,Payment,1764751473.412798,13918,8,1
1,NewOrder,1764751473.416178,19240,6,1
2,Payment,1764751473.416359,13767,12,1
2,Payment,1764751473.421499,18119,11,1
4,Delivery,1764751473.421677,27444,9,1
1,NewOrder,1764751473.424454,32910,5,1
1,NewOrder,1764751473.424463,36126,3,1
2,Payment,1764751473.425184,17193,0,1
2,Payment,1764751473.426699,15264,14,1
1,NewOrder,1764751473.426723,33251,8,1
2,Payment,1764751473.430134,12020,12,1
5,StockLevel,1764751473.432872,12727,15,1
1,NewOrder,1764751473.432977,29868,1,1
4,Delivery,1764751473.435256,14386,10,1
4,Delivery,1764751473.435371,24576,4,1
3,OrderStatus,1764751473.435423,10254,6,1
2,Payment,1764751473.439544,15422,2,1
2,Payment,1764751473.439622,11943,11,1
2,Payment,1764751473.441973,14442,14,1
2,Payment,1764751473.442035,14410,7,1
1,NewOrder,1764751473.442161,20627,12,1
1,NewOrder,1764751473.442386,22162,0,1
2,Payment,1764751473.443398,19325,13,1
1,NewOrder,1764751473.445606,36823,15,1
2,Payment,1764751473.445683,22430,6,1
2,Payment,1764751473.449131,28933,9,1
2,Payment,1764751473.449647,13237,10,1
1,NewOrder,1764751473.451576,26516,11,1
2,Payment,1764751473.454977,12802,2,1
5,StockLevel,1764751473.456425,11547,14,1
5,StockLevel,1764751473.456453,16833,7,1
2,Payment,1764751473.457371,16042,5,1
2,Payment,1764751473.459954,35226,4,1
2,Payment,1764751473.459980,7692,8,1
1,NewOrder,1764751473.460595,31979,3,1
4,Delivery,1764751473.462730,52062,13,1
1,NewOrder,1764751473.462793,35688,12,1
1,NewOrder,1764751473.462852,31975,1,1
1,NewOrder,1764751473.462891,38226,10,1
1,NewOrder,1764751473.464555,30621,0,1
2,Payment,1764751473.467682,14600,8,1
2,Payment,1764751473.467787,21079,2,1
2,Payment,1764751473.467978,15049,14,1
2,Payment,1764751473.468117,13764,6,1
2,Payment,1764751473.473296,19373,7,1
2,Payment,1764751473.473416,9281,5,1
2,Payment,1764751473.478077,12873,9,1
2,Payment,1764751473.478102,10847,11,1
2,Payment,1764751473.481891,33074,6,1
5,StockLevel,1764751473.482289,12384,8,1
1,NewOrder,1764751473.482433,36816,15,1
2,Payment,1764751473.482703,36693,5,1
1,NewOrder,1764751473.483033,28906,14,1
2,Payment,1764751473.488881,12451,2,1
1,NewOrder,1764751473.488958,37804,11,1
1,NewOrder,1764751473.490958,28329,9,1
3,OrderStatus,1764751473.492582,4156,3,1
2,Payment,1764751473.492676,40016,7,1
2,Payment,1764751473.494681,20131,8,1
1,NewOrder,1764751473.494830,37787,1,1
2,Payment,1764751473.495180,24072,0,1
1,NewOrder,1764751473.495186,33565,4,1
2,Payment,1764751473.496745,22501,3,1
2,Payment,1764751473.498489,20760,12,1
1,NewOrder,1764751473.501127,27556,10,1
2,Payment,1764751473.501338,18009,2,1
1,NewOrder,1764751473.511960,22077,14,1
2,Payment,1764751473.514803,87904,13,1
2,Payment,1764751473.514820,17734,8,1
2,Payment,1764751473.514975,87742,6,1
2,Payment,1764751473.519261,13177,12,1
2,Payment,1764751473.519261,13406,3,1
1,NewOrder,1764751473.519261,23363,15,1
5,StockLevel,1764751473.519262,13192,0,1
1,NewOrder,1764751473.519290,23367,9,1
2,Payment,1764751473.519350,14701,2,1
1,NewOrder,1764751473.519404,23119,5,1
1,NewOrder,1764751473.526774,81087,11,1
2,Payment,1764751473.528693,14689,10,1
3,OrderStatus,1764751473.528760,8099,4,1
1,NewOrder,1764751473.532445,78764,12,1
1,NewOrder,1764751473.532461,79464,0,1
1,NewOrder,1764751473.532561,78644,8,1
1,NewOrder,1764751473.532620,78635,1,1
2,Payment,1764751473.532671,70024,3,1
1,NewOrder,1764751473.532717,78359,7,1
2,Payment,1764751473.534043,68721,14,1
1,NewOrder,1764751473.534060,77171,2,1
1,NewOrder,1764751473.536866,81819,4,1
1,NewOrder,1764751473.542536,76198,5,1
1,NewOrder,1764751473.542626,80723,15,1
3,OrderStatus,1764751473.542666,65196,9,1
5,StockLevel,1764751473.543391,67793,10,1
1,NewOrder,1764751473.602711,26965,3,1
2,Payment,1764751473.602715,16027,13,1
2,Payment,1764751473.602722,15926,6,1
1,NewOrder,1764751473.602767,20525,14,1
2,Payment,1764751473.607868,11779,9,1
2,Payment,1764751473.607869,11806,11,1
1,NewOrder,1764751473.611082,35099,7,1
2,Payment,1764751473.611187,25764,10,1
2,Payment,1764751473.611206,11927,8,1
2,Payment,1764751473.611215,20841,12,1
2,Payment,1764751473.611232,15715,2,1
1,NewOrder,1764751473.611258,20972,1,1
3,OrderStatus,1764751473.611930,11271,0,1
1,NewOrder,1764751473.618659,23104,6,1
1,NewOrder,1764751473.618692,27436,4,1
2,Payment,1764751473.618737,14027,5,1
1,NewOrder,1764751473.618748,27373,13,1
1,NewOrder,1764751473.619653,29061,9,1
1,NewOrder,1764751473.619681,26566,11,1
1,NewOrder,1764751473.623143,29052,8,1
5,StockLevel,1764751473.623207,13816,0,1
1,NewOrder,1764751473.623297,22799,14,1
2,Payment,1764751473.623355,18379,15,1
1,NewOrder,1764751473.626954,21726,2,1
1,NewOrder,1764751473.629682,18937,3,1
2,Payment,1764751473.632063,14365,12,1
5,StockLevel,1764751473.632235,13986,1,1
1,NewOrder,1764751473.632770,29279,5,1
3,OrderStatus,1764751473.636959,11572,10,1
1,NewOrder,1764751473.637030,21465,0,1
2,Payment,1764751473.641744,13708,15,1
2,Payment,1764751473.641769,13671,6,1
1,NewOrder,1764751473.646105,39562,14,1
2,Payment,1764751473.646127,12397,13,1
2,Payment,1764751473.646134,12348,4,1
2,Payment,1764751473.646187,27254,7,1
1,NewOrder,1764751473.646226,27207,1,1
1,NewOrder,1764751473.646249,29495,11,1
1,NewOrder,1764751473.646434,15914,12,1
1,NewOrder,1764751473.648537,24597,10,1
2,Payment,1764751473.648625,11007,3,1
1,NewOrder,1764751473.648683,24495,2,1
2,Payment,1764751473.648720,13561,9,1
4,Delivery,1764751473.652201,41906,8,1
1,NewOrder,1764751473.655447,20125,6,1
2,Payment,1764751473.655458,9157,15,1
2,Payment,1764751473.658489,14759,4,1
2,Payment,1764751473.658502,17195,0,1
1,NewOrder,1764751473.658526,25166,13,1
1,NewOrder,1764751473.659638,27379,3,1
2,Payment,1764751473.662056,39257,5,1
2,Payment,1764751473.662285,13338,9,1
2,Payment,1764751473.662356,13159,12,1
2,Payment,1764751473.664624,11310,15,1
1,NewOrder,1764751473.673146,28115,10,1
2,Payment,1764751473.673186,12244,2,1
2,Payment,1764751473.673272,12181,4,1
1,NewOrder,1764751473.673440,20707,1,1
1,NewOrder,1764751473.673446,27694,7,1
2,Payment,1764751473.675522,11551,12,1
2,Payment,1764751473.675578,11419,6,1
1,NewOrder,1764751473.675629,29765,9,1
1,NewOrder,1764751473.675704,30392,0,1
2,Payment,1764751473.675747,11232,11,1
2,Payment,1764751473.675942,17240,15,1
2,Payment,1764751473.683704,17580,13,1
1,NewOrder,1764751473.685439,28431,2,1
2,Payment,1764751473.685461,28239,4,1
2,Payment,1764751473.685674,30926,14,1
5,StockLevel,1764751473.686986,14905,11,1
1,NewOrder,1764751473.687004,27012,6,1
4,Delivery,1764751473.687023,45472,3,1
1,NewOrder,1764751473.687079,26866,12,1
2,Payment,1764751473.693190,13230,15,1
1,NewOrder,1764751473.694114,34431,8,1
2,Payment,1764751473.694154,12035,1,1
2,Payment,1764751473.701151,12672,7,1
2,Payment,1764751473.701270,12473,10,1
1,NewOrder,1764751473.701291,21471,13,1
2,Payment,1764751473.701316,27252,5,1
1,NewOrder,1764751473.701915,28729,11,1
2,Payment,1764751473.705404,25302,9,1
1,NewOrder,1764751473.706105,27363,0,1
2,Payment,1764751473.706197,13844,1,1
2,Payment,1764751473.706426,24235,15,1
2,Payment,1764751473.713714,31400,4,1
1,NewOrder,1764751473.713754,18919,10,1
2,Payment,1764751473.713829,18763,7,1
5,StockLevel,1764751473.713872,14668,2,1
2,Payment,1764751473.713951,16318,12,1
1,NewOrder,1764751473.714020,28969,6,1
2,Payment,1764751473.716608,28522,14,1
1,NewOrder,1764751473.720048,25132,1,1
1,NewOrder,1764751473.722769,35269,13,1
2,Payment,1764751473.728552,10197,2,1
2,Payment,1764751473.728553,14291,8,1
4,Delivery,1764751473.728575,41756,5,1
1,NewOrder,1764751473.730275,20183,12,1
2,Payment,1764751473.730650,14582,11,1
1,NewOrder,1764751473.730668,20252,15,1
1,NewOrder,1764751473.730709,36312,9,1
4,Delivery,1764751473.732502,40589,3,1
2,Payment,1764751473.732598,12598,7,1
1,NewOrder,1764751473.732679,22945,10,1
2,Payment,1764751473.733474,11661,0,1
2,Payment,1764751473.738761,16879,2,1
2,Payment,1764751473.742855,15138,8,1
1,NewOrder,1764751473.742995,27089,6,1
1,NewOrder,1764751473.745122,25221,4,1
2,Payment,1764751473.745138,16448,14,1
1,NewOrder,1764751473.745142,32893,0,1
1,NewOrder,1764751473.745187,36111,1,1
1,NewOrder,1764751473.745202,19620,7,1
1,NewOrder,1764751473.745239,30735,11,1
2,Payment,1764751473.750469,11141,12,1
1,NewOrder,1764751473.750927,27129,15,1
2,Payment,1764751473.755633,14660,10,1
1,NewOrder,1764751473.755647,28193,2,1
3,OrderStatus,1764751473.758003,1581,8,1
1,NewOrder,1764751473.758045,27474,13,1
2,Payment,1764751473.759591,13709,8,1
2,Payment,1764751473.761592,14421,14,1
3,OrderStatus,1764751473.761617,1922,12,1
2,Payment,1764751473.763546,12537,12,1
1,NewOrder,1764751473.764830,32681,7,1
1,NewOrder,1764751473.767029,31291,9,1
2,Payment,1764751473.770094,13624,6,1
2,Payment,1764751473.770298,13415,10,1
1,NewOrder,1764751473.770339,37668,5,1
2,Payment,1764751473.770348,13327,4,1
2,Payment,1764751473.773103,12343,3,1
1,NewOrder,1764751473.773305,24299,8,1
1,NewOrder,1764751473.775984,21909,11,1
1,NewOrder,1764751473.776021,28255,14,1
2,Payment,1764751473.776092,13738,12,1
2,Payment,1764751473.778042,12203,0,1
2,Payment,1764751473.778062,12352,15,1
2,Payment,1764751473.781306,11005,1,1
3,OrderStatus,1764751473.783683,1939,4,1
2,Payment,1764751473.783720,14231,10,1
2,Payment,1764751473.783726,13783,6,1
2,Payment,1764751473.783846,24140,2,1
5,StockLevel,1764751473.785453,12410,3,1
2,Payment,1764751473.785525,16399,13,1
1,NewOrder,1764751473.785630,33143,4,1
1,NewOrder,1764751473.789843,24121,12,1
1,NewOrder,1764751473.790253,28504,0,1
1,NewOrder,1764751473.790425,43020,15,1
1,NewOrder,1764751473.792320,37415,1,1
1,NewOrder,1764751473.797523,32115,7,1
3,OrderStatus,1764751473.797523,12725,6,1
5,StockLevel,1764751473.797611,12645,8,1
2,Payment,1764751473.797869,16174,3,1
1,NewOrder,1764751473.797900,96861,11,1
2,Payment,1764751473.797953,15876,10,1
1,NewOrder,1764751473.798327,42022,9,1
2,Payment,1764751473.801963,14514,13,1
1,NewOrder,1764751473.804288,90540,14,1
1,NewOrder,1764751473.807998,25591,2,1
1,NewOrder,1764751473.808016,32121,5,1
5,StockLevel,1764751473.810258,13619,6,1
2,Payment,1764751473.810263,13750,8,1
3,OrderStatus,1764751473.813839,12266,10,1
1,NewOrder,1764751473.813972,84535,12,1
2,Payment,1764751473.814050,19478,3,1
2,Payment,1764751473.816486,16943,13,1
2,Payment,1764751473.818766,14656,0,1
1,NewOrder,1764751473.818780,87226,4,1
1,NewOrder,1764751473.823891,82187,6,1
5,StockLevel,1764751473.824020,9415,8,1
2,Payment,1764751473.826113,68678,10,1
2,Payment,1764751473.829649,65112,7,1
2,Payment,1764751473.829743,65057,1,1
2,Payment,1764751473.833432,72956,0,1
1,NewOrder,1764751473.833436,72582,13,1
5,StockLevel,1764751473.833442,68474,8,1
1,NewOrder,1764751473.833452,72609,15,1
1,NewOrder,1764751473.833535,72631,3,1
1,NewOrder,1764751473.833592,72735,2,1
1,NewOrder,1764751473.840149,69354,5,1
2,Payment,1764751473.840359,66504,9,1
2,Payment,1764751473.894778,12035,7,1
1,NewOrder,1764751473.894778,22029,11,1
1,NewOrder,1764751473.894796,25097,10,1
1,NewOrder,1764751473.894806,25238,1,1
1,NewOrder,1764751473.894834,19390,14,1
2,Payment,1764751473.898512,10689,12,1
4,Delivery,1764751473.901922,31434,8,1
1,NewOrder,1764751473.906012,18304,4,1
1,NewOrder,1764751473.906025,23857,13,1
3,OrderStatus,1764751473.906067,1124,15,1
2,Payment,1764751473.906081,13790,6,1
1,NewOrder,1764751473.906172,27186,3,1
2,Payment,1764751473.906333,14026,2,1
2,Payment,1764751473.906394,13774,0,1
4,Delivery,1764751473.906819,35747,7,1
2,Payment,1764751473.906869,13002,9,1
1,NewOrder,1764751473.907196,28967,15,1
1,NewOrder,1764751473.909209,27104,12,1
2,Payment,1764751473.909510,10427,5,1
2,Payment,1764751473.914233,15705,14,1
4,Delivery,1764751473.916816,31085,11,1
1,NewOrder,1764751473.919881,16446,6,1
1,NewOrder,1764751473.919881,16266,9,1
4,Delivery,1764751473.919900,35588,10,1
2,Payment,1764751473.919940,13445,5,1
1,NewOrder,1764751473.920051,25809,1,1
1,NewOrder,1764751473.920170,19005,0,1
1,NewOrder,1764751473.920365,18699,2,1
2,Payment,1764751473.924324,21435,4,1
2,Payment,1764751473.929889,12683,13,1
2,Payment,1764751473.929945,12677,14,1
2,Payment,1764751473.933362,12317,8,1
1,NewOrder,1764751473.933364,25912,3,1
1,NewOrder,1764751473.933393,27921,5,1
1,NewOrder,1764751473.936153,23617,9,1
2,Payment,1764751473.936169,18531,15,1
1,NewOrder,1764751473.936317,24985,12,1
2,Payment,1764751473.936334,12220,6,1
1,NewOrder,1764751473.939076,22211,2,1
2,Payment,1764751473.939184,12231,0,1
1,NewOrder,1764751473.942577,28277,7,1
2,Payment,1764751473.942579,12789,13,1
5,StockLevel,1764751473.942629,12253,14,1
1,NewOrder,1764751473.945687,33759,8,1
1,NewOrder,1764751473.945769,25111,4,1
4,Delivery,1764751473.945866,30219,1,1
2,Payment,1764751473.947910,13360,11,1
1,NewOrder,1764751473.948561,31140,6,1
2,Payment,1764751473.951425,9835,0,1
2,Payment,1764751473.954709,14099,15,1
1,NewOrder,1764751473.954889,20968,14,1
3,OrderStatus,1764751473.955375,10460,13,1
2,Payment,1764751473.955496,13343,10,1
1,NewOrder,1764751473.959283,36639,3,1
2,Payment,1764751473.959778,34588,9,1
2,Payment,1764751473.961267,14588,0,1
1,NewOrder,1764751473.961277,32998,11,1
2,Payment,1764751473.961293,14523,2,1
1,NewOrder,1764751473.961308,28532,12,1
1,NewOrder,1764751473.961315,20688,5,1
2,Payment,1764751473.965842,13717,13,1
2,Payment,1764751473.968817,10807,15,1
2,Payment,1764751473.968847,11255,10,1
1,NewOrder,1764751473.970862,28996,7,1
1,NewOrder,1764751473.970888,26408,4,1
1,NewOrder,1764751473.975828,24133,2,1
2,Payment,1764751473.975865,32680,14,1
1,NewOrder,1764751473.975889,18437,0,1
1,NewOrder,1764751473.976091,28023,1,1
2,Payment,1764751473.979455,14961,8,1
1,NewOrder,1764751473.979567,20256,13,1
2,Payment,1764751473.979628,14792,15,1
2,Payment,1764751473.979703,15337,6,1
1,NewOrder,1764751473.980112,19804,10,1
1,NewOrder,1764751473.982012,26566,5,1
1,NewOrder,1764751473.989860,24181,12,1
2,Payment,1764751473.994284,14492,11,1
2,Payment,1764751473.994338,14238,0,1
2,Payment,1764751473.994372,14229,9,1
1,NewOrder,1764751473.994423,18021,8,1
2,Payment,1764751473.994425,49209,15,1
2,Payment,1764751473.995047,13590,6,1
2,Payment,1764751473.995929,12763,3,1
2,Payment,1764751473.997304,15228,4,1
2,Payment,1764751473.999833,13172,13,1
1,NewOrder,1764751473.999865,43750,7,1
2,Payment,1764751473.999922,64005,10,1
1,NewOrder,1764751473.999975,21690,2,1
2,Payment,1764751474.004125,13131,1,1
2,Payment,1764751474.008553,13701,14,1
1,NewOrder,1764751474.008584,35046,0,1
1,NewOrder,1764751474.008585,49409,5,1
2,Payment,1764751474.008611,30106,9,1
2,Payment,1764751474.008643,10703,6,1
1,NewOrder,1764751474.008698,49181,3,1
3,OrderStatus,1764751474.008781,3776,11,1
2,Payment,1764751474.012460,31165,8,1
1,NewOrder,1764751474.012541,45459,4,1
1,NewOrder,1764751474.012564,45273,11,1
2,Payment,1764751474.013012,12520,13,1
2,Payment,1764751474.014081,71210,12,1
4,Delivery,1764751474.017265,40682,1,1
1,NewOrder,1764751474.019354,38743,6,1
1,NewOrder,1764751474.021676,46832,2,1
1,NewOrder,1764751474.022262,35838,14,1
2,Payment,1764751474.025539,32464,13,1
2,Payment,1764751474.038732,46638,9,1
1,NewOrder,1764751474.043627,24905,7,1
2,Payment,1764751474.043634,24866,8,1
1,NewOrder,1764751474.043638,41668,0,1
5,StockLevel,1764751474.043640,24863,15,1
2,Payment,1764751474.057849,20872,11,1
2,Payment,1764751474.057887,20837,3,1
2,Payment,1764751474.057950,20799,1,1
3,OrderStatus,1764751474.058007,1594,4,1
1,NewOrder,1764751474.058008,36765,13,1
2,Payment,1764751474.058013,20702,5,1
1,NewOrder,1764751474.058102,36685,14,1
2,Payment,1764751474.058103,20599,6,1
1,NewOrder,1764751474.059610,35088,4,1
2,Payment,1764751474.063939,43092,10,1
2,Payment,1764751474.068508,26321,8,1
2,Payment,1764751474.068511,26216,15,1
2,Payment,1764751474.068514,31306,2,1
3,OrderStatus,1764751474.068538,1231,7,1
1,NewOrder,1764751474.069775,37308,7,1
3,OrderStatus,1764751474.078712,16020,6,1
1,NewOrder,1764751474.078723,28177,5,1
1,NewOrder,1764751474.078728,28120,11,1
2,Payment,1764751474.078730,21090,3,1
3,OrderStatus,1764751474.078758,5568,1,1
1,NewOrder,1764751474.084335,37275,1,1
2,Payment,1764751474.085298,21522,12,1
1,NewOrder,1764751474.085314,22206,0,1
5,StockLevel,1764751474.085377,21393,9,1
2,Payment,1764751474.094712,12290,4,1
1,NewOrder,1764751474.094736,21741,15,1
2,Payment,1764751474.094738,12263,6,1
2,Payment,1764751474.094778,41836,13,1
2,Payment,1764751474.094790,18791,14,1
5,StockLevel,1764751474.094835,1931,8,1
1,NewOrder,1764751474.096773,26440,8,1
3,OrderStatus,1764751474.099827,14469,2,1
2,Payment,1764751474.099828,14504,3,1
2,Payment,1764751474.106784,14083,9,1
2,Payment,1764751474.106828,14738,12,1
1,NewOrder,1764751474.106855,37599,11,1
1,NewOrder,1764751474.106904,23638,5,1
3,OrderStatus,1764751474.107005,9473,6,1
2,Payment,1764751474.107007,13798,4,1
4,Delivery,1764751474.107033,37464,10,1
2,Payment,1764751474.107089,13659,7,1
1,NewOrder,1764751474.107529,21826,0,1
1,NewOrder,1764751474.113592,24256,14,1
1,NewOrder,1764751474.114305,27417,2,1
2,Payment,1764751474.114339,12283,3,1
2,Payment,1764751474.116484,12764,15,1
1,NewOrder,1764751474.116486,28048,6,1
2,Payment,1764751474.120755,15934,7,1
1,NewOrder,1764751474.120811,17110,4,1
2,Payment,1764751474.120869,20910,9,1
1,NewOrder,1764751474.121572,23013,12,1
5,StockLevel,1764751474.121616,15037,1,1
1,NewOrder,1764751474.123220,21223,8,1
1,NewOrder,1764751474.126634,36638,3,1
5,StockLevel,1764751474.129257,12378,15,1
1,NewOrder,1764751474.129363,31254,0,1
2,Payment,1764751474.130548,13930,5,1
1,NewOrder,1764751474.136627,34390,13,1
1,NewOrder,1764751474.136660,34379,1,1
2,Payment,1764751474.136708,11108,7,1
1,NewOrder,1764751474.137855,24394,14,1
2,Payment,1764751474.137924,25306,4,1
2,Payment,1764751474.141644,15506,15,1
2,Payment,1764751474.141729,14997,2,1
2,Payment,1764751474.141785,14953,9,1
5,StockLevel,1764751474.144450,16684,8,1
1,NewOrder,1764751474.144461,46906,11,1
3,OrderStatus,1764751474.144485,12215,5,1
2,Payment,1764751474.144500,459192,10,1
2,Payment,1764751474.144541,18765,6,1
1,NewOrder,1764751474.144588,39633,12,1
5,StockLevel,1764751474.147825,15184,7,1
4,Delivery,1764751474.156714,47830,5,1
1,NewOrder,1764751474.156735,34546,2,1
2,Payment,1764751474.156744,34356,9,1
1,NewOrder,1764751474.157157,34361,15,1
2,Payment,1764751474.160624,30528,0,1
2,Payment,1764751474.161142,30010,8,1
2,Payment,1764751474.162255,29029,14,1
1,NewOrder,1764751474.163016,28487,7,1
2,Payment,1764751474.163236,21052,4,1
1,NewOrder,1764751474.163273,27852,3,1
1,NewOrder,1764751474.163311,11438,6,1
1,NewOrder,1764751474.171030,33831,13,1
1,NewOrder,1764751474.171051,37011,1,1
2,Payment,1764751474.174755,16500,6,1
3,OrderStatus,1764751474.184235,1270,12,1
1,NewOrder,1764751474.184299,25983,4,1
1,NewOrder,1764751474.185513,28018,12,1
2,Payment,1764751474.191114,17039,9,1
1,NewOrder,1764751474.191134,21857,3,1
2,Payment,1764751474.191159,19438,0,1
1,NewOrder,1764751474.191162,471774,8,1
1,NewOrder,1764751474.191261,23424,6,1
1,NewOrder,1764751474.191289,470134,2,1
2,Payment,1764751474.191289,16678,14,1
2,Payment,1764751474.191370,16692,11,1
1,NewOrder,1764751474.191510,469913,7,1
1,NewOrder,1764751474.191522,470109,15,1
1,NewOrder,1764751474.204562,457213,5,1
1,NewOrder,1764751474.204871,457774,13,1
1,NewOrder,1764751474.207993,454924,14,1
2,Payment,1764751474.208072,453323,11,1
1,NewOrder,1764751474.208082,453587,1,1
2,Payment,1764751474.208160,461578,9,1
2,Payment,1764751474.210289,452465,4,1
3,OrderStatus,1764751474.210606,60797,0,1
2,Payment,1764751474.213000,449877,3,1
1,NewOrder,1764751474.213538,448940,12,1
5,StockLevel,1764751474.214695,458840,6,1
1,NewOrder,1764751474.271421,395004,0,1
4,Delivery,1764751474.603709,65927,10,1
2,Payment,1764751474.661413,15713,11,1
2,Payment,1764751474.661433,17312,7,1
4,Delivery,1764751474.661433,103472,2,1
1,NewOrder,1764751474.661644,87375,15,1
2,Payment,1764751474.661674,17058,1,1
4,Delivery,1764751474.661776,99779,5,1
2,Payment,1764751474.662485,16470,12,1
2,Payment,1764751474.662651,86507,13,1
2,Payment,1764751474.662759,26867,4,1
1,NewOrder,1764751474.662880,86243,3,1
1,NewOrder,1764751474.662919,86109,14,1
1,NewOrder,1764751474.662938,86316,8,1
2,Payment,1764751474.666433,23253,0,1
1,NewOrder,1764751474.669642,79596,10,1
2,Payment,1764751474.669743,20119,9,1
1,NewOrder,1764751474.673544,88026,6,1
1,NewOrder,1764751474.677139,87766,11,1
4,Delivery,1764751474.678742,87110,1,1
1,NewOrder,1764751474.678751,88495,7,1
2,Payment,1764751474.678960,88449,12,1
1,NewOrder,1764751474.689641,77503,4,1
1,NewOrder,1764751474.689693,77429,0,1
4,Delivery,1764751474.689865,77276,9,1
2,Payment,1764751474.749042,42344,15,1
2,Payment,1764751474.749043,18223,14,1
2,Payment,1764751474.749128,29353,3,1
1,NewOrder,1764751474.749164,29320,13,1
1,NewOrder,1764751474.749243,34279,10,1
3,OrderStatus,1764751474.749292,18102,8,1
1,NewOrder,1764751474.761566,29787,5,1
4,Delivery,1764751474.761577,29853,6,1
4,Delivery,1764751474.764911,114129,11,1
2,Payment,1764751474.764912,25336,2,1
2,Payment,1764751474.765858,115219,1,1
1,NewOrder,1764751474.767128,24295,0,1
2,Payment,1764751474.767147,24481,9,1
2,Payment,1764751474.767149,24641,4,1
5,StockLevel,1764751474.767249,24309,7,1
2,Payment,1764751474.767268,113864,14,1
1,NewOrder,1764751474.767400,112120,8,1
5,StockLevel,1764751474.767417,24208,12,1
2,Payment,1764751474.778496,16689,3,1
1,NewOrder,1764751474.778496,102403,13,1
2,Payment,1764751474.783531,95510,10,1
1,NewOrder,1764751474.790261,303441,2,1
2,Payment,1764751474.791363,91036,5,1
1,NewOrder,1764751474.791393,301369,15,1
1,NewOrder,1764751474.791428,301268,0,1
2,Payment,1764751474.791432,87618,6,1
1,NewOrder,1764751474.791563,301339,7,1
2,Payment,1764751474.791628,87430,12,1
4,Delivery,1764751474.791631,301366,9,1
1,NewOrder,1764751474.791797,300897,4,1
3,OrderStatus,1764751474.795192,2943,3,1
1,NewOrder,1764751474.798147,294826,3,1
2,Payment,1764751474.879059,285156,6,1
2,Payment,1764751474.879059,285152,11,1
2,Payment,1764751474.879060,285156,10,1
1,NewOrder,1764751474.879064,285334,12,1
2,Payment,1764751474.879525,284694,8,1
2,Payment,1764751474.880904,283330,13,1
1,NewOrder,1764751474.881082,285138,1,1
4,Delivery,1764751474.881137,283230,14,1
3,OrderStatus,1764751474.882404,140202,5,1
2,Payment,1764751475.022622,152089,5,1
2,Payment,1764751475.092711,92948,0,1
1,NewOrder,1764751475.092711,164173,4,1
1,NewOrder,1764751475.092765,96130,15,1
3,OrderStatus,1764751475.092908,92777,7,1
1,NewOrder,1764751475.092978,92708,3,1
1,NewOrder,1764751475.093001,102000,9,1
1,NewOrder,1764751475.093708,92666,2,1
1,NewOrder,1764751475.164228,30541,8,1
5,StockLevel,1764751475.164228,25575,11,1
5,StockLevel,1764751475.164228,25207,10,1
2,Payment,1764751475.164228,21924,6,1
5,StockLevel,1764751475.164240,26700,13,1
3,OrderStatus,1764751475.164373,802,14,1
2,Payment,1764751475.164402,21695,12,1
2,Payment,1764751475.165181,24296,14,1
1,NewOrder,1764751475.166226,28474,1,1
1,NewOrder,1764751475.174726,82130,5,1
2,Payment,1764751475.185675,74156,0,1
1,NewOrder,1764751475.185694,74051,3,1
1,NewOrder,1764751475.185695,74094,7,1
3,OrderStatus,1764751475.186101,70754,12,1
2,Payment,1764751475.186158,70698,6,1
5,StockLevel,1764751475.186379,70521,2,1
1,NewOrder,1764751475.188902,71348,15,1
1,NewOrder,1764751475.189450,77214,10,1
1,NewOrder,1764751475.189484,70316,14,1
1,NewOrder,1764751475.189810,76849,11,1
1,NewOrder,1764751475.190946,68962,13,1
5,StockLevel,1764751475.194713,65104,1,1
1,NewOrder,1764751475.194780,65364,8,1
1,NewOrder,1764751475.195007,73710,9,1
2,Payment,1764751475.256873,22224,5,1
1,NewOrder,1764751475.256873,144151,12,1
1,NewOrder,1764751475.256873,144341,6,1
1,NewOrder,1764751475.256890,147079,4,1
2,Payment,1764751475.256903,22195,2,1
1,NewOrder,1764751475.259754,144387,3,1
1,NewOrder,1764751475.259795,144502,7,1
1,NewOrder,1764751475.259805,144066,14,1
2,Payment,1764751475.259823,160642,1,1
2,Payment,1764751475.259833,141160,0,1
1,NewOrder,1764751475.259914,144061,13,1
5,StockLevel,1764751475.260149,140840,8,1
2,Payment,1764751475.260264,140725,15,1
1,NewOrder,1764751475.266670,153728,11,1
2,Payment,1764751475.266671,137307,10,1
4,Delivery,1764751475.268725,147331,9,1
1,NewOrder,1764751475.279115,141284,2,1
1,NewOrder,1764751475.279115,148758,5,1
1,NewOrder,1764751475.401006,35024,0,1
2,Payment,1764751475.401006,26736,15,1
2,Payment,1764751475.401007,26730,8,1
2,Payment,1764751475.401030,26706,12,1
4,Delivery,1764751475.401220,26744,6,1
1,NewOrder,1764751475.403878,51829,14,1
4,Delivery,1764751475.403974,31763,4,1
1,NewOrder,1764751475.403978,72866,13,1
1,NewOrder,1764751475.403984,44331,10,1
2,Payment,1764751475.404147,23817,3,1
1,NewOrder,1764751475.404302,31496,7,1
1,NewOrder,1764751475.416071,32243,9,1
1,NewOrder,1764751475.420411,56533,2,1
1,NewOrder,1764751475.420411,35357,11,1
2,Payment,1764751475.420471,28425,1,1
5,StockLevel,1764751475.427751,20625,15,1
1,NewOrder,1764751475.427751,27959,8,1
1,NewOrder,1764751475.427751,28019,12,1
1,NewOrder,1764751475.427876,27822,5,1
2,Payment,1764751475.427968,24003,6,1
1,NewOrder,1764751475.427970,48874,3,1
2,Payment,1764751475.435750,20136,4,1
2,Payment,1764751475.435805,46221,7,1
1,NewOrder,1764751475.436036,40808,0,1
1,NewOrder,1764751475.448330,44055,9,1
1,NewOrder,1764751475.448330,42444,10,1
2,Payment,1764751475.448382,28517,15,1
1,NewOrder,1764751475.448902,47313,1,1
1,NewOrder,1764751475.451981,36988,6,1
2,Payment,1764751475.455707,35119,5,1
1,NewOrder,1764751475.455713,54055,14,1
1,NewOrder,1764751475.455715,35003,8,1
1,NewOrder,1764751475.455775,33213,12,1
1,NewOrder,1764751475.455776,36583,11,1
1,NewOrder,1764751475.455890,34660,4,1
1,NewOrder,1764751475.476860,36541,0,1
1,NewOrder,1764751475.476860,32939,3,1
1,NewOrder,1764751475.476862,21905,13,1
1,NewOrder,1764751475.476901,21355,15,1
1,NewOrder,1764751475.476951,32929,2,1
2,Payment,1764751475.482040,14212,7,1
1,NewOrder,1764751475.488984,30294,6,1
2,Payment,1764751475.488996,24413,12,1
1,NewOrder,1764751475.490556,28891,4,1
1,NewOrder,1764751475.490724,4376,8,1
1,NewOrder,1764751475.490779,28597,10,1
2,Payment,1764751475.490831,22981,5,1
2,Payment,1764751475.492366,21654,11,1
2,Payment,1764751475.492390,25067,9,1
1,NewOrder,1764751475.495105,30686,8,1
2,Payment,1764751475.496225,23061,1,1
3,OrderStatus,1764751475.496280,1319,7,1
1,NewOrder,1764751475.497606,28362,7,1
2,Payment,1764751475.498262,21027,15,1
1,NewOrder,1764751475.498775,38407,13,1
2,Payment,1764751475.509784,23552,14,1
2,Payment,1764751475.509809,16030,3,1
2,Payment,1764751475.509885,22842,2,1
1,NewOrder,1764751475.513411,23427,0,1
2,Payment,1764751475.513415,16191,12,1
2,Payment,1764751475.513818,16164,5,1
2,Payment,1764751475.514024,15441,11,1
1,NewOrder,1764751475.517466,35231,9,1
2,Payment,1764751475.519287,13491,6,1
1,NewOrder,1764751475.519293,28987,1,1
2,Payment,1764751475.519296,36297,15,1
3,OrderStatus,1764751475.519378,1776,10,1
4,Delivery,1764751475.519450,36012,4,1
1,NewOrder,1764751475.521162,31605,10,1
3,OrderStatus,1764751475.525805,923,8,1
2,Payment,1764751475.525846,21922,3,1
1,NewOrder,1764751475.525973,45004,7,1
2,Payment,1764751475.526733,21491,8,1
1,NewOrder,1764751475.529472,41401,11,1
2,Payment,1764751475.529612,23079,12,1
1,NewOrder,1764751475.529987,25534,5,1
1,NewOrder,1764751475.532734,26380,2,1
2,Payment,1764751475.532780,19939,6,1
1,NewOrder,1764751475.533342,25614,14,1
2,Payment,1764751475.536847,18829,0,1
1,NewOrder,1764751475.537189,40208,13,1
2,Payment,1764751475.547784,11250,3,1
2,Payment,1764751475.548237,11362,8,1
1,NewOrder,1764751475.548288,29077,1,1
1,NewOrder,1764751475.552703,24768,12,1
1,NewOrder,1764751475.552704,29621,9,1
1,NewOrder,1764751475.552724,24717,6,1
4,Delivery,1764751475.552773,34170,10,1
2,Payment,1764751475.555468,18045,4,1
1,NewOrder,1764751475.555523,36970,5,1
2,Payment,1764751475.555607,18044,15,1
1,NewOrder,1764751475.555679,26712,0,1
2,Payment,1764751475.558969,33487,14,1
2,Payment,1764751475.559042,18288,3,1
1,NewOrder,1764751475.559120,25433,2,1
1,NewOrder,1764751475.559604,22899,8,1
1,NewOrder,1764751475.570915,21567,11,1
1,NewOrder,1764751475.570984,29445,7,1
1,NewOrder,1764751475.573521,27223,4,1
1,NewOrder,1764751475.573654,26728,15,1
2,Payment,1764751475.577340,21200,3,1
2,Payment,1764751475.577372,21374,1,1
2,Payment,1764751475.577398,21154,13,1
2,Payment,1764751475.577452,21089,6,1
1,NewOrder,1764751475.577472,23007,12,1
2,Payment,1764751475.582339,17970,9,1
2,Payment,1764751475.582398,18457,0,1
1,NewOrder,1764751475.582512,22170,8,1
2,Payment,1764751475.584562,29866,2,1
1,NewOrder,1764751475.586950,102388,10,1
1,NewOrder,1764751475.592463,21965,14,1
2,Payment,1764751475.592491,12287,11,1
1,NewOrder,1764751475.592499,22006,5,1
1,NewOrder,1764751475.598549,90819,3,1
2,Payment,1764751475.598550,16300,6,1
1,NewOrder,1764751475.598558,90850,13,1
2,Payment,1764751475.598751,127759,1,1
2,Payment,1764751475.600316,15968,9,1
1,NewOrder,1764751475.600388,89325,15,1
1,NewOrder,1764751475.600435,89089,7,1
2,Payment,1764751475.600482,14174,12,1
2,Payment,1764751475.600749,76151,4,1
1,NewOrder,1764751475.600858,76067,0,1
1,NewOrder,1764751475.604695,84633,8,1
1,NewOrder,1764751475.604786,84782,11,1
2,Payment,1764751475.614445,75241,14,1
2,Payment,1764751475.614445,74900,2,1
1,NewOrder,1764751475.614511,110458,5,1
2,Payment,1764751475.614658,75123,12,1
2,Payment,1764751475.614857,74808,6,1
3,OrderStatus,1764751475.616291,1590,9,1
1,NewOrder,1764751475.617888,73605,9,1
2,Payment,1764751475.676916,27789,4,1
1,NewOrder,1764751475.676935,27784,0,1
1,NewOrder,1764751475.689336,51386,8,1
1,NewOrder,1764751475.689344,39588,10,1
3,OrderStatus,1764751475.689351,11374,2,1
2,Payment,1764751475.689374,35474,3,1
1,NewOrder,1764751475.689410,40011,13,1
1,NewOrder,1764751475.689529,39903,7,1
2,Payment,1764751475.689572,35566,11,1
1,NewOrder,1764751475.689668,39417,6,1
1,NewOrder,1764751475.689687,39381,14,1
2,Payment,1764751475.689718,36120,15,1
1,NewOrder,1764751475.689786,39411,12,1
1,NewOrder,1764751475.691499,37461,9,1
2,Payment,1764751475.700739,109404,2,1
2,Payment,1764751475.704718,24433,4,1
1,NewOrder,1764751475.704727,39018,0,1
1,NewOrder,1764751475.724866,92035,3,1
2,Payment,1764751475.724978,85172,5,1
2,Payment,1764751475.725142,85008,11,1
4,Delivery,1764751475.725844,126223,15,1
1,NewOrder,1764751475.726516,84040,1,1
2,Payment,1764751475.728942,81270,10,1
1,NewOrder,1764751475.728961,122838,9,1
1,NewOrder,1764751475.729075,86528,14,1
2,Payment,1764751475.729090,81245,6,1
1,NewOrder,1764751475.729157,122784,4,1
1,NewOrder,1764751475.729203,87708,12,1
2,Payment,1764751475.729426,80744,13,1
2,Payment,1764751475.729437,132700,7,1
1,NewOrder,1764751475.740780,113425,8,1
2,Payment,1764751475.743756,108040,0,1
5,StockLevel,1764751475.810162,51908,11,1
4,Delivery,1764751475.810162,92095,2,1
2,Payment,1764751475.810162,51960,5,1
1,NewOrder,1764751475.810175,52067,13,1
2,Payment,1764751475.810214,51878,10,1
2,Payment,1764751475.810341,66196,6,1
2,Payment,1764751475.810575,51686,1,1
2,Payment,1764751475.815614,58027,14,1
2,Payment,1764751475.816908,45214,3,1
2,Payment,1764751475.816917,45368,12,1
2,Payment,1764751475.851815,24780,0,1
1,NewOrder,1764751475.851815,50426,9,1
1,NewOrder,1764751475.851947,42445,4,1
1,NewOrder,1764751475.852072,50201,15,1
1,NewOrder,1764751475.854214,40231,8,1
1,NewOrder,1764751475.862095,36666,11,1
4,Delivery,1764751475.862099,40292,10,1
2,Payment,1764751475.862128,14406,3,1
2,Payment,1764751475.862129,14352,5,1
2,Payment,1764751475.862139,40091,7,1
2,Payment,1764751475.862246,56951,13,1
1,NewOrder,1764751475.862267,36509,1,1
2,Payment,1764751475.862288,14138,12,1
1,NewOrder,1764751475.873656,29053,14,1
2,Payment,1764751475.876438,26318,12,1
5,StockLevel,1764751475.876483,25829,5,1
2,Payment,1764751475.876540,42958,6,1
1,NewOrder,1764751475.876541,25933,3,1
4,Delivery,1764751475.876601,42591,0,1
2,Payment,1764751475.894407,20665,4,1
3,OrderStatus,1764751475.894460,20559,8,1
1,NewOrder,1764751475.898773,29199,11,1
2,Payment,1764751475.898783,20418,1,1
1,NewOrder,1764751475.902237,19986,7,1
1,NewOrder,1764751475.902247,30040,9,1
1,NewOrder,1764751475.902259,25716,2,1
1,NewOrder,1764751475.902278,16905,15,1
1,NewOrder,1764751475.902315,33481,5,1
2,Payment,1764751475.902396,25572,10,1
1,NewOrder,1764751475.902479,29535,3,1
2,Payment,1764751475.902714,16459,14,1
2,Payment,1764751475.902760,29282,12,1
2,Payment,1764751475.915031,12953,8,1
2,Payment,1764751475.915079,17009,4,1
5,StockLevel,1764751475.919183,12939,14,1
2,Payment,1764751475.919190,16592,15,1
2,Payment,1764751475.919198,13113,0,1
1,NewOrder,1764751475.919205,23098,13,1
1,NewOrder,1764751475.919208,28431,1,1
1,NewOrder,1764751475.919504,23222,6,1
2,Payment,1764751475.922229,13547,7,1
1,NewOrder,1764751475.927979,25174,10,1
2,Payment,1764751475.927982,14338,2,1
2,Payment,1764751475.927982,14317,11,1
2,Payment,1764751475.927989,14310,8,1
1,NewOrder,1764751475.932020,28092,3,1
2,Payment,1764751475.932049,21026,12,1
3,OrderStatus,1764751475.932091,1117,4,1
2,Payment,1764751475.932128,20987,14,1
2,Payment,1764751475.932292,15357,9,1
2,Payment,1764751475.932317,15318,0,1
2,Payment,1764751475.933213,14874,4,1
2,Payment,1764751475.935783,17370,7,1
1,NewOrder,1764751475.935789,23945,15,1
2,Payment,1764751475.935803,23809,5,1
2,Payment,1764751475.942307,15278,8,1
2,Payment,1764751475.942308,17309,11,1
2,Payment,1764751475.942311,26573,13,1
1,NewOrder,1764751475.942325,17559,2,1
1,NewOrder,1764751475.942731,41182,6,1
1,NewOrder,1764751475.947644,29246,0,1
4,Delivery,1764751475.947648,23553,1,1
2,Payment,1764751475.947656,12203,9,1
1,NewOrder,1764751475.948093,28829,4,1
1,NewOrder,1764751475.953083,23828,12,1
5,StockLevel,1764751475.953122,15758,14,1
2,Payment,1764751475.953159,23427,10,1
1,NewOrder,1764751475.953160,30841,7,1
1,NewOrder,1764751475.957597,26601,8,1
1,NewOrder,1764751475.959620,30530,5,1
4,Delivery,1764751475.959625,37043,11,1
2,Payment,1764751475.959740,17155,15,1
1,NewOrder,1764751475.959865,35860,9,1
4,Delivery,1764751475.959886,163313,2,1
1,NewOrder,1764751475.960116,23960,3,1
2,Payment,1764751475.968894,15113,13,1
2,Payment,1764751475.968894,25663,14,1
2,Payment,1764751475.971209,13136,1,1
2,Payment,1764751475.976598,17787,10,1
5,StockLevel,1764751475.976897,17343,0,1
1,NewOrder,1764751475.976904,137971,15,1
1,NewOrder,1764751475.976918,138086,12,1
2,Payment,1764751475.976929,17866,4,1
1,NewOrder,1764751475.983926,128578,6,1
2,Payment,1764751475.984011,15523,7,1
2,Payment,1764751475.984013,14001,13,1
2,Payment,1764751475.984085,13962,3,1
4,Delivery,1764751475.984205,128537,8,1
4,Delivery,1764751475.984351,140819,1,1
2,Payment,1764751475.990166,125200,5,1
2,Payment,1764751475.994250,118304,0,1
2,Payment,1764751475.994423,118082,10,1
1,NewOrder,1764751475.994562,118137,14,1
1,NewOrder,1764751475.994801,128359,4,1
2,Payment,1764751475.995732,152544,9,1
1,NewOrder,1764751475.996675,115889,11,1
2,Payment,1764751475.998022,118661,13,1
2,Payment,1764751475.998049,117555,3,1
1,NewOrder,1764751475.999541,113213,7,1
2,Payment,1764751476.112522,20194,10,1
1,NewOrder,1764751476.112522,38882,6,1
2,Payment,1764751476.112556,20078,0,1
1,NewOrder,1764751476.112704,25144,14,1
2,Payment,1764751476.112744,19749,8,1
1,NewOrder,1764751476.112758,23131,7,1
2,Payment,1764751476.112955,19565,11,1
2,Payment,1764751476.114882,19182,15,1
2,Payment,1764751476.115007,17665,12,1
1,NewOrder,1764751476.115371,32972,5,1
2,Payment,1764751476.115610,17033,3,1
1,NewOrder,1764751476.116688,21174,13,1
5,StockLevel,1764751476.123175,14651,4,1
3,OrderStatus,1764751476.123206,5343,2,1
1,NewOrder,1764751476.125174,27463,1,1
2,Payment,1764751476.128558,15514,2,1
4,Delivery,1764751476.132507,31270,8,1
1,NewOrder,1764751476.132527,20508,11,1
2,Payment,1764751476.132638,18758,0,1
5,StockLevel,1764751476.132646,15622,3,1
5,StockLevel,1764751476.132677,15590,12,1
2,Payment,1764751476.132722,31647,10,1
3,OrderStatus,1764751476.134069,1799,15,1
2,Payment,1764751476.135874,15574,15,1
1,NewOrder,1764751476.135894,16873,7,1
1,NewOrder,1764751476.137832,26000,4,1
5,StockLevel,1764751476.137854,1647,14,1
1,NewOrder,1764751476.137868,15280,13,1
1,NewOrder,1764751476.139507,91983,14,1
1,NewOrder,1764751476.144081,19667,2,1
1,NewOrder,1764751476.148279,83217,3,1
1,NewOrder,1764751476.148279,86183,12,1
1,NewOrder,1764751476.148282,86434,9,1
1,NewOrder,1764751476.148348,25646,5,1
3,OrderStatus,1764751476.151407,5955,0,1
4,Delivery,1764751476.151411,83020,6,1
1,NewOrder,1764751476.151453,87216,15,1
1,NewOrder,1764751476.152643,78891,1,1
1,NewOrder,1764751476.152773,5970,7,1
3,OrderStatus,1764751476.153040,1371,11,1
4,Delivery,1764751476.153150,85528,13,1
2,Payment,1764751476.154418,17138,11,1
1,NewOrder,1764751476.157370,7842,0,1
2,Payment,1764751476.158748,16152,7,1
1,NewOrder,1764751476.163763,75245,2,1
1,NewOrder,1764751476.163784,74926,8,1
3,OrderStatus,1764751476.163835,6885,4,1
1,NewOrder,1764751476.164375,74612,10,1
1,NewOrder,1764751476.165217,73395,0,1
2,Payment,1764751476.170736,67905,4,1
2,Payment,1764751476.171565,67090,11,1
2,Payment,1764751476.174006,93062,5,1
2,Payment,1764751476.174909,63910,7,1
2,Payment,1764751476.231507,15964,14,1
2,Payment,1764751476.231507,15626,3,1
2,Payment,1764751476.231540,15977,1,1
3,OrderStatus,1764751476.234441,12887,6,1
1,NewOrder,1764751476.234468,33277,12,1
1,NewOrder,1764751476.234720,32666,9,1
1,NewOrder,1764751476.238624,28957,0,1
2,Payment,1764751476.238649,46052,4,1
1,NewOrder,1764751476.238661,28964,11,1
1,NewOrder,1764751476.238674,39388,15,1
2,Payment,1764751476.238681,28603,13,1
2,Payment,1764751476.238715,28597,8,1
2,Payment,1764751476.238821,28942,7,1
1,NewOrder,1764751476.238992,28681,10,1
2,Payment,1764751476.239012,33483,2,1
1,NewOrder,1764751476.247154,20571,3,1
2,Payment,1764751476.247337,37667,6,1
2,Payment,1764751476.247477,20107,14,1
2,Payment,1764751476.247520,39906,1,1
2,Payment,1764751476.267085,36569,5,1
2,Payment,1764751476.267299,17442,13,1
2,Payment,1764751476.267320,17419,8,1
3,OrderStatus,1764751476.267391,2003,9,1
3,OrderStatus,1764751476.267587,7116,0,1
3,OrderStatus,1764751476.267592,10602,14,1
2,Payment,1764751476.267632,16979,11,1
1,NewOrder,1764751476.267676,25687,10,1
1,NewOrder,1764751476.267727,25584,3,1
1,NewOrder,1764751476.267746,30232,12,1
2,Payment,1764751476.267764,54337,7,1
1,NewOrder,1764751476.269405,34550,9,1
2,Payment,1764751476.272511,31212,2,1
1,NewOrder,1764751476.274715,28910,0,1
1,NewOrder,1764751476.278075,34079,15,1
2,Payment,1764751476.278208,15104,14,1
1,NewOrder,1764751476.284628,20476,11,1
2,Payment,1764751476.284746,19236,8,1
1,NewOrder,1764751476.284747,33545,13,1
5,StockLevel,1764751476.284792,18798,4,1
2,Payment,1764751476.285013,20114,6,1
1,NewOrder,1764751476.287436,18871,1,1
1,NewOrder,1764751476.293327,24943,14,1
3,OrderStatus,1764751476.293328,4223,3,1
1,NewOrder,1764751476.293365,29238,10,1
2,Payment,1764751476.297561,14647,3,1
1,NewOrder,1764751476.297985,28832,12,1
1,NewOrder,1764751476.303604,23096,4,1
1,NewOrder,1764751476.303627,23140,0,1
1,NewOrder,1764751476.303664,18443,5,1
1,NewOrder,1764751476.303726,27498,2,1
5,StockLevel,1764751476.303961,18121,9,1
2,Payment,1764751476.303990,18184,8,1
1,NewOrder,1764751476.305114,25674,11,1
1,NewOrder,1764751476.305133,26013,6,1
2,Payment,1764751476.306313,16005,1,1
3,OrderStatus,1764751476.312167,2482,15,1
1,NewOrder,1764751476.312216,20030,3,1
1,NewOrder,1764751476.314663,22775,15,1
1,NewOrder,1764751476.318281,30793,14,1
2,Payment,1764751476.318300,13895,13,1
2,Payment,1764751476.322094,16734,9,1
1,NewOrder,1764751476.322110,26892,7,1
2,Payment,1764751476.322115,15399,5,1
1,NewOrder,1764751476.322177,27306,8,1
1,NewOrder,1764751476.322322,26556,1,1
2,Payment,1764751476.322610,32130,10,1
1,NewOrder,1764751476.326714,48087,4,1
1,NewOrder,1764751476.326769,42168,0,1
2,Payment,1764751476.326826,44898,12,1
1,NewOrder,1764751476.330798,38118,11,1
1,NewOrder,1764751476.331160,40582,6,1
3,OrderStatus,1764751476.331227,12822,2,1
2,Payment,1764751476.332203,16727,13,1
1,NewOrder,1764751476.332263,36727,3,1
2,Payment,1764751476.337449,17336,15,1
2,Payment,1764751476.337516,21998,5,1
2,Payment,1764751476.338837,35469,9,1
1,NewOrder,1764751476.344064,14251,2,1
2,Payment,1764751476.348895,22757,1,1
2,Payment,1764751476.348939,37823,13,1
2,Payment,1764751476.349010,22688,7,1
2,Payment,1764751476.349082,44566,14,1
2,Payment,1764751476.349490,22240,8,1
2,Payment,1764751476.354752,38730,10,1
2,Payment,1764751476.354794,19889,15,1
1,NewOrder,1764751476.358324,47804,2,1
3,OrderStatus,1764751476.359523,15184,5,1
2,Payment,1764751476.368930,13394,11,1
1,NewOrder,1764751476.368948,35125,0,1
1,NewOrder,1764751476.368997,29316,3,1
2,Payment,1764751476.371660,18334,1,1
2,Payment,1764751476.371704,15410,7,1
1,NewOrder,1764751476.371728,27028,12,1
1,NewOrder,1764751476.371731,32320,8,1
4,Delivery,1764751476.371749,26572,6,1
1,NewOrder,1764751476.374315,31807,9,1
1,NewOrder,1764751476.374689,31794,15,1
2,Payment,1764751476.374717,18808,5,1
1,NewOrder,1764751476.374808,31323,4,1
2,Payment,1764751476.382340,16417,11,1
2,Payment,1764751476.386777,17249,13,1
2,Payment,1764751476.387126,16968,7,1
3,OrderStatus,1764751476.390005,5540,1,1
1,NewOrder,1764751476.393493,24787,10,1
1,NewOrder,1764751476.393535,21430,5,1
1,NewOrder,1764751476.393651,21340,14,1
2,Payment,1764751476.395551,18734,1,1
3,OrderStatus,1764751476.398322,3993,3,1
2,Payment,1764751476.398328,19430,6,1
2,Payment,1764751476.398762,19593,12,1
3,OrderStatus,1764751476.398766,15637,11,1
1,NewOrder,1764751476.402323,23240,3,1
1,NewOrder,1764751476.404034,37808,13,1
2,Payment,1764751476.404059,14355,8,1
2,Payment,1764751476.404076,14626,0,1
1,NewOrder,1764751476.404096,40595,7,1
4,Delivery,1764751476.406131,19472,9,1
1,NewOrder,1764751476.406138,38445,4,1
1,NewOrder,1764751476.406142,35675,2,1
2,Payment,1764751476.406491,15380,15,1
1,NewOrder,1764751476.414301,35599,1,1
2,Payment,1764751476.414407,19637,11,1
1,NewOrder,1764751476.414979,30045,5,1
1,NewOrder,1764751476.415000,42163,14,1
2,Payment,1764751476.417769,11857,6,1
2,Payment,1764751476.418309,11677,10,1
1,NewOrder,1764751476.418362,26177,12,1
2,Payment,1764751476.418423,17122,8,1
2,Payment,1764751476.418709,26139,0,1
1,NewOrder,1764751476.421881,22739,15,1
2,Payment,1764751476.425573,19337,3,1
2,Payment,1764751476.425613,19141,9,1
1,NewOrder,1764751476.429635,21141,6,1
1,NewOrder,1764751476.429992,24318,10,1
1,NewOrder,1764751476.434052,32530,11,1
2,Payment,1764751476.435552,14274,8,1
2,Payment,1764751476.441833,12482,2,1
1,NewOrder,1764751476.441856,21539,13,1
2,Payment,1764751476.444549,16400,12,1
2,Payment,1764751476.444593,15802,4,1
1,NewOrder,1764751476.444626,28018,15,1
4,Delivery,1764751476.444698,45493,7,1
2,Payment,1764751476.444761,15729,9,1
2,Payment,1764751476.444854,16393,0,1
2,Payment,1764751476.444917,15650,3,1
2,Payment,1764751476.445030,53371,5,1
2,Payment,1764751476.449843,16732,8,1
2,Payment,1764751476.449906,17249,1,1
1,NewOrder,1764751476.450784,19455,6,1
1,NewOrder,1764751476.454322,32289,10,1
1,NewOrder,1764751476.454324,32780,2,1
1,NewOrder,1764751476.457172,30792,14,1
2,Payment,1764751476.460404,22358,4,1
1,NewOrder,1764751476.460497,26214,9,1
2,Payment,1764751476.460573,22239,3,1
1,NewOrder,1764751476.460956,25858,12,1
1,NewOrder,1764751476.461253,38494,0,1
1,NewOrder,1764751476.463402,23370,13,1
1,NewOrder,1764751476.466583,31648,8,1
1,NewOrder,1764751476.466593,43636,11,1
1,NewOrder,1764751476.467162,22193,1,1
1,NewOrder,1764751476.470249,31262,6,1
1,NewOrder,1764751476.472659,25690,15,1
1,NewOrder,1764751476.482778,21350,4,1
2,Payment,1764751476.482845,15480,3,1
2,Payment,1764751476.486621,30933,10,1
2,Payment,1764751476.486719,12595,9,1
1,NewOrder,1764751476.486775,36310,13,1
1,NewOrder,1764751476.486820,30499,12,1
2,Payment,1764751476.487110,26663,2,1
2,Payment,1764751476.487971,13472,14,1
1,NewOrder,1764751476.489362,27971,1,1
1,NewOrder,1764751476.490198,27108,7,1
1,NewOrder,1764751476.498255,21871,8,1
2,Payment,1764751476.498337,21736,3,1
2,Payment,1764751476.498356,18983,15,1
1,NewOrder,1764751476.498406,24716,5,1
2,Payment,1764751476.499322,32943,9,1
1,NewOrder,1764751476.499757,20356,0,1
3,OrderStatus,1764751476.501451,1276,14,1
2,Payment,1764751476.501518,16028,6,1
1,NewOrder,1764751476.502734,17349,14,1
2,Payment,1764751476.504135,13186,4,1
2,Payment,1764751476.510243,10197,11,1
2,Payment,1764751476.513785,11872,2,1
2,Payment,1764751476.517317,12034,7,1
2,Payment,1764751476.517329,11942,12,1
5,StockLevel,1764751476.517330,11817,4,1
2,Payment,1764751476.517340,26894,1,1
2,Payment,1764751476.517346,11858,15,1
1,NewOrder,1764751476.517551,23700,6,1
1,NewOrder,1764751476.517562,21722,10,1
1,NewOrder,1764751476.520080,21274,3,1
1,NewOrder,1764751476.520090,39441,14,1
2,Payment,1764751476.520116,12347,0,1
2,Payment,1764751476.520132,12184,8,1
1,NewOrder,1764751476.520446,34773,11,1
1,NewOrder,1764751476.523094,25659,13,1
1,NewOrder,1764751476.523123,36408,5,1
3,OrderStatus,1764751476.525666,10127,2,1
2,Payment,1764751476.529157,12131,4,1
2,Payment,1764751476.529211,18760,15,1
2,Payment,1764751476.529277,19240,12,1
1,NewOrder,1764751476.529360,30130,7,1
2,Payment,1764751476.532277,15743,9,1
1,NewOrder,1764751476.532326,43993,8,1
1,NewOrder,1764751476.532470,36652,0,1
2,Payment,1764751476.535802,19347,2,1
1,NewOrder,1764751476.539296,42104,10,1
2,Payment,1764751476.541263,13927,6,1
2,Payment,1764751476.541296,11482,4,1
1,NewOrder,1764751476.541358,39968,3,1
1,NewOrder,1764751476.544247,24107,1,1
2,Payment,1764751476.547984,14730,15,1
2,Payment,1764751476.548031,11356,9,1
2,Payment,1764751476.548524,14104,12,1
1,NewOrder,1764751476.548763,28194,13,1
2,Payment,1764751476.552789,15498,4,1
2,Payment,1764751476.555161,13192,2,1
2,Payment,1764751476.555193,17863,6,1
3,OrderStatus,1764751476.555229,1412,11,1
2,Payment,1764751476.556647,16348,11,1
1,NewOrder,1764751476.559399,30741,9,1
2,Payment,1764751476.559499,26573,7,1
1,NewOrder,1764751476.559537,33407,14,1
5,StockLevel,1764751476.559542,13744,5,1
2,Payment,1764751476.562645,13690,12,1
2,Payment,1764751476.562723,10555,15,1
2,Payment,1764751476.568308,12844,4,1
1,NewOrder,1764751476.568365,30246,1,1
2,Payment,1764751476.568365,13093,2,1
1,NewOrder,1764751476.569219,24659,0,1
4,Delivery,1764751476.573018,47330,11,1
2,Payment,1764751476.573058,28760,6,1
1,NewOrder,1764751476.573292,29148,15,1
2,Payment,1764751476.573297,32268,5,1
2,Payment,1764751476.576345,16685,8,1
5,StockLevel,1764751476.576347,17140,12,1
2,Payment,1764751476.576965,13250,13,1
2,Payment,1764751476.581169,12485,4,1
2,Payment,1764751476.581338,17713,3,1
1,NewOrder,1764751476.581407,27918,10,1
1,NewOrder,1764751476.581466,21071,2,1
1,NewOrder,1764751476.586084,38367,7,1
1,NewOrder,1764751476.590177,30010,9,1
1,NewOrder,1764751476.590224,30188,13,1
1,NewOrder,1764751476.592957,16891,14,1
1,NewOrder,1764751476.593038,20528,8,1
2,Payment,1764751476.593492,11532,12,1
3,OrderStatus,1764751476.593661,8925,4,1
1,NewOrder,1764751476.593965,32472,0,1
1,NewOrder,1764751476.598624,30843,1,1
2,Payment,1764751476.599063,14505,3,1
2,Payment,1764751476.601829,13946,6,1
1,NewOrder,1764751476.602449,26526,15,1
2,Payment,1764751476.602546,13024,2,1
2,Payment,1764751476.602588,21889,4,1
2,Payment,1764751476.605035,19416,12,1
5,StockLevel,1764751476.605573,9905,5,1
1,NewOrder,1764751476.609339,23806,10,1
3,OrderStatus,1764751476.609861,10363,14,1
1,NewOrder,1764751476.613577,18078,8,1
2,Payment,1764751476.613578,15790,3,1
1,NewOrder,1764751476.615486,32582,5,1
1,NewOrder,1764751476.615577,27080,2,1
2,Payment,1764751476.615782,13766,6,1
1,NewOrder,1764751476.620199,38410,9,1
1,NewOrder,1764751476.620266,24579,14,1
1,NewOrder,1764751476.620351,27963,11,1
5,StockLevel,1764751476.620419,11309,13,1
2,Payment,1764751476.624467,37666,7,1
2,Payment,1764751476.624467,14426,12,1
1,NewOrder,1764751476.624486,43498,4,1
2,Payment,1764751476.626446,12308,0,1
4,Delivery,1764751476.628987,39312,15,1
2,Payment,1764751476.629376,13213,3,1
2,Payment,1764751476.629474,15309,1,1
2,Payment,1764751476.629552,15113,6,1
2,Payment,1764751476.631669,13240,8,1
1,NewOrder,1764751476.631736,41342,13,1
1,NewOrder,1764751476.633153,34877,10,1
1,NewOrder,1764751476.638769,32500,0,1
2,Payment,1764751476.638897,19686,12,1
2,Payment,1764751476.642608,19282,3,1
1,NewOrder,1764751476.642664,28766,2,1
2,Payment,1764751476.644677,28616,6,1
2,Payment,1764751476.644793,17065,1,1
2,Payment,1764751476.644851,17062,14,1
2,Payment,1764751476.644912,16966,8,1
2,Payment,1764751476.648078,13814,5,1
1,NewOrder,1764751476.648322,19646,11,1
4,Delivery,1764751476.658598,22119,12,1
2,Payment,1764751476.658619,12912,9,1
2,Payment,1764751476.661867,11358,1,1
2,Payment,1764751476.661886,11037,8,1
1,NewOrder,1764751476.661897,24869,3,1
4,Delivery,1764751476.661899,49561,5,1
1,NewOrder,1764751476.661923,33971,14,1
1,NewOrder,1764751476.662139,27787,7,1
2,Payment,1764751476.667983,13040,11,1
2,Payment,1764751476.667992,16146,4,1
2,Payment,1764751476.668037,15566,10,1
2,Payment,1764751476.668306,12222,15,1
2,Payment,1764751476.671277,16404,0,1
1,NewOrder,1764751476.671437,21516,2,1
1,NewOrder,1764751476.671538,21588,9,1
1,NewOrder,1764751476.672931,26536,8,1
1,NewOrder,1764751476.673085,19677,13,1
1,NewOrder,1764751476.673232,37983,1,1
2,Payment,1764751476.673297,16604,6,1
3,OrderStatus,1764751476.680540,9403,15,1
2,Payment,1764751476.680726,15277,12,1
1,NewOrder,1764751476.681030,18500,11,1
1,NewOrder,1764751476.683612,57311,10,1
1,NewOrder,1764751476.684147,55814,4,1
5,StockLevel,1764751476.686776,12761,3,1
2,Payment,1764751476.687690,21892,0,1
1,NewOrder,1764751476.689909,49759,6,1
1,NewOrder,1764751476.689935,24765,7,1
1,NewOrder,1764751476.689952,21674,15,1
2,Payment,1764751476.692770,20313,13,1
1,NewOrder,1764751476.692962,45057,2,1
3,OrderStatus,1764751476.693133,16398,9,1
1,NewOrder,1764751476.695906,44611,14,1
1,NewOrder,1764751476.696011,60800,12,1
1,NewOrder,1764751476.699477,41380,8,1
2,Payment,1764751476.699538,13601,11,1
2,Payment,1764751476.699549,13548,3,1
4,Delivery,1764751476.709544,60300,9,1
1,NewOrder,1764751476.709590,57868,0,1
1,NewOrder,1764751476.711224,45586,1,1
1,NewOrder,1764751476.711465,52319,5,1
1,NewOrder,1764751476.711630,55881,15,1
1,NewOrder,1764751476.713091,50656,13,1
2,Payment,1764751476.713108,30959,3,1
1,NewOrder,1764751476.713147,47642,11,1
3,OrderStatus,1764751476.714711,39469,7,1
2,Payment,1764751476.738037,18743,2,1
2,Payment,1764751476.739680,21169,6,1
2,Payment,1764751476.739967,23698,4,1
1,NewOrder,1764751476.740527,29258,14,1
2,Payment,1764751476.740865,26391,8,1
1,NewOrder,1764751476.740935,28940,10,1
1,NewOrder,1764751476.744077,25906,3,1
2,Payment,1764751476.754196,17075,7,1
2,Payment,1764751476.756796,13200,2,1
2,Payment,1764751476.756821,13022,12,1
1,NewOrder,1764751476.756822,18010,1,1
1,NewOrder,1764751476.760802,19788,11,1
1,NewOrder,1764751476.760860,21625,6,1
2,Payment,1764751476.763674,11105,4,1
2,Payment,1764751476.763756,31084,13,1
3,OrderStatus,1764751476.763790,11127,5,1
1,NewOrder,1764751476.767264,27707,8,1
2,Payment,1764751476.767467,22985,0,1
1,NewOrder,1764751476.767516,27325,15,1
2,Payment,1764751476.769792,25046,14,1
1,NewOrder,1764751476.769851,31227,12,1
4,Delivery,1764751476.769851,28348,9,1
1,NewOrder,1764751476.769876,28343,10,1
2,Payment,1764751476.769992,12430,3,1
1,NewOrder,1764751476.770003,28357,2,1
1,NewOrder,1764751476.771278,29855,7,1
2,Payment,1764751476.774791,23576,4,1
2,Payment,1764751476.774841,20040,1,1
5,StockLevel,1764751476.774926,19954,5,1
1,NewOrder,1764751476.780604,20490,11,1
2,Payment,1764751476.782433,15778,3,1
1,NewOrder,1764751476.782494,22044,6,1
1,NewOrder,1764751476.790474,23577,0,1
5,StockLevel,1764751476.794848,11062,14,1
2,Payment,1764751476.794849,11053,15,1
1,NewOrder,1764751476.794850,25451,13,1
2,Payment,1764751476.794887,19584,5,1
1,NewOrder,1764751476.794902,28304,1,1
5,StockLevel,1764751476.794978,11252,8,1
2,Payment,1764751476.798207,11128,9,1
2,Payment,1764751476.798217,13981,3,1
2,Payment,1764751476.798226,22162,10,1
2,Payment,1764751476.798367,13758,2,1
1,NewOrder,1764751476.798374,19036,4,1
2,Payment,1764751476.801085,11260,12,1
1,NewOrder,1764751476.801102,22170,11,1
1,NewOrder,1764751476.801141,22055,7,1
1,NewOrder,1764751476.804545,26511,6,1
1,NewOrder,1764751476.805909,21035,15,1
2,Payment,1764751476.805916,11380,14,1
1,NewOrder,1764751476.806236,27639,8,1
1,NewOrder,1764751476.809342,17597,9,1
4,Delivery,1764751476.812132,36905,2,1
2,Payment,1764751476.812205,11032,3,1
2,Payment,1764751476.812349,14674,12,1
1,NewOrder,1764751476.814057,35165,0,1
2,Payment,1764751476.814478,12466,5,1
2,Payment,1764751476.817304,16448,14,1
1,NewOrder,1764751476.817419,34881,4,1
1,NewOrder,1764751476.820309,28874,13,1
1,NewOrder,1764751476.820390,28729,10,1
1,NewOrder,1764751476.823205,29325,7,1
1,NewOrder,1764751476.823214,29694,1,1
5,StockLevel,1764751476.823244,10600,3,1
2,Payment,1764751476.823278,11193,11,1
1,NewOrder,1764751476.826949,32455,9,1
1,NewOrder,1764751476.826952,41288,15,1
3,OrderStatus,1764751476.826953,6834,5,1
2,Payment,1764751476.827029,13826,12,1
1,NewOrder,1764751476.831066,20955,6,1
1,NewOrder,1764751476.833762,34175,14,1
2,Payment,1764751476.833795,18875,5,1
1,NewOrder,1764751476.833850,28420,3,1
1,NewOrder,1764751476.833882,33939,8,1
1,NewOrder,1764751476.834477,27515,11,1
1,NewOrder,1764751476.840864,31295,12,1
2,Payment,1764751476.849050,18826,2,1
2,Payment,1764751476.849122,15677,10,1
2,Payment,1764751476.849192,15545,13,1
1,NewOrder,1764751476.849230,26632,0,1
1,NewOrder,1764751476.852034,32338,6,1
1,NewOrder,1764751476.852308,29491,4,1
1,NewOrder,1764751476.852537,19631,7,1
1,NewOrder,1764751476.852681,32608,5,1
1,NewOrder,1764751476.852935,47827,1,1
2,Payment,1764751476.859418,18652,9,1
1,NewOrder,1764751476.862005,19262,11,1
2,Payment,1764751476.862279,13618,3,1
1,NewOrder,1764751476.864749,19693,13,1
4,Delivery,1764751476.864807,35974,10,1
4,Delivery,1764751476.867828,39664,8,1
2,Payment,1764751476.867883,13234,2,1
4,Delivery,1764751476.867944,37668,14,1
1,NewOrder,1764751476.868247,23008,15,1
1,NewOrder,1764751476.872167,33683,12,1
1,NewOrder,1764751476.872175,33541,7,1
1,NewOrder,1764751476.875870,29705,0,1
2,Payment,1764751476.875898,11635,3,1
1,NewOrder,1764751476.878078,44289,9,1
2,Payment,1764751476.881128,26249,2,1
1,NewOrder,1764751476.881278,24645,11,1
5,StockLevel,1764751476.881806,23309,4,1
2,Payment,1764751476.884381,20764,6,1
1,NewOrder,1764751476.884445,34859,13,1
1,NewOrder,1764751476.885297,33738,5,1
1,NewOrder,1764751476.887559,39877,3,1
1,NewOrder,1764751476.891269,16308,15,1
2,Payment,1764751476.900778,26399,1,1
2,Payment,1764751476.900790,14784,10,1
4,Delivery,1764751476.905126,27903,4,1
4,Delivery,1764751476.905152,24561,6,1
2,Payment,1764751476.905582,21915,0,1
1,NewOrder,1764751476.905618,29020,14,1
1,NewOrder,1764751476.905720,35494,7,1
2,Payment,1764751476.905853,16394,12,1
4,Delivery,1764751476.905929,35313,11,1
2,Payment,1764751476.907386,38059,2,1
2,Payment,1764751476.907498,14809,8,1
1,NewOrder,1764751476.907584,25534,15,1
4,Delivery,1764751476.915588,40317,10,1
1,NewOrder,1764751476.919046,26485,5,1
2,Payment,1764751476.919310,16447,13,1
1,NewOrder,1764751476.922259,18989,12,1
1,NewOrder,1764751476.922317,23444,8,1
2,Payment,1764751476.922377,13405,9,1
2,Payment,1764751476.927187,35631,1,1
2,Payment,1764751476.927447,13809,3,1
1,NewOrder,1764751476.927501,30706,0,1
2,Payment,1764751476.929721,15829,6,1
2,Payment,1764751476.933037,19759,4,1
1,NewOrder,1764751476.933125,30010,15,1
1,NewOrder,1764751476.934645,27659,14,1
1,NewOrder,1764751476.935764,33086,13,1
1,NewOrder,1764751476.935789,38663,9,1
5,StockLevel,1764751476.941226,16834,7,1
1,NewOrder,1764751476.941251,21054,11,1
2,Payment,1764751476.941256,16734,12,1
1,NewOrder,1764751476.941262,30390,3,1
5,StockLevel,1764751476.945462,20009,2,1
2,Payment,1764751476.945532,19988,5,1
2,Payment,1764751476.945559,16747,6,1
2,Payment,1764751476.945765,16552,8,1
5,StockLevel,1764751476.952806,12615,4,1
1,NewOrder,1764751476.955916,21392,10,1
2,Payment,1764751476.957999,13601,12,1
2,Payment,1764751476.958062,30414,7,1
2,Payment,1764751476.958215,16211,0,1
2,Payment,1764751476.962313,12116,11,1
2,Payment,1764751476.962314,12126,6,1
1,NewOrder,1764751476.962315,14963,14,1
2,Payment,1764751476.962323,12268,8,1
1,NewOrder,1764751476.962823,25645,1,1
2,Payment,1764751476.963141,12345,15,1
2,Payment,1764751476.965430,20225,4,1
2,Payment,1764751476.965480,15833,2,1
1,NewOrder,1764751476.965528,23380,5,1
2,Payment,1764751476.968873,35586,13,1
2,Payment,1764751476.971609,14079,12,1
2,Payment,1764751476.971675,14106,3,1
2,Payment,1764751476.974438,14410,11,1
2,Payment,1764751476.974439,14785,0,1
2,Payment,1764751476.974447,31517,6,1
1,NewOrder,1764751476.974458,37436,9,1
2,Payment,1764751476.974597,15131,8,1
2,Payment,1764751476.975493,15538,15,1
2,Payment,1764751476.977285,28444,14,1
2,Payment,1764751476.977314,11734,10,1
2,Payment,1764751476.981323,14021,2,1
3,OrderStatus,1764751476.985667,1584,4,1
2,Payment,1764751476.985701,39593,12,1
1,NewOrder,1764751476.985786,39506,3,1
2,Payment,1764751476.987266,17107,4,1
2,Payment,1764751476.988478,23417,1,1
2,Payment,1764751476.988484,36827,7,1
1,NewOrder,1764751476.988854,29038,11,1
1,NewOrder,1764751476.988914,28971,5,1
1,NewOrder,1764751476.989051,28863,10,1
1,NewOrder,1764751476.989233,28659,0,1
1,NewOrder,1764751476.989734,28151,8,1
1,NewOrder,1764751476.991039,37792,15,1
1,NewOrder,1764751476.995353,29924,2,1
5,StockLevel,1764751477.004390,21184,4,1
1,NewOrder,1764751477.004469,28114,13,1
1,NewOrder,1764751477.005737,26990,14,1
2,Payment,1764751477.005968,32750,6,1
2,Payment,1764751477.011907,24377,9,1
2,Payment,1764751477.011907,20649,1,1
2,Payment,1764751477.017899,14612,8,1
2,Payment,1764751477.017900,14661,11,1
4,Delivery,1764751477.017901,38685,0,1
2,Payment,1764751477.017905,15129,5,1
1,NewOrder,1764751477.017921,41220,10,1
1,NewOrder,1764751477.025287,33921,2,1
1,NewOrder,1764751477.025299,20363,3,1
2,Payment,1764751477.025300,10440,12,1
2,Payment,1764751477.025318,30736,7,1
2,Payment,1764751477.025579,20600,4,1
2,Payment,1764751477.028838,14007,15,1
2,Payment,1764751477.032520,13141,8,1
1,NewOrder,1764751477.032564,23518,1,1
1,NewOrder,1764751477.032564,35827,11,1
1,NewOrder,1764751477.032590,35813,13,1
1,NewOrder,1764751477.032730,39306,14,1
1,NewOrder,1764751477.033041,26097,5,1
1,NewOrder,1764751477.035751,32702,12,1
1,NewOrder,1764751477.036292,36603,9,1
1,NewOrder,1764751477.038726,29662,6,1
1,NewOrder,1764751477.042855,19835,15,1
1,NewOrder,1764751477.045671,26530,3,1
1,NewOrder,1764751477.045672,18394,8,1
2,Payment,1764751477.046185,13105,4,1
1,NewOrder,1764751477.056069,27004,7,1
2,Payment,1764751477.056092,14652,1,1
2,Payment,1764751477.056593,13886,0,1
1,NewOrder,1764751477.059145,22826,5,1
1,NewOrder,1764751477.059148,22880,10,1
2,Payment,1764751477.059211,23954,2,1
1,NewOrder,1764751477.059296,23572,4,1
2,Payment,1764751477.062697,13438,15,1
2,Payment,1764751477.064078,15698,8,1
2,Payment,1764751477.068400,13973,6,1
2,Payment,1764751477.068402,13601,11,1
1,NewOrder,1764751477.068409,21835,13,1
2,Payment,1764751477.068460,13488,12,1
1,NewOrder,1764751477.070486,14937,0,1
1,NewOrder,1764751477.070751,33669,1,1
1,NewOrder,1764751477.072044,36367,14,1
2,Payment,1764751477.072208,10862,3,1
2,Payment,1764751477.072901,12914,9,1
1,NewOrder,1764751477.076145,35350,15,1
2,Payment,1764751477.079788,13180,8,1
1,NewOrder,1764751477.081957,26509,12,1
2,Payment,1764751477.081978,11057,5,1
2,Payment,1764751477.082011,11101,11,1
2,Payment,1764751477.082033,24000,10,1
2,Payment,1764751477.082380,16030,6,1
1,NewOrder,1764751477.082876,25647,4,1
1,NewOrder,1764751477.083075,22992,3,1
2,Payment,1764751477.083078,28458,7,1
2,Payment,1764751477.083172,19056,2,1
1,NewOrder,1764751477.085433,28928,0,1
1,NewOrder,1764751477.085823,21951,9,1
1,NewOrder,1764751477.090253,24122,13,1
1,NewOrder,1764751477.092978,30921,8,1
1,NewOrder,1764751477.093044,18450,5,1
1,NewOrder,1764751477.093118,21446,11,1
2,Payment,1764751477.098424,25360,6,1
2,Payment,1764751477.102242,14817,2,1
1,NewOrder,1764751477.104432,22010,1,1
1,NewOrder,1764751477.106043,20529,10,1
2,Payment,1764751477.106075,10860,3,1
2,Payment,1764751477.107781,12170,9,1
2,Payment,1764751477.108418,11429,14,1
1,NewOrder,1764751477.108473,26303,12,1
1,NewOrder,1764751477.108525,20000,4,1
2,Payment,1764751477.111507,17028,15,1
2,Payment,1764751477.111508,12051,5,1
1,NewOrder,1764751477.111543,28809,7,1
1,NewOrder,1764751477.114368,26055,0,1
1,NewOrder,1764751477.114382,20896,13,1
3,OrderStatus,1764751477.114572,3662,11,1
1,NewOrder,1764751477.116945,27513,3,1
1,NewOrder,1764751477.117067,27426,2,1
2,Payment,1764751477.118241,10387,11,1
1,NewOrder,1764751477.119854,6964,14,1
3,OrderStatus,1764751477.119961,1477,9,1
2,Payment,1764751477.121446,9861,9,1
1,NewOrder,1764751477.123571,35067,5,1
1,NewOrder,1764751477.123793,18258,6,1
1,NewOrder,1764751477.123906,10320,8,1
5,StockLevel,1764751477.126451,8917,1,1
2,Payment,1764751477.126581,30286,10,1
1,NewOrder,1764751477.126823,15255,14,1
1,NewOrder,1764751477.128533,33982,4,1
1,NewOrder,1764751477.128542,21998,15,1
2,Payment,1764751477.128631,13434,11,1
2,Payment,1764751477.131316,10977,9,1
2,Payment,1764751477.134232,10292,8,1
3,OrderStatus,1764751477.134784,1268,12,1
1,NewOrder,1764751477.135286,11806,13,1
2,Payment,1764751477.135378,9228,1,1
1,NewOrder,1764751477.136062,24254,12,1
2,Payment,1764751477.140364,18555,7,1
1,NewOrder,1764751477.140426,27209,0,1
2,Payment,1764751477.142060,28845,6,1
2,Payment,1764751477.142074,16898,11,1
1,NewOrder,1764751477.142086,28801,14,1
1,NewOrder,1764751477.142300,28811,9,1
1,NewOrder,1764751477.144464,23227,3,1
2,Payment,1764751477.144500,18066,2,1
1,NewOrder,1764751477.144531,28843,8,1
2,Payment,1764751477.144616,39301,1,1
2,Payment,1764751477.147101,15513,13,1
1,NewOrder,1764751477.150548,31040,15,1
1,NewOrder,1764751477.156879,24535,10,1
1,NewOrder,1764751477.158647,32110,5,1
2,Payment,1764751477.158927,28401,7,1
1,NewOrder,1764751477.158974,25039,11,1
1,NewOrder,1764751477.160324,30875,12,1
2,Payment,1764751477.162526,19011,4,1
1,NewOrder,1764751477.162576,37262,2,1
4,Delivery,1764751477.162617,39316,13,1
1,NewOrder,1764751477.167650,34119,0,1
2,Payment,1764751477.167701,16380,3,1
2,Payment,1764751477.170900,20202,14,1
2,Payment,1764751477.170914,30983,6,1
1,NewOrder,1764751477.171117,23531,9,1
2,Payment,1764751477.173385,17468,8,1
2,Payment,1764751477.181428,18690,10,1
2,Payment,1764751477.181548,13111,4,1
2,Payment,1764751477.181595,20237,15,1
2,Payment,1764751477.183926,16404,1,1
5,StockLevel,1764751477.184021,15713,11,1
2,Payment,1764751477.184087,15690,3,1
1,NewOrder,1764751477.187337,21455,7,1
2,Payment,1764751477.190771,21613,5,1
2,Payment,1764751477.190862,10915,8,1
1,NewOrder,1764751477.191109,24981,14,1
2,Payment,1764751477.191206,10961,12,1
1,NewOrder,1764751477.194657,33609,9,1
1,NewOrder,1764751477.194667,16450,4,1
1,NewOrder,1764751477.199744,36352,11,1
1,NewOrder,1764751477.199779,30602,3,1
2,Payment,1764751477.199840,16397,2,1
1,NewOrder,1764751477.200126,24511,10,1
5,StockLevel,1764751477.200336,16169,1,1
2,Payment,1764751477.201776,14374,0,1
3,OrderStatus,1764751477.201786,3250,8,1
1,NewOrder,1764751477.201836,34543,15,1
1,NewOrder,1764751477.201904,34114,6,1
1,NewOrder,1764751477.201938,28263,13,1
2,Payment,1764751477.202174,18857,12,1
2,Payment,1764751477.205046,15919,8,1
1,NewOrder,1764751477.208807,34844,7,1
2,Payment,1764751477.211125,29985,4,1
2,Payment,1764751477.212392,12017,5,1
2,Payment,1764751477.216098,12225,14,1
3,OrderStatus,1764751477.216159,8394,0,1
1,NewOrder,1764751477.216244,40824,2,1
2,Payment,1764751477.216511,17167,1,1
1,NewOrder,1764751477.220978,32321,8,1
2,Payment,1764751477.221040,14880,12,1
3,OrderStatus,1764751477.224422,11495,5,1
2,Payment,1764751477.224568,16449,0,1
1,NewOrder,1764751477.224644,19092,10,1
2,Payment,1764751477.228277,15524,9,1
2,Payment,1764751477.228331,14674,14,1
3,OrderStatus,1764751477.230209,2505,13,1
2,Payment,1764751477.230391,13265,3,1
2,Payment,1764751477.232723,20660,13,1
2,Payment,1764751477.233685,19614,1,1
2,Payment,1764751477.235925,20793,5,1
1,NewOrder,1764751477.235928,21573,12,1
1,NewOrder,1764751477.236021,22082,6,1
1,NewOrder,1764751477.236099,23616,11,1
1,NewOrder,1764751477.236386,48925,15,1
1,NewOrder,1764751477.241025,30444,0,1
1,NewOrder,1764751477.241117,33332,4,1
2,Payment,1764751477.243012,13830,14,1
2,Payment,1764751477.243659,15981,7,1
1,NewOrder,1764751477.243662,27877,3,1
2,Payment,1764751477.243738,20378,10,1
1,NewOrder,1764751477.243805,48266,9,1
5,StockLevel,1764751477.253317,18221,8,1
2,Payment,1764751477.253317,27026,1,1
2,Payment,1764751477.253386,18132,13,1
2,Payment,1764751477.256726,20668,5,1
1,NewOrder,1764751477.256852,35886,14,1
1,NewOrder,1764751477.257075,28084,2,1
1,NewOrder,1764751477.257507,35413,12,1
4,Delivery,1764751477.258110,35734,6,1
2,Payment,1764751477.259647,14719,7,1
2,Payment,1764751477.259722,14965,11,1
1,NewOrder,1764751477.264131,28493,10,1
4,Delivery,1764751477.271487,67124,0,1
2,Payment,1764751477.271520,13721,13,1
4,Delivery,1764751477.271550,47448,3,1
4,Delivery,1764751477.271576,34141,8,1
2,Payment,1764751477.274374,18055,7,1
2,Payment,1764751477.274452,17659,4,1
1,NewOrder,1764751477.274691,22789,11,1
3,OrderStatus,1764751477.277405,1864,5,1
1,NewOrder,1764751477.279277,25918,5,1
1,NewOrder,1764751477.280351,26456,1,1
1,NewOrder,1764751477.285173,27306,2,1
2,Payment,1764751477.285250,13201,13,1
2,Payment,1764751477.285315,13066,15,1
1,NewOrder,1764751477.292084,24192,9,1
2,Payment,1764751477.292120,13889,4,1
1,NewOrder,1764751477.292437,23517,7,1
1,NewOrder,1764751477.292630,36587,10,1
2,Payment,1764751477.292744,17994,14,1
1,NewOrder,1764751477.292925,39566,12,1
1,NewOrder,1764751477.293852,45173,6,1
2,Payment,1764751477.297492,13152,11,1
2,Payment,1764751477.298390,41634,15,1
2,Payment,1764751477.298458,11907,13,1
1,NewOrder,1764751477.305208,33823,5,1
2,Payment,1764751477.305727,13370,8,1
2,Payment,1764751477.306017,12946,4,1
1,NewOrder,1764751477.306815,31831,1,1
1,NewOrder,1764751477.310375,34123,13,1
2,Payment,1764751477.310652,18872,11,1
2,Payment,1764751477.310745,40609,14,1
1,NewOrder,1764751477.312487,28130,2,1
2,Payment,1764751477.315966,22904,7,1
1,NewOrder,1764751477.316284,24238,9,1
1,NewOrder,1764751477.318973,25601,4,1
2,Payment,1764751477.319006,19744,3,1
2,Payment,1764751477.319104,19852,8,1
1,NewOrder,1764751477.329236,37077,10,1
1,NewOrder,1764751477.329534,21991,11,1
5,StockLevel,1764751477.332507,16067,12,1
2,Payment,1764751477.338631,12985,0,1
1,NewOrder,1764751477.338656,20762,1,1
1,NewOrder,1764751477.338757,24370,3,1
2,Payment,1764751477.338877,16971,7,1
2,Payment,1764751477.338962,12406,8,1
4,Delivery,1764751477.339031,24102,6,1
1,NewOrder,1764751477.339038,27331,5,1
2,Payment,1764751477.340030,26319,15,1
2,Payment,1764751477.340529,14940,9,1
3,OrderStatus,1764751477.340619,4596,2,1
2,Payment,1764751477.344511,14936,13,1
1,NewOrder,1764751477.344582,33838,4,1
1,NewOrder,1764751477.345223,33638,2,1
2,Payment,1764751477.348588,24743,12,1
1,NewOrder,1764751477.351369,43923,14,1
1,NewOrder,1764751477.351376,27500,8,1
1,NewOrder,1764751477.351532,24601,11,1
3,OrderStatus,1764751477.351626,4932,0,1
2,Payment,1764751477.355480,14600,9,1
4,Delivery,1764751477.355858,54705,7,1
3,OrderStatus,1764751477.356567,10070,0,1
2,Payment,1764751477.359429,13977,1,1
1,NewOrder,1764751477.359457,23902,13,1
1,NewOrder,1764751477.363136,32603,3,1
2,Payment,1764751477.363141,12992,6,1
1,NewOrder,1764751477.366321,39335,10,1
1,NewOrder,1764751477.366352,20472,15,1
3,OrderStatus,1764751477.366376,9827,5,1
2,Payment,1764751477.366644,16722,0,1
2,Payment,1764751477.370090,16801,9,1
1,NewOrder,1764751477.373339,21995,12,1
1,NewOrder,1764751477.373410,21885,1,1
1,NewOrder,1764751477.376144,31992,11,1
5,StockLevel,1764751477.376145,15948,6,1
2,Payment,1764751477.376213,15876,5,1
2,Payment,1764751477.378429,29871,4,1
1,NewOrder,1764751477.378870,26865,2,1
5,StockLevel,1764751477.378884,16914,8,1
2,Payment,1764751477.383369,14956,13,1
4,Delivery,1764751477.383374,54511,0,1
2,Payment,1764751477.386833,14464,15,1
4,Delivery,1764751477.386898,27345,9,1
2,Payment,1764751477.392102,29609,5,1
1,NewOrder,1764751477.392104,25799,6,1
1,NewOrder,1764751477.395300,30174,14,1
1,NewOrder,1764751477.395303,18942,1,1
2,Payment,1764751477.395341,29901,12,1
1,NewOrder,1764751477.395747,22214,3,1
4,Delivery,1764751477.395800,36308,8,1
2,Payment,1764751477.398332,12003,13,1
1,NewOrder,1764751477.401307,24049,15,1
2,Payment,1764751477.405670,12703,10,1
1,NewOrder,1764751477.405738,32100,2,1
1,NewOrder,1764751477.408149,32752,11,1
1,NewOrder,1764751477.408308,23832,4,1
2,Payment,1764751477.410344,42585,13,1
2,Payment,1764751477.410570,11066,7,1
2,Payment,1764751477.414254,17923,9,1
1,NewOrder,1764751477.414258,26485,1,1
2,Payment,1764751477.417914,15933,6,1
2,Payment,1764751477.417968,15850,3,1
1,NewOrder,1764751477.418379,29123,10,1
1,NewOrder,1764751477.421648,25822,7,1
2,Payment,1764751477.421720,12636,5,1
2,Payment,1764751477.425251,12562,12,1
2,Payment,1764751477.425363,12434,15,1
1,NewOrder,1764751477.425481,29963,14,1
2,Payment,1764751477.432118,11876,8,1
4,Delivery,1764751477.432148,23165,4,1
2,Payment,1764751477.432180,15290,9,1
1,NewOrder,1764751477.433824,21690,3,1
2,Payment,1764751477.433849,13639,6,1
2,Payment,1764751477.434363,15185,5,1
2,Payment,1764751477.437806,15029,15,1
2,Payment,1764751477.437820,28305,12,1
2,Payment,1764751477.437844,11808,2,1
2,Payment,1764751477.437889,14952,0,1
2,Payment,1764751477.440754,25317,1,1
2,Payment,1764751477.440909,14789,11,1
2,Payment,1764751477.444001,11356,8,1
2,Payment,1764751477.447479,13930,9,1
1,NewOrder,1764751477.447481,23017,7,1
2,Payment,1764751477.447497,13781,6,1
1,NewOrder,1764751477.447508,33802,10,1
2,Payment,1764751477.449555,12144,5,1
1,NewOrder,1764751477.449655,33530,2,1
1,NewOrder,1764751477.452845,30373,15,1
2,Payment,1764751477.452849,12892,0,1
4,Delivery,1764751477.452935,42163,13,1
2,Payment,1764751477.455321,17546,4,1
1,NewOrder,1764751477.455360,19628,8,1
2,Payment,1764751477.455451,13824,14,1
2,Payment,1764751477.455517,13248,3,1
1,NewOrder,1764751477.455707,25561,11,1
1,NewOrder,1764751477.461288,39748,6,1
1,NewOrder,1764751477.461419,21890,9,1
2,Payment,1764751477.461707,23975,5,1
2,Payment,1764751477.465749,17265,0,1
1,NewOrder,1764751477.466080,31414,1,1
1,NewOrder,1764751477.466132,31009,12,1
1,NewOrder,1764751477.468772,32265,3,1
1,NewOrder,1764751477.469283,35829,14,1
1,NewOrder,1764751477.470505,40313,7,1
1,NewOrder,1764751477.472876,28237,4,1
2,Payment,1764751477.474997,10102,8,1
1,NewOrder,1764751477.481282,41640,11,1
2,Payment,1764751477.481320,15864,10,1
3,OrderStatus,1764751477.483022,3528,0,1
4,Delivery,1764751477.483192,58592,2,1
1,NewOrder,1764751477.483224,44929,15,1
1,NewOrder,1764751477.483311,31563,9,1
2,Payment,1764751477.485117,16373,8,1
1,NewOrder,1764751477.485688,42189,5,1
2,Payment,1764751477.486562,24463,0,1
2,Payment,1764751477.495111,15624,13,1
2,Payment,1764751477.497150,25880,12,1
1,NewOrder,1764751477.497186,34938,10,1
5,StockLevel,1764751477.497497,13777,1,1
2,Payment,1764751477.501046,18746,3,1
1,NewOrder,1764751477.501047,18712,6,1
2,Payment,1764751477.501120,22481,4,1
2,Payment,1764751477.501506,23666,8,1
1,NewOrder,1764751477.505122,33238,14,1
2,Payment,1764751477.510748,21413,13,1
2,Payment,1764751477.510827,17122,7,1
1,NewOrder,1764751477.511031,35282,0,1
1,NewOrder,1764751477.511280,20903,1,1
1,NewOrder,1764751477.514887,33742,9,1
2,Payment,1764751477.519774,21352,6,1
2,Payment,1764751477.519801,12389,3,1
2,Payment,1764751477.522930,15455,11,1
1,NewOrder,1764751477.523039,25868,12,1
1,NewOrder,1764751477.523607,37519,4,1
1,NewOrder,1764751477.525178,26376,8,1
2,Payment,1764751477.527884,13901,5,1
1,NewOrder,1764751477.527956,26687,7,1
2,Payment,1764751477.528160,16858,15,1
1,NewOrder,1764751477.532136,29094,10,1
2,Payment,1764751477.532162,16581,13,1
2,Payment,1764751477.532185,14493,1,1
1,NewOrder,1764751477.532198,38453,3,1
2,Payment,1764751477.538374,26016,14,1
1,NewOrder,1764751477.538396,22917,11,1
2,Payment,1764751477.541134,13184,6,1
5,StockLevel,1764751477.541792,15373,2,1
1,NewOrder,1764751477.541793,32107,5,1
1,NewOrder,1764751477.545029,25575,15,1
1,NewOrder,1764751477.546321,39211,0,1
1,NewOrder,1764751477.546688,42419,1,1
1,NewOrder,1764751477.548637,15711,9,1
5,StockLevel,1764751477.548747,15714,13,1
2,Payment,1764751477.548914,15824,12,1
2,Payment,1764751477.551562,12820,8,1
1,NewOrder,1764751477.554327,28516,6,1
2,Payment,1764751477.554650,12961,7,1
2,Payment,1764751477.557173,28060,2,1
1,NewOrder,1764751477.561138,41189,4,1
1,NewOrder,1764751477.561239,30818,10,1
1,NewOrder,1764751477.561317,30732,11,1
1,NewOrder,1764751477.564356,32246,9,1
2,Payment,1764751477.564391,20794,8,1
1,NewOrder,1764751477.564397,34443,14,1
1,NewOrder,1764751477.564464,27685,13,1
2,Payment,1764751477.564745,24379,12,1
5,StockLevel,1764751477.567620,22138,7,1
1,NewOrder,1764751477.570614,31780,15,1
1,NewOrder,1764751477.570654,31657,3,1
2,Payment,1764751477.573921,18433,5,1
2,Payment,1764751477.582858,13736,6,1
1,NewOrder,1764751477.585194,20700,8,1
1,NewOrder,1764751477.585241,27622,2,1
2,Payment,1764751477.585539,13455,0,1
2,Payment,1764751477.589116,16433,1,1
2,Payment,1764751477.589132,17129,12,1
1,NewOrder,1764751477.589764,37924,7,1
1,NewOrder,1764751477.592058,24955,11,1
2,Payment,1764751477.592065,13638,10,1
1,NewOrder,1764751477.592156,40341,13,1
5,StockLevel,1764751477.592360,15219,5,1
1,NewOrder,1764751477.596602,26357,6,1
5,StockLevel,1764751477.596609,11093,9,1
3,OrderStatus,1764751477.598848,8757,14,1
4,Delivery,1764751477.599001,40712,0,1
2,Payment,1764751477.602321,15284,3,1
1,NewOrder,1764751477.602335,41136,4,1
1,NewOrder,1764751477.602401,30212,15,1
1,NewOrder,1764751477.605585,22124,1,1
1,NewOrder,1764751477.605711,33927,10,1
2,Payment,1764751477.605900,14315,8,1
1,NewOrder,1764751477.606267,37294,12,1
2,Payment,1764751477.607586,14861,5,1
2,Payment,1764751477.607611,14807,14,1
4,Delivery,1764751477.607708,36242,9,1
5,StockLevel,1764751477.612873,12071,2,1
1,NewOrder,1764751477.617024,51009,11,1
2,Payment,1764751477.617612,14903,3,1
2,Payment,1764751477.620225,15610,8,1
2,Payment,1764751477.622430,13144,14,1
2,Payment,1764751477.622456,9886,5,1
1,NewOrder,1764751477.622966,28164,6,1
4,Delivery,1764751477.624951,56691,2,1
5,StockLevel,1764751477.627697,2472,7,1
1,NewOrder,1764751477.627716,39751,1,1
2,Payment,1764751477.630177,17965,7,1
1,NewOrder,1764751477.632352,23060,5,1
2,Payment,1764751477.632500,11322,13,1
1,NewOrder,1764751477.632523,21140,3,1
2,Payment,1764751477.632620,14745,15,1
2,Payment,1764751477.635584,31881,14,1
2,Payment,1764751477.635841,14706,8,1
1,NewOrder,1764751477.639648,28002,10,1
1,NewOrder,1764751477.639721,33843,0,1
1,NewOrder,1764751477.643480,34387,4,1
2,Payment,1764751477.643570,24038,12,1
4,Delivery,1764751477.643833,40454,13,1
2,Payment,1764751477.643957,19861,9,1
1,NewOrder,1764751477.647374,30521,15,1
1,NewOrder,1764751477.648150,33574,7,1
2,Payment,1764751477.650557,16907,8,1
1,NewOrder,1764751477.651138,22631,6,1
1,NewOrder,1764751477.653678,30627,3,1
2,Payment,1764751477.655420,18108,5,1
1,NewOrder,1764751477.663833,24127,9,1
2,Payment,1764751477.667477,14197,8,1
3,OrderStatus,1764751477.667478,5439,1,1
2,Payment,1764751477.667478,14293,14,1
2,Payment,1764751477.667615,14015,12,1
2,Payment,1764751477.667656,14038,10,1
1,NewOrder,1764751477.668040,22781,11,1
2,Payment,1764751477.672925,14994,1,1
2,Payment,1764751477.673535,14424,5,1
1,NewOrder,1764751477.673571,34229,0,1
2,Payment,1764751477.673775,14140,6,1
1,NewOrder,1764751477.677876,207731,4,1
1,NewOrder,1764751477.677903,30250,15,1
2,Payment,1764751477.681636,12605,12,1
1,NewOrder,1764751477.681649,207583,2,1
1,NewOrder,1764751477.681680,26594,8,1
1,NewOrder,1764751477.681697,26167,10,1
3,OrderStatus,1764751477.681726,1417,7,1
2,Payment,1764751477.681774,12434,14,1
1,NewOrder,1764751477.683150,205965,7,1
1,NewOrder,1764751477.684295,201335,13,1
2,Payment,1764751477.684311,16668,3,1
2,Payment,1764751477.687922,17055,6,1
3,OrderStatus,1764751477.687926,4608,1,1
1,NewOrder,1764751477.687965,201217,5,1
1,NewOrder,1764751477.687969,201207,9,1
2,Payment,1764751477.690828,16927,11,1
2,Payment,1764751477.692541,15317,1,1
1,NewOrder,1764751477.694217,202951,14,1
2,Payment,1764751477.694243,13563,12,1
5,StockLevel,1764751477.700991,184846,3,1
2,Payment,1764751477.704986,184175,6,1
1,NewOrder,1764751477.707767,189380,11,1
1,NewOrder,1764751477.707808,192452,0,1
1,NewOrder,1764751477.707813,189231,12,1
2,Payment,1764751477.707861,184431,1,1
5,StockLevel,1764751477.707870,189479,10,1
1,NewOrder,1764751477.708159,189015,15,1
4,Delivery,1764751477.708280,189054,8,1
2,Payment,1764751477.885624,14604,4,1
2,Payment,1764751477.885638,14645,13,1
1,NewOrder,1764751477.885841,23314,3,1
2,Payment,1764751477.889121,15282,7,1
1,NewOrder,1764751477.889167,19929,6,1
4,Delivery,1764751477.889181,27106,9,1
2,Payment,1764751477.889186,30560,5,1
2,Payment,1764751477.889234,48495,2,1
2,Payment,1764751477.892299,16830,1,1
5,StockLevel,1764751477.897053,15508,12,1
1,NewOrder,1764751477.897153,21987,11,1
2,Payment,1764751477.897173,15518,14,1
1,NewOrder,1764751477.897179,26905,15,1
1,NewOrder,1764751477.897339,33395,8,1
2,Payment,1764751477.897355,15145,10,1
1,NewOrder,1764751477.900234,30519,4,1
2,Payment,1764751477.900265,16069,0,1
2,Payment,1764751477.900288,15846,13,1
2,Payment,1764751477.904414,11874,7,1
2,Payment,1764751477.909107,37294,6,1
2,Payment,1764751477.909135,15545,1,1
1,NewOrder,1764751477.909158,24534,3,1
5,StockLevel,1764751477.912509,11363,10,1
1,NewOrder,1764751477.912567,31140,12,1
2,Payment,1764751477.912694,14711,14,1
2,Payment,1764751477.916144,11584,13,1
2,Payment,1764751477.916293,14379,9,1
2,Payment,1764751477.916295,14321,7,1
2,Payment,1764751477.916341,11044,0,1
1,NewOrder,1764751477.919147,27209,11,1
1,NewOrder,1764751477.919759,26588,5,1
2,Payment,1764751477.923879,22518,10,1
2,Payment,1764751477.924088,19573,15,1
1,NewOrder,1764751477.924686,21742,1,1
2,Payment,1764751477.927392,16252,0,1
1,NewOrder,1764751477.927411,19109,14,1
1,NewOrder,1764751477.927734,18718,13,1
2,Payment,1764751477.930621,30308,7,1
2,Payment,1764751477.930678,30237,9,1
2,Payment,1764751477.930740,15652,8,1
5,StockLevel,1764751477.930758,15591,4,1
1,NewOrder,1764751477.933701,27214,3,1
1,NewOrder,1764751477.937737,20501,2,1
1,NewOrder,1764751477.943654,17303,0,1
1,NewOrder,1764751477.943668,19244,15,1
2,Payment,1764751477.943712,14560,12,1
1,NewOrder,1764751477.946354,16605,5,1
2,Payment,1764751477.946354,14551,4,1
3,OrderStatus,1764751477.946362,1321,11,1
2,Payment,1764751477.946393,14512,8,1
2,Payment,1764751477.946399,203924,10,1
1,NewOrder,1764751477.946407,76075,6,1
1,NewOrder,1764751477.946430,203929,1,1
2,Payment,1764751477.946457,214098,13,1
1,NewOrder,1764751477.946521,76115,14,1
5,StockLevel,1764751477.947689,13252,11,1
2,Payment,1764751477.958246,181330,2,1
2,Payment,1764751477.958279,181301,12,1
1,NewOrder,1764751477.960912,193817,4,1
1,NewOrder,1764751477.960912,193781,8,1
2,Payment,1764751477.960921,189394,3,1
1,NewOrder,1764751477.960922,193941,9,1
1,NewOrder,1764751477.960930,193943,7,1
3,OrderStatus,1764751477.960946,178634,11,1
2,Payment,1764751477.960962,189446,0,1
5,StockLevel,1764751477.962919,187453,15,1
2,Payment,1764751477.962965,187740,5,1
1,NewOrder,1764751478.022498,148700,6,1
1,NewOrder,1764751478.022645,132464,14,1
1,NewOrder,1764751478.139594,31707,2,1
2,Payment,1764751478.139594,20468,11,1
1,NewOrder,1764751478.139594,31748,12,1
2,Payment,1764751478.150327,20895,3,1
1,NewOrder,1764751478.150330,23986,10,1
1,NewOrder,1764751478.150360,34554,1,1
1,NewOrder,1764751478.150374,24014,15,1
2,Payment,1764751478.150414,20771,0,1
2,Payment,1764751478.150710,20539,5,1
2,Payment,1764751478.154699,19623,8,1
2,Payment,1764751478.154734,54664,4,1
1,NewOrder,1764751478.154868,33031,9,1
1,NewOrder,1764751478.154879,30101,7,1
1,NewOrder,1764751478.155114,33244,14,1
1,NewOrder,1764751478.160076,42308,11,1
2,Payment,1764751478.160561,24358,13,1
2,Payment,1764751478.171197,16645,0,1
1,NewOrder,1764751478.171206,54368,6,1
2,Payment,1764751478.171227,16619,3,1
2,Payment,1764751478.171250,16636,5,1
1,NewOrder,1764751478.171307,30561,2,1
1,NewOrder,1764751478.171344,38422,12,1
1,NewOrder,1764751478.174327,27413,10,1
2,Payment,1764751478.174328,16758,8,1
1,NewOrder,1764751478.174390,35058,15,1
4,Delivery,1764751478.184928,40815,13,1
2,Payment,1764751478.184929,20118,1,1
1,NewOrder,1764751478.184984,35558,7,1
2,Payment,1764751478.187851,21546,3,1
1,NewOrder,1764751478.187861,37708,0,1
2,Payment,1764751478.187889,43607,5,1
1,NewOrder,1764751478.187904,38085,9,1
3,OrderStatus,1764751478.188375,1803,14,1
1,NewOrder,1764751478.190186,55421,14,1
2,Payment,1764751478.191108,18319,8,1
2,Payment,1764751478.201755,23855,10,1
3,OrderStatus,1764751478.201876,5044,2,1
1,NewOrder,1764751478.202390,34127,11,1
1,NewOrder,1764751478.205059,26003,1,1
2,Payment,1764751478.206929,29679,2,1
1,NewOrder,1764751478.209407,21904,4,1
2,Payment,1764751478.209408,21598,3,1
2,Payment,1764751478.209431,21650,8,1
2,Payment,1764751478.209453,21547,15,1
1,NewOrder,1764751478.209771,26773,12,1
2,Payment,1764751478.220551,16002,7,1
2,Payment,1764751478.225579,22211,0,1
1,NewOrder,1764751478.225582,39317,6,1
1,NewOrder,1764751478.225634,34700,10,1
1,NewOrder,1764751478.225749,22032,13,1
2,Payment,1764751478.225994,22074,9,1
1,NewOrder,1764751478.231013,17665,15,1
1,NewOrder,1764751478.231013,30291,3,1
2,Payment,1764751478.231068,42669,1,1
1,NewOrder,1764751478.231087,30295,8,1
2,Payment,1764751478.231319,17847,4,1
5,StockLevel,1764751478.231501,16351,5,1
5,StockLevel,1764751478.236528,1894,11,1
2,Payment,1764751478.236551,18270,12,1
2,Payment,1764751478.236558,18306,7,1
2,Payment,1764751478.236614,18347,2,1
2,Payment,1764751478.238428,23303,11,1
1,NewOrder,1764751478.245619,24151,14,1
1,NewOrder,1764751478.247790,45735,13,1
4,Delivery,1764751478.247798,62560,0,1
5,StockLevel,1764751478.247855,16754,5,1
2,Payment,1764751478.248074,21619,9,1
1,NewOrder,1764751478.248684,44752,15,1
1,NewOrder,1764751478.249171,44211,4,1
2,Payment,1764751478.254831,19288,12,1
1,NewOrder,1764751478.254871,38524,7,1
2,Payment,1764751478.254965,38403,2,1
3,OrderStatus,1764751478.260347,13835,10,1
1,NewOrder,1764751478.261312,49190,3,1
5,StockLevel,1764751478.261385,27802,8,1
1,NewOrder,1764751478.261738,31759,11,1
2,Payment,1764751478.264619,28905,5,1
2,Payment,1764751478.264907,28457,6,1
2,Payment,1764751478.269708,23860,9,1
1,NewOrder,1764751478.269780,27078,14,1
2,Payment,1764751478.273745,36469,1,1
1,NewOrder,1764751478.274126,31648,12,1
1,NewOrder,1764751478.274189,43155,10,1
2,Payment,1764751478.289203,16229,8,1
4,Delivery,1764751478.293380,93876,2,1
2,Payment,1764751478.293381,16911,6,1
2,Payment,1764751478.293389,17114,4,1
2,Payment,1764751478.293402,87240,7,1
5,StockLevel,1764751478.293438,16824,15,1
2,Payment,1764751478.293501,16958,11,1
3,OrderStatus,1764751478.293528,16651,13,1
1,NewOrder,1764751478.293531,90062,5,1
1,NewOrder,1764751478.293571,90021,9,1
2,Payment,1764751478.296873,20420,14,1
2,Payment,1764751478.305449,69796,8,1
2,Payment,1764751478.305785,69461,12,1
1,NewOrder,1764751478.310212,89960,13,1
2,Payment,1764751478.310223,70420,1,1
1,NewOrder,1764751478.310264,77283,15,1
1,NewOrder,1764751478.310295,77020,6,1
2,Payment,1764751478.310360,73932,0,1
2,Payment,1764751478.310465,70219,11,1
2,Payment,1764751478.310505,70162,4,1
1,NewOrder,1764751478.310508,76783,3,1
1,NewOrder,1764751478.317307,70271,14,1
2,Payment,1764751478.317352,70146,10,1
2,Payment,1764751478.375262,12196,12,1
2,Payment,1764751478.375273,12093,8,1
2,Payment,1764751478.380653,19914,1,1
2,Payment,1764751478.380654,19339,7,1
1,NewOrder,1764751478.380673,26213,4,1
2,Payment,1764751478.380690,18824,11,1
1,NewOrder,1764751478.383600,144968,9,1
2,Payment,1764751478.383601,17025,5,1
1,NewOrder,1764751478.384299,38427,0,1
4,Delivery,1764751478.387265,149494,2,1
4,Delivery,1764751478.387297,148840,3,1
2,Payment,1764751478.387321,34826,6,1
3,OrderStatus,1764751478.387371,13028,8,1
3,OrderStatus,1764751478.387462,1712,12,1
2,Payment,1764751478.387504,24322,10,1
2,Payment,1764751478.387553,20018,15,1
1,NewOrder,1764751478.387580,35130,14,1
1,NewOrder,1764751478.389181,22639,12,1
2,Payment,1764751478.399530,22507,11,1
1,NewOrder,1764751478.400002,130695,7,1
2,Payment,1764751478.400180,13830,13,1
1,NewOrder,1764751478.400419,21732,8,1
3,OrderStatus,1764751478.400574,6723,1,1
2,Payment,1764751478.400633,21713,5,1
1,NewOrder,1764751478.406902,129430,4,1
1,NewOrder,1764751478.407303,128841,1,1
2,Payment,1764751478.407584,120989,15,1
1,NewOrder,1764751478.411830,125485,12,1
2,Payment,1764751478.411834,118870,10,1
1,NewOrder,1764751478.414017,122272,13,1
1,NewOrder,1764751478.422051,114385,11,1
1,NewOrder,1764751478.422154,118915,8,1
1,NewOrder,1764751478.422159,114106,6,1
1,NewOrder,1764751478.422352,114023,5,1
2,Payment,1764751478.422716,182851,14,1
5,StockLevel,1764751478.422733,113425,0,1
1,NewOrder,1764751478.528587,82920,9,1
1,NewOrder,1764751478.528587,91583,15,1
2,Payment,1764751478.530702,74915,7,1
2,Payment,1764751478.530709,74852,10,1
2,Payment,1764751478.536144,75170,3,1
2,Payment,1764751478.536149,87325,1,1
1,NewOrder,1764751478.536163,83435,0,1
2,Payment,1764751478.536270,83738,6,1
1,NewOrder,1764751478.536294,83278,13,1
1,NewOrder,1764751478.536335,83259,4,1
2,Payment,1764751478.536377,75321,5,1
2,Payment,1764751478.536439,80721,11,1
2,Payment,1764751478.536764,74541,2,1
1,NewOrder,1764751478.537321,79576,12,1
1,NewOrder,1764751478.541075,82382,8,1
2,Payment,1764751478.605580,14079,10,1
1,NewOrder,1764751478.605580,23603,14,1
1,NewOrder,1764751478.605623,24607,7,1
1,NewOrder,1764751478.611319,23537,2,1
1,NewOrder,1764751478.611321,23601,3,1
1,NewOrder,1764751478.611512,32089,9,1
1,NewOrder,1764751478.611703,37891,5,1
1,NewOrder,1764751478.616908,26599,12,1
2,Payment,1764751478.617166,22169,11,1
2,Payment,1764751478.619578,19896,13,1
1,NewOrder,1764751478.619600,33467,4,1
1,NewOrder,1764751478.619603,24298,0,1
1,NewOrder,1764751478.619661,36484,10,1
1,NewOrder,1764751478.620013,33058,6,1
1,NewOrder,1764751478.620174,35800,15,1
2,Payment,1764751478.623463,15911,8,1
1,NewOrder,1764751478.623480,29621,1,1
1,NewOrder,1764751478.629191,26744,14,1
2,Payment,1764751478.630236,13881,7,1
2,Payment,1764751478.634867,18238,2,1
1,NewOrder,1764751478.634929,23980,3,1
2,Payment,1764751478.639345,16594,11,1
1,NewOrder,1764751478.639381,13473,8,1
1,NewOrder,1764751478.639480,19436,13,1
1,NewOrder,1764751478.643518,19317,12,1
2,Payment,1764751478.643608,15339,9,1
2,Payment,1764751478.643907,15070,0,1
5,StockLevel,1764751478.644122,14764,7,1
1,NewOrder,1764751478.649603,29737,5,1
1,NewOrder,1764751478.652859,25765,8,1
2,Payment,1764751478.653074,9864,4,1
2,Payment,1764751478.653080,9917,6,1
2,Payment,1764751478.653108,9729,1,1
1,NewOrder,1764751478.653121,35092,2,1
1,NewOrder,1764751478.655943,32848,14,1
3,OrderStatus,1764751478.655946,12839,11,1
4,Delivery,1764751478.655977,38443,15,1
2,Payment,1764751478.656150,23251,10,1
2,Payment,1764751478.658892,35605,7,1
1,NewOrder,1764751478.658916,29217,3,1
5,StockLevel,1764751478.658923,19555,13,1
5,StockLevel,1764751478.658949,19592,9,1
3,OrderStatus,1764751478.658984,5574,0,1
1,NewOrder,1764751478.662844,26027,12,1
2,Payment,1764751478.662845,16629,1,1
1,NewOrder,1764751478.662944,25050,4,1
2,Payment,1764751478.663003,17016,6,1
3,OrderStatus,1764751478.664564,1400,0,1
1,NewOrder,1764751478.665971,22113,0,1
1,NewOrder,1764751478.668801,36827,11,1
1,NewOrder,1764751478.678495,29010,13,1
1,NewOrder,1764751478.678550,22929,9,1
2,Payment,1764751478.678632,15751,8,1
1,NewOrder,1764751478.679348,26255,5,1
2,Payment,1764751478.679408,15028,10,1
2,Payment,1764751478.679481,15108,1,1
1,NewOrder,1764751478.680025,25460,6,1
1,NewOrder,1764751478.688005,36342,4,1
1,NewOrder,1764751478.688092,48566,0,1
2,Payment,1764751478.688135,18632,3,1
4,Delivery,1764751478.688219,48610,2,1
1,NewOrder,1764751478.688798,26943,14,1
1,NewOrder,1764751478.688876,39440,12,1
1,NewOrder,1764751478.694397,31794,8,1
5,StockLevel,1764751478.694430,13919,15,1
1,NewOrder,1764751478.694442,33843,10,1
2,Payment,1764751478.694500,14988,7,1
1,NewOrder,1764751478.694596,29950,1,1
1,NewOrder,1764751478.701496,26792,9,1
2,Payment,1764751478.705499,18874,6,1
1,NewOrder,1764751478.705607,31058,5,1
2,Payment,1764751478.705629,18658,11,1
2,Payment,1764751478.706779,17534,3,1
2,Payment,1764751478.707512,16817,13,1
1,NewOrder,1764751478.708356,19890,15,1
2,Payment,1764751478.709495,27632,7,1
2,Payment,1764751478.715756,12657,14,1
1,NewOrder,1764751478.724303,21357,11,1
3,OrderStatus,1764751478.724323,1773,3,1
2,Payment,1764751478.724335,12497,13,1
2,Payment,1764751478.724350,12241,4,1
2,Payment,1764751478.724376,27643,6,1
2,Payment,1764751478.724556,12305,1,1
1,NewOrder,1764751478.726103,25831,3,1
1,NewOrder,1764751478.726208,23241,8,1
1,NewOrder,1764751478.728264,21150,15,1
2,Payment,1764751478.728295,14276,10,1
2,Payment,1764751478.728313,23680,9,1
2,Payment,1764751478.728322,31366,12,1
2,Payment,1764751478.728425,14157,14,1
2,Payment,1764751478.736607,22640,4,1
2,Payment,1764751478.736670,12784,0,1
2,Payment,1764751478.736673,12885,5,1
2,Payment,1764751478.736837,15057,2,1
2,Payment,1764751478.736839,12577,13,1
1,NewOrder,1764751478.736862,22467,1,1
4,Delivery,1764751478.737134,37176,7,1
2,Payment,1764751478.742581,22478,10,1
5,StockLevel,1764751478.742590,9311,14,1
2,Payment,1764751478.745667,13625,11,1
5,StockLevel,1764751478.749421,2234,15,1
2,Payment,1764751478.749424,24163,13,1
5,StockLevel,1764751478.749456,9674,8,1
2,Payment,1764751478.749461,12532,0,1
1,NewOrder,1764751478.749564,19497,5,1
2,Payment,1764751478.751662,10380,15,1
1,NewOrder,1764751478.751900,22952,2,1
2,Payment,1764751478.751907,22794,14,1
2,Payment,1764751478.751941,10115,3,1
1,NewOrder,1764751478.751997,29629,9,1
1,NewOrder,1764751478.752026,22731,6,1
2,Payment,1764751478.759139,15157,8,1
1,NewOrder,1764751478.759253,22321,4,1
2,Payment,1764751478.759299,14294,11,1
3,OrderStatus,1764751478.759334,9697,1,1
2,Payment,1764751478.759694,31368,12,1
1,NewOrder,1764751478.762001,23943,0,1
1,NewOrder,1764751478.762049,19530,15,1
1,NewOrder,1764751478.762062,29022,3,1
2,Payment,1764751478.765066,12945,10,1
1,NewOrder,1764751478.769041,24949,1,1
1,NewOrder,1764751478.769069,22001,5,1
2,Payment,1764751478.773598,36483,13,1
2,Payment,1764751478.773599,17544,11,1
1,NewOrder,1764751478.774304,26260,8,1
2,Payment,1764751478.774316,16793,7,1
2,Payment,1764751478.774708,16734,14,1
2,Payment,1764751478.774764,64642,6,1
1,NewOrder,1764751478.774858,25727,2,1
1,NewOrder,1764751478.778023,18743,10,1
1,NewOrder,1764751478.781585,30838,4,1
1,NewOrder,1764751478.781586,57028,15,1
1,NewOrder,1764751478.781633,28498,9,1
4,Delivery,1764751478.785951,115632,0,1
2,Payment,1764751478.791070,103640,12,1
1,NewOrder,1764751478.791077,24671,5,1
2,Payment,1764751478.791116,14839,7,1
1,NewOrder,1764751478.791150,21416,11,1
2,Payment,1764751478.791165,18922,3,1
1,NewOrder,1764751478.791449,47511,14,1
1,NewOrder,1764751478.793997,22306,1,1
1,NewOrder,1764751478.796773,42642,10,1
2,Payment,1764751478.800575,15184,8,1
2,Payment,1764751478.800594,15366,2,1
1,NewOrder,1764751478.805964,96136,7,1
1,NewOrder,1764751478.810098,98098,3,1
1,NewOrder,1764751478.810108,98407,13,1
2,Payment,1764751478.810134,84584,9,1
1,NewOrder,1764751478.812430,95837,4,1
2,Payment,1764751478.812573,88955,11,1
2,Payment,1764751478.815766,92534,8,1
1,NewOrder,1764751478.815768,94902,5,1
2,Payment,1764751478.815969,85873,2,1
1,NewOrder,1764751478.816310,95072,1,1
2,Payment,1764751478.838632,86521,15,1
2,Payment,1764751478.838969,69391,14,1
1,NewOrder,1764751478.839414,75045,6,1
1,NewOrder,1764751478.839423,79978,10,1
1,NewOrder,1764751478.894725,24650,12,1
1,NewOrder,1764751478.894727,24778,9,1
1,NewOrder,1764751478.901537,30923,11,1
1,NewOrder,1764751478.901587,28313,0,1
1,NewOrder,1764751478.901846,28224,2,1
1,NewOrder,1764751478.902105,23303,7,1
3,OrderStatus,1764751478.908212,11248,3,1
2,Payment,1764751478.908275,16837,4,1
1,NewOrder,1764751478.908305,24144,8,1
1,NewOrder,1764751478.908366,21609,14,1
1,NewOrder,1764751478.908520,23866,13,1
1,NewOrder,1764751478.910676,33682,5,1
3,OrderStatus,1764751478.911388,1826,1,1
2,Payment,1764751478.913220,16677,1,1
2,Payment,1764751478.914465,15475,6,1
1,NewOrder,1764751478.919382,29006,12,1
1,NewOrder,1764751478.919407,25276,10,1
2,Payment,1764751478.919466,12973,3,1
2,Payment,1764751478.919510,12987,9,1
4,Delivery,1764751478.925122,22342,4,1
2,Payment,1764751478.925160,16304,15,1
2,Payment,1764751478.925414,18793,7,1
1,NewOrder,1764751478.929904,22653,1,1
2,Payment,1764751478.929906,14266,0,1
1,NewOrder,1764751478.929946,18502,6,1
1,NewOrder,1764751478.929981,32111,14,1
1,NewOrder,1764751478.930074,22451,2,1
5,StockLevel,1764751478.932393,15028,13,1
2,Payment,1764751478.932441,11734,3,1
2,Payment,1764751478.932455,14841,8,1
1,NewOrder,1764751478.932468,23347,11,1
1,NewOrder,1764751478.932499,29581,9,1
1,NewOrder,1764751478.941474,25993,15,1
1,NewOrder,1764751478.944180,19765,0,1
1,NewOrder,1764751478.944182,19803,3,1
2,Payment,1764751478.944209,11586,7,1
2,Payment,1764751478.944365,17997,5,1
1,NewOrder,1764751478.944689,19493,10,1
1,NewOrder,1764751478.947302,20218,8,1
2,Payment,1764751478.947427,14706,13,1
2,Payment,1764751478.947469,32956,4,1
1,NewOrder,1764751478.948394,15704,12,1
1,NewOrder,1764751478.948458,34882,6,1
2,Payment,1764751478.952532,11440,2,1
2,Payment,1764751478.952563,27772,1,1
1,NewOrder,1764751478.955805,27740,7,1
2,Payment,1764751478.955822,11600,11,1
1,NewOrder,1764751478.962089,19164,9,1
2,Payment,1764751478.962115,12795,14,1
1,NewOrder,1764751478.962137,32349,13,1
2,Payment,1764751478.962368,32237,5,1
2,Payment,1764751478.963951,16222,0,1
2,Payment,1764751478.963979,31043,2,1
1,NewOrder,1764751478.963991,23365,3,1
1,NewOrder,1764751478.964104,92631,12,1
1,NewOrder,1764751478.964188,30307,10,1
2,Payment,1764751478.967444,19882,11,1
1,NewOrder,1764751478.967469,89251,15,1
1,NewOrder,1764751478.967528,89200,8,1
2,Payment,1764751478.974925,12321,14,1
1,NewOrder,1764751478.980187,89915,0,1
1,NewOrder,1764751478.980362,94815,1,1
1,NewOrder,1764751478.980451,81141,4,1
2,Payment,1764751478.981257,13423,9,1
2,Payment,1764751478.983349,16223,6,1
1,NewOrder,1764751478.983552,91441,7,1
1,NewOrder,1764751478.987259,87621,14,1
1,NewOrder,1764751478.987337,87613,11,1
1,NewOrder,1764751478.987359,82729,3,1
2,Payment,1764751478.994503,80379,13,1
1,NewOrder,1764751478.994505,80582,10,1
5,StockLevel,1764751478.994613,75469,5,1
2,Payment,1764751478.994689,80204,9,1
1,NewOrder,1764751478.995029,79939,2,1
1,NewOrder,1764751478.999586,139629,6,1
2,Payment,1764751479.056737,77879,8,1
2,Payment,1764751479.056737,77878,15,1
1,NewOrder,1764751479.056740,98829,12,1
1,NewOrder,1764751479.061598,77753,4,1
1,NewOrder,1764751479.070091,85126,5,1
4,Delivery,1764751479.070094,85739,3,1
3,OrderStatus,1764751479.070128,69090,0,1
1,NewOrder,1764751479.074888,80480,13,1
1,NewOrder,1764751479.074889,82433,14,1
2,Payment,1764751479.074898,80521,9,1
1,NewOrder,1764751479.074954,82077,11,1
1,NewOrder,1764751479.074974,79967,2,1
2,Payment,1764751479.074994,80532,7,1
1,NewOrder,1764751479.075092,80313,10,1
1,NewOrder,1764751479.075182,80489,1,1
1,NewOrder,1764751479.134630,26791,8,1
2,Payment,1764751479.134630,21285,15,1
2,Payment,1764751479.139224,39040,6,1
1,NewOrder,1764751479.139226,35615,0,1
2,Payment,1764751479.139364,17665,4,1
5,StockLevel,1764751479.154975,25849,2,1
1,NewOrder,1764751479.155226,85214,5,1
2,Payment,1764751479.155374,22948,13,1
1,NewOrder,1764751479.155407,78884,10,1
2,Payment,1764751479.155425,22832,9,1
1,NewOrder,1764751479.155532,78742,7,1
2,Payment,1764751479.155571,84783,12,1
2,Payment,1764751479.155677,78649,1,1
1,NewOrder,1764751479.155837,82848,3,1
5,StockLevel,1764751479.155918,23877,15,1
1,NewOrder,1764751479.157033,23723,4,1
1,NewOrder,1764751479.157036,83387,11,1
1,NewOrder,1764751479.157327,76954,14,1
5,StockLevel,1764751479.161429,19310,8,1
1,NewOrder,1764751479.174857,65572,0,1
2,Payment,1764751479.178272,62074,6,1
2,Payment,1764751479.178272,62428,9,1
3,OrderStatus,1764751479.178329,2214,13,1
1,NewOrder,1764751479.179800,60854,15,1
2,Payment,1764751479.180548,363625,13,1
2,Payment,1764751479.180743,59616,8,1
2,Payment,1764751479.180758,59640,4,1
2,Payment,1764751479.180831,370053,2,1
1,NewOrder,1764751479.234293,310072,7,1
1,NewOrder,1764751479.234300,310115,10,1
1,NewOrder,1764751479.234308,299481,14,1
2,Payment,1764751479.234332,189237,1,1
2,Payment,1764751479.238698,294986,3,1
1,NewOrder,1764751479.240355,303947,6,1
1,NewOrder,1764751479.240360,303861,12,1
1,NewOrder,1764751479.240365,305737,8,1
2,Payment,1764751479.240403,305717,4,1
4,Delivery,1764751479.240425,305653,11,1
2,Payment,1764751479.240431,305525,0,1
1,NewOrder,1764751479.240441,303735,5,1
3,OrderStatus,1764751479.240659,293071,15,1
1,NewOrder,1764751479.240702,304086,9,1
5,StockLevel,1764751479.423587,126919,1,1
1,NewOrder,1764751479.533700,41687,3,1
2,Payment,1764751479.533738,16929,15,1
1,NewOrder,1764751479.533794,45862,14,1
1,NewOrder,1764751479.544185,50528,5,1
1,NewOrder,1764751479.544186,35509,13,1
2,Payment,1764751479.544224,30054,12,1
1,NewOrder,1764751479.544305,37962,6,1
1,NewOrder,1764751479.544370,35641,7,1
2,Payment,1764751479.544417,57112,10,1
2,Payment,1764751479.544793,34864,9,1
1,NewOrder,1764751479.545961,36376,0,1
4,Delivery,1764751479.546081,48693,11,1
2,Payment,1764751479.546104,33513,8,1
2,Payment,1764751479.546121,29362,4,1
1,NewOrder,1764751479.550523,31864,1,1
1,NewOrder,1764751479.550675,31587,15,1
2,Payment,1764751479.550890,28847,2,1
5,StockLevel,1764751479.574301,24257,12,1
2,Payment,1764751479.575396,23171,3,1
2,Payment,1764751479.575490,23084,4,1
1,NewOrder,1764751479.579623,10441,8,1
2,Payment,1764751479.579658,24858,14,1
2,Payment,1764751479.579662,144302,9,1
2,Payment,1764751479.579700,21661,13,1
1,NewOrder,1764751479.579742,85747,2,1
2,Payment,1764751479.580015,21420,7,1
5,StockLevel,1764751479.582271,19243,15,1
5,StockLevel,1764751479.582274,22187,6,1
2,Payment,1764751479.582345,22042,0,1
3,OrderStatus,1764751479.582390,18957,1,1
2,Payment,1764751479.590070,71220,8,1
2,Payment,1764751479.594724,129646,5,1
1,NewOrder,1764751479.594783,129625,11,1
2,Payment,1764751479.598563,204936,12,1
1,NewOrder,1764751479.598573,136174,3,1
1,NewOrder,1764751479.598579,125385,4,1
1,NewOrder,1764751479.601355,133505,1,1
2,Payment,1764751479.601367,122707,13,1
1,NewOrder,1764751479.601438,133541,7,1
2,Payment,1764751479.601519,122637,15,1
1,NewOrder,1764751479.601533,133308,10,1
2,Payment,1764751479.604394,130407,0,1
2,Payment,1764751479.604467,119639,6,1
1,NewOrder,1764751479.604521,119500,14,1
2,Payment,1764751479.661307,73455,8,1
2,Payment,1764751479.665510,69871,2,1
1,NewOrder,1764751479.723980,204095,9,1
2,Payment,1764751479.723980,79478,4,1
1,NewOrder,1764751479.724026,203184,14,1
1,NewOrder,1764751479.724079,203556,13,1
2,Payment,1764751479.724109,79338,6,1
1,NewOrder,1764751479.724159,203385,15,1
2,Payment,1764751479.724375,344104,5,1
1,NewOrder,1764751479.724412,202780,11,1
1,NewOrder,1764751479.734761,323614,3,1
2,Payment,1764751479.734769,192734,8,1
1,NewOrder,1764751479.734806,323577,0,1
1,NewOrder,1764751479.734842,323602,10,1
1,NewOrder,1764751479.734862,323636,1,1
1,NewOrder,1764751479.734983,335823,7,1
1,NewOrder,1764751479.735386,322997,2,1
1,NewOrder,1764751479.803465,266087,6,1
2,Payment,1764751479.803467,293266,4,1
2,Payment,1764751479.803504,264987,12,1
1,NewOrder,1764751479.927211,141515,11,1
1,NewOrder,1764751479.927219,142024,14,1
2,Payment,1764751479.927506,141259,8,1
3,OrderStatus,1764751479.927549,140959,15,1
2,Payment,1764751479.927639,239779,13,1
2,Payment,1764751479.928080,140567,9,1
1,NewOrder,1764751480.058393,40573,3,1
2,Payment,1764751480.058393,18081,0,1
2,Payment,1764751480.058393,16744,2,1
3,OrderStatus,1764751480.058447,16076,10,1
2,Payment,1764751480.058504,40476,1,1
5,StockLevel,1764751480.068491,28166,5,1
2,Payment,1764751480.068497,28180,12,1
1,NewOrder,1764751480.068514,30561,15,1
1,NewOrder,1764751480.068652,30476,9,1
1,NewOrder,1764751480.068730,30398,11,1
1,NewOrder,1764751480.068780,30327,8,1
1,NewOrder,1764751480.069248,29759,14,1
2,Payment,1764751480.069558,27155,6,1
5,StockLevel,1764751480.070813,25950,7,1
3,OrderStatus,1764751480.074535,24435,10,1
3,OrderStatus,1764751480.075151,3546,2,1
2,Payment,1764751480.076481,22485,0,1
2,Payment,1764751480.078706,88688,2,1
4,Delivery,1764751480.096674,71351,5,1
5,StockLevel,1764751480.096686,70895,12,1
2,Payment,1764751480.096716,211365,6,1
3,OrderStatus,1764751480.096738,4813,4,1
2,Payment,1764751480.096768,70839,7,1
2,Payment,1764751480.098972,68432,3,1
2,Payment,1764751480.098974,68383,0,1
1,NewOrder,1764751480.098975,207331,10,1
2,Payment,1764751480.098985,208144,1,1
2,Payment,1764751480.099009,73465,14,1
1,NewOrder,1764751480.099080,68793,15,1
2,Payment,1764751480.099110,68335,8,1
1,NewOrder,1764751480.099130,68503,11,1
1,NewOrder,1764751480.099134,68314,9,1
1,NewOrder,1764751480.101561,200589,4,1
1,NewOrder,1764751480.167374,139922,0,1
1,NewOrder,1764751480.167403,140185,2,1
5,StockLevel,1764751480.167405,140204,3,1
2,Payment,1764751480.167423,139666,13,1
1,NewOrder,1764751480.167453,140953,8,1
2,Payment,1764751480.167454,139684,9,1
1,NewOrder,1764751480.167584,140368,12,1
2,Payment,1764751480.167615,214461,7,1
2,Payment,1764751480.167639,140573,11,1
2,Payment,1764751480.167878,140558,15,1
2,Payment,1764751480.168031,140367,5,1
1,NewOrder,1764751480.172489,134832,14,1
2,Payment,1764751480.302170,79848,4,1
1,NewOrder,1764751480.306320,75714,10,1
2,Payment,1764751480.307100,75129,13,1
5,StockLevel,1764751480.307140,75006,1,1
1,NewOrder,1764751480.307143,75290,9,1
2,Payment,1764751480.307299,74718,0,1
1,NewOrder,1764751480.307321,74752,14,1
1,NewOrder,1764751480.307592,91672,2,1
2,Payment,1764751480.307615,91634,3,1
1,NewOrder,1764751480.307956,74283,12,1
1,NewOrder,1764751480.308087,86654,6,1
2,Payment,1764751480.308217,73804,11,1
1,NewOrder,1764751480.308402,91763,5,1
3,OrderStatus,1764751480.308410,2600,8,1
4,Delivery,1764751480.308441,74077,15,1
1,NewOrder,1764751480.311024,71128,8,1
5,StockLevel,1764751480.382036,29675,11,1
1,NewOrder,1764751480.382036,29713,4,1
1,NewOrder,1764751480.382036,45426,0,1
5,StockLevel,1764751480.382040,29589,10,1
1,NewOrder,1764751480.382079,29976,14,1
2,Payment,1764751480.382085,29445,7,1
1,NewOrder,1764751480.382155,45295,1,1
2,Payment,1764751480.382155,29449,8,1
1,NewOrder,1764751480.382233,29455,13,1
1,NewOrder,1764751480.382244,29845,12,1
2,Payment,1764751480.382438,29381,9,1
2,Payment,1764751480.382523,29051,15,1
2,Payment,1764751480.394756,105463,6,1
1,NewOrder,1764751480.399262,101030,3,1
2,Payment,1764751480.399271,28179,2,1
1,NewOrder,1764751480.400173,100078,5,1
1,NewOrder,1764751480.411545,216575,7,1
2,Payment,1764751480.411582,89057,15,1
2,Payment,1764751480.411609,88610,8,1
1,NewOrder,1764751480.411630,5491,10,1
5,StockLevel,1764751480.411693,88602,13,1
2,Payment,1764751480.411714,88516,11,1
1,NewOrder,1764751480.411756,216388,4,1
2,Payment,1764751480.411847,88676,9,1
3,OrderStatus,1764751480.412061,2638,14,1
1,NewOrder,1764751480.412094,212618,12,1
1,NewOrder,1764751480.414715,216669,14,1
2,Payment,1764751480.417129,219143,10,1
1,NewOrder,1764751480.427466,197326,1,1
1,NewOrder,1764751480.427466,200665,2,1
1,NewOrder,1764751480.427468,200747,0,1
2,Payment,1764751480.500238,131021,11,1
2,Payment,1764751480.500238,131096,6,1
1,NewOrder,1764751480.500239,146061,8,1
2,Payment,1764751480.500269,131013,5,1
5,StockLevel,1764751480.500297,130824,3,1
1,NewOrder,1764751480.500298,131320,13,1
2,Payment,1764751480.500526,202920,9,1
2,Payment,1764751480.500644,130792,15,1
1,NewOrder,1764751480.624731,78597,12,1
2,Payment,1764751480.624801,23687,1,1
2,Payment,1764751480.628125,100428,7,1
2,Payment,1764751480.628137,97935,2,1
2,Payment,1764751480.628150,75367,4,1
2,Payment,1764751480.628220,75063,0,1
2,Payment,1764751480.631128,72161,3,1
5,StockLevel,1764751480.631263,72022,11,1
1,NewOrder,1764751480.631284,89253,5,1
2,Payment,1764751480.631340,72479,6,1
1,NewOrder,1764751480.631386,88345,14,1
1,NewOrder,1764751480.631437,88601,15,1
2,Payment,1764751480.631623,71966,13,1
1,NewOrder,1764751480.636281,111209,10,1
2,Payment,1764751480.646313,79704,8,1
1,NewOrder,1764751480.648498,77587,1,1
2,Payment,1764751480.703301,25026,3,1
1,NewOrder,1764751480.703301,44221,0,1
1,NewOrder,1764751480.703301,38321,11,1
1,NewOrder,1764751480.703331,24993,12,1
2,Payment,1764751480.703452,24934,9,1
1,NewOrder,1764751480.703519,45772,4,1
5,StockLevel,1764751480.703595,28681,13,1
1,NewOrder,1764751480.703824,37845,6,1
2,Payment,1764751480.719746,21897,14,1
2,Payment,1764751480.720047,85110,15,1
3,OrderStatus,1764751480.720544,21112,5,1
5,StockLevel,1764751480.726023,23166,8,1
1,NewOrder,1764751480.726078,76211,2,1
2,Payment,1764751480.726090,23124,1,1
1,NewOrder,1764751480.728330,73866,12,1
2,Payment,1764751480.728332,24076,3,1
1,NewOrder,1764751480.728388,73804,9,1
2,Payment,1764751480.728557,20824,7,1
2,Payment,1764751480.732286,70088,13,1
1,NewOrder,1764751480.741636,72089,11,1
2,Payment,1764751480.741651,129478,14,1
1,NewOrder,1764751480.741662,72086,5,1
2,Payment,1764751480.741681,197875,6,1
2,Payment,1764751480.747498,66564,10,1
2,Payment,1764751480.747528,66231,0,1
2,Payment,1764751480.749195,118759,8,1
2,Payment,1764751480.749219,119730,1,1
2,Payment,1764751480.749296,118858,4,1
2,Payment,1764751480.749384,119194,7,1
2,Payment,1764751480.752421,116264,3,1
2,Payment,1764751480.802209,66138,12,1
1,NewOrder,1764751480.802209,137398,9,1
5,StockLevel,1764751480.802292,66317,2,1
1,NewOrder,1764751480.802387,78166,13,1
2,Payment,1764751480.805166,136556,15,1
1,NewOrder,1764751480.813739,126001,11,1
2,Payment,1764751480.813756,126140,5,1
1,NewOrder,1764751480.813765,125889,0,1
2,Payment,1764751480.814067,125604,10,1
1,NewOrder,1764751480.867970,77723,8,1
3,OrderStatus,1764751480.868162,71476,4,1
1,NewOrder,1764751480.868357,73618,12,1
1,NewOrder,1764751480.868583,76889,7,1
2,Payment,1764751480.868614,85736,2,1
2,Payment,1764751480.868688,70997,3,1
2,Payment,1764751480.868953,70604,1,1
1,NewOrder,1764751480.871134,74359,14,1
1,NewOrder,1764751480.880567,65036,13,1
1,NewOrder,1764751480.939574,35074,1,1
1,NewOrder,1764751480.939575,28976,6,1
1,NewOrder,1764751480.939612,31487,9,1
2,Payment,1764751480.939640,14657,4,1
1,NewOrder,1764751480.939660,29112,0,1
1,NewOrder,1764751480.939673,28807,10,1
1,NewOrder,1764751480.939690,28790,3,1
1,NewOrder,1764751480.939742,25336,11,1
3,OrderStatus,1764751480.939899,14338,5,1
1,NewOrder,1764751480.941729,32011,15,1
2,Payment,1764751480.941978,12764,12,1
1,NewOrder,1764751480.945480,27839,7,1
1,NewOrder,1764751480.945499,29269,14,1
1,NewOrder,1764751480.945608,36528,13,1
1,NewOrder,1764751480.945696,25473,8,1
2,Payment,1764751480.954250,19194,5,1
1,NewOrder,1764751480.954304,20566,4,1
2,Payment,1764751480.954356,18908,2,1
2,Payment,1764751480.954746,19959,12,1
1,NewOrder,1764751480.965099,25183,11,1
4,Delivery,1764751480.968491,41319,3,1
2,Payment,1764751480.968492,13659,10,1
1,NewOrder,1764751480.968556,30196,6,1
5,StockLevel,1764751480.968775,13350,0,1
1,NewOrder,1764751480.971108,38706,9,1
2,Payment,1764751480.971176,10981,8,1
2,Payment,1764751480.973270,17339,2,1
2,Payment,1764751480.973325,16938,7,1
1,NewOrder,1764751480.973449,25259,5,1
1,NewOrder,1764751480.973745,21553,15,1
1,NewOrder,1764751480.974657,24051,1,1
2,Payment,1764751480.974708,20640,12,1
2,Payment,1764751480.974773,15546,14,1
1,NewOrder,1764751480.974874,20430,4,1
1,NewOrder,1764751480.982141,21872,0,1
2,Payment,1764751480.982144,27721,13,1
2,Payment,1764751480.982157,16595,10,1
2,Payment,1764751480.982162,16552,8,1
1,NewOrder,1764751480.990272,19530,7,1
1,NewOrder,1764751480.990307,21759,11,1
2,Payment,1764751480.990324,13681,14,1
1,NewOrder,1764751480.990613,27333,2,1
1,NewOrder,1764751480.995305,24269,15,1
1,NewOrder,1764751480.995310,24309,4,1
2,Payment,1764751480.995356,27355,12,1
2,Payment,1764751480.998714,13349,1,1
1,NewOrder,1764751480.998715,21279,5,1
1,NewOrder,1764751480.998719,23603,8,1
2,Payment,1764751480.998757,19218,6,1
1,NewOrder,1764751480.998758,21298,10,1
2,Payment,1764751481.004019,13943,14,1
2,Payment,1764751481.004032,13928,0,1
2,Payment,1764751481.009810,20596,7,1
1,NewOrder,1764751481.009816,20570,3,1
2,Payment,1764751481.009819,12518,9,1
2,Payment,1764751481.009867,25599,13,1
2,Payment,1764751481.012070,10273,1,1
2,Payment,1764751481.012072,10252,11,1
2,Payment,1764751481.017956,17492,2,1
2,Payment,1764751481.017966,10244,0,1
2,Payment,1764751481.017968,10158,14,1
1,NewOrder,1764751481.017982,21581,6,1
2,Payment,1764751481.019581,19922,15,1
2,Payment,1764751481.019624,15919,4,1
1,NewOrder,1764751481.019999,19434,5,1
2,Payment,1764751481.020061,34216,10,1
1,NewOrder,1764751481.022329,21698,11,1
1,NewOrder,1764751481.022332,21697,8,1
2,Payment,1764751481.022342,13126,9,1
1,NewOrder,1764751481.022348,17118,1,1
1,NewOrder,1764751481.022715,17081,12,1
2,Payment,1764751481.028132,31998,14,1
2,Payment,1764751481.028215,11350,0,1
1,NewOrder,1764751481.030392,27702,3,1
2,Payment,1764751481.030412,11307,7,1
1,NewOrder,1764751481.035457,39461,2,1
1,NewOrder,1764751481.035473,24869,9,1
2,Payment,1764751481.035474,18815,13,1
2,Payment,1764751481.035547,18753,4,1
5,StockLevel,1764751481.039443,20698,5,1
2,Payment,1764751481.039475,20797,1,1
1,NewOrder,1764751481.039508,20599,15,1
5,StockLevel,1764751481.039568,21051,6,1
2,Payment,1764751481.039571,20522,0,1
1,NewOrder,1764751481.039800,51042,12,1
1,NewOrder,1764751481.041726,18356,7,1
1,NewOrder,1764751481.044036,33351,11,1
1,NewOrder,1764751481.044037,16092,8,1
2,Payment,1764751481.054284,23140,10,1
2,Payment,1764751481.054295,23099,13,1
2,Payment,1764751481.054304,23140,4,1
2,Payment,1764751481.058100,22170,3,1
2,Payment,1764751481.060090,20064,7,1
5,StockLevel,1764751481.060099,20044,0,1
1,NewOrder,1764751481.060113,20133,15,1
5,StockLevel,1764751481.060134,20103,8,1
1,NewOrder,1764751481.060137,20106,14,1
1,NewOrder,1764751481.060147,33900,5,1
2,Payment,1764751481.060276,20045,1,1
1,NewOrder,1764751481.060349,44736,9,1
2,Payment,1764751481.060624,33410,6,1
1,NewOrder,1764751481.074930,27282,2,1
1,NewOrder,1764751481.077396,20614,11,1
1,NewOrder,1764751481.077401,27715,13,1
2,Payment,1764751481.077430,13398,10,1
1,NewOrder,1764751481.077447,24816,4,1
1,NewOrder,1764751481.080150,24431,0,1
2,Payment,1764751481.080159,25141,7,1
2,Payment,1764751481.080240,13802,8,1
1,NewOrder,1764751481.080249,21975,14,1
1,NewOrder,1764751481.080251,22068,15,1
2,Payment,1764751481.080275,17758,3,1
2,Payment,1764751481.080324,13738,1,1
5,StockLevel,1764751481.090838,13802,10,1
2,Payment,1764751481.090848,11374,12,1
1,NewOrder,1764751481.094042,25654,6,1
2,Payment,1764751481.094049,11173,8,1
1,NewOrder,1764751481.094053,25787,5,1
1,NewOrder,1764751481.094068,25784,1,1
5,StockLevel,1764751481.098018,14062,11,1
1,NewOrder,1764751481.098039,79011,3,1
2,Payment,1764751481.102220,12744,2,1
2,Payment,1764751481.102228,9863,12,1
2,Payment,1764751481.102230,12666,14,1
2,Payment,1764751481.102267,12613,4,1
2,Payment,1764751481.102325,74689,15,1
1,NewOrder,1764751481.104589,72397,0,1
2,Payment,1764751481.104646,10571,10,1
3,OrderStatus,1764751481.105091,1109,9,1
1,NewOrder,1764751481.105122,74672,13,1
1,NewOrder,1764751481.105227,74610,8,1
2,Payment,1764751481.105303,14770,7,1
1,NewOrder,1764751481.106206,70789,9,1
1,NewOrder,1764751481.112094,67772,11,1
4,Delivery,1764751481.112100,70520,12,1
1,NewOrder,1764751481.114890,70553,4,1
1,NewOrder,1764751481.114903,70524,14,1
5,StockLevel,1764751481.114970,64811,2,1
1,NewOrder,1764751481.115222,67406,10,1
2,Payment,1764751481.119704,62924,6,1
1,NewOrder,1764751481.119846,65582,5,1
2,Payment,1764751481.119863,60067,1,1
1,NewOrder,1764751481.120081,65485,7,1
1,NewOrder,1764751481.177002,17825,0,1
3,OrderStatus,1764751481.177003,12273,9,1
1,NewOrder,1764751481.177018,24863,15,1
2,Payment,1764751481.177066,12036,3,1
2,Payment,1764751481.179789,12619,2,1
2,Payment,1764751481.179799,12598,13,1
2,Payment,1764751481.179843,12560,8,1
1,NewOrder,1764751481.179871,28390,11,1
2,Payment,1764751481.179932,28276,1,1
2,Payment,1764751481.182626,33743,12,1
4,Delivery,1764751481.182634,27923,10,1
5,StockLevel,1764751481.182635,12135,6,1
2,Payment,1764751481.185436,12906,5,1
2,Payment,1764751481.185437,9750,14,1
1,NewOrder,1764751481.185449,25097,4,1
1,NewOrder,1764751481.185572,24962,7,1
2,Payment,1764751481.189116,13079,3,1
1,NewOrder,1764751481.189284,27415,9,1
2,Payment,1764751481.192409,11153,13,1
1,NewOrder,1764751481.192410,18748,8,1
1,NewOrder,1764751481.192413,18690,2,1
2,Payment,1764751481.194780,16395,6,1
2,Payment,1764751481.194834,13307,0,1
2,Payment,1764751481.195193,15413,14,1
1,NewOrder,1764751481.198355,17850,5,1
2,Payment,1764751481.201895,22977,15,1
2,Payment,1764751481.202201,11658,3,1
2,Payment,1764751481.203567,27513,13,1
1,NewOrder,1764751481.208149,40685,0,1
3,OrderStatus,1764751481.208216,10754,1,1
1,NewOrder,1764751481.208268,22825,11,1
1,NewOrder,1764751481.210541,42324,7,1
2,Payment,1764751481.210553,20528,4,1
1,NewOrder,1764751481.210563,20567,10,1
2,Payment,1764751481.210609,38264,14,1
3,OrderStatus,1764751481.211109,4518,2,1
1,NewOrder,1764751481.211163,41763,8,1
2,Payment,1764751481.211181,19951,6,1
2,Payment,1764751481.213867,17707,3,1
2,Payment,1764751481.215635,15586,2,1
5,StockLevel,1764751481.216212,15121,5,1
5,StockLevel,1764751481.216375,14916,12,1
1,NewOrder,1764751481.216705,41774,9,1
1,NewOrder,1764751481.218977,51652,1,1
2,Payment,1764751481.224888,45583,15,1
5,StockLevel,1764751481.231098,21963,4,1
2,Payment,1764751481.231098,21964,13,1
1,NewOrder,1764751481.231102,34936,11,1
2,Payment,1764751481.231132,22333,10,1
2,Payment,1764751481.231138,22237,6,1
5,StockLevel,1764751481.231227,21570,2,1
2,Payment,1764751481.231299,39365,12,1
1,NewOrder,1764751481.231336,27146,5,1
1,NewOrder,1764751481.231581,38911,3,1
1,NewOrder,1764751481.248851,32370,0,1
1,NewOrder,1764751481.248883,26655,14,1
1,NewOrder,1764751481.252809,28039,2,1
3,OrderStatus,1764751481.252873,17908,7,1
2,Payment,1764751481.252929,17550,8,1
3,OrderStatus,1764751481.253064,17744,4,1
1,NewOrder,1764751481.253066,25592,13,1
1,NewOrder,1764751481.253380,21197,6,1
2,Payment,1764751481.253467,17402,10,1
2,Payment,1764751481.258496,16719,5,1
1,NewOrder,1764751481.258497,40644,9,1
1,NewOrder,1764751481.266056,29434,11,1
1,NewOrder,1764751481.270487,30542,15,1
1,NewOrder,1764751481.270489,32967,8,1
2,Payment,1764751481.270498,10338,3,1
2,Payment,1764751481.270636,15722,1,1
1,NewOrder,1764751481.270666,20520,12,1
1,NewOrder,1764751481.270789,48978,7,1
2,Payment,1764751481.270814,20369,4,1
2,Payment,1764751481.270871,12905,10,1
3,OrderStatus,1764751481.274587,1414,6,1
3,OrderStatus,1764751481.275223,1501,5,1
1,NewOrder,1764751481.275546,25680,14,1
1,NewOrder,1764751481.276009,24960,6,1
1,NewOrder,1764751481.276730,27021,5,1
2,Payment,1764751481.278667,16822,13,1
2,Payment,1764751481.280847,14719,3,1
1,NewOrder,1764751481.280862,36786,2,1
2,Payment,1764751481.281228,17909,0,1
1,NewOrder,1764751481.283786,29926,10,1
4,Delivery,1764751481.286372,31347,1,1
2,Payment,1764751481.291197,12452,4,1
1,NewOrder,1764751481.291198,39755,12,1
2,Payment,1764751481.295500,13195,11,1
1,NewOrder,1764751481.295502,24234,13,1
2,Payment,1764751481.295569,10666,3,1
1,NewOrder,1764751481.299148,20691,0,1
1,NewOrder,1764751481.299149,27449,9,1
2,Payment,1764751481.300976,19990,6,1
4,Delivery,1764751481.301032,41612,15,1
2,Payment,1764751481.301233,16816,14,1
1,NewOrder,1764751481.303468,23112,8,1
2,Payment,1764751481.303660,14226,4,1
2,Payment,1764751481.303760,26789,5,1
1,NewOrder,1764751481.306243,34983,3,1
1,NewOrder,1764751481.308707,29904,11,1
1,NewOrder,1764751481.313728,28933,10,1
1,NewOrder,1764751481.317663,32309,2,1
2,Payment,1764751481.317728,12760,1,1
2,Payment,1764751481.317893,28235,4,1
1,NewOrder,1764751481.318056,19665,14,1
1,NewOrder,1764751481.319744,30345,13,1
2,Payment,1764751481.319774,30462,7,1
2,Payment,1764751481.319846,11004,0,1
2,Payment,1764751481.320975,13536,6,1
1,NewOrder,1764751481.326597,27591,8,1
1,NewOrder,1764751481.326608,27510,9,1
1,NewOrder,1764751481.330501,23608,1,1
2,Payment,1764751481.330564,33046,5,1
2,Payment,1764751481.330856,15251,0,1
1,NewOrder,1764751481.330960,30386,12,1
1,NewOrder,1764751481.334522,26773,6,1
1,NewOrder,1764751481.337737,18778,14,1
1,NewOrder,1764751481.338620,22509,11,1
1,NewOrder,1764751481.341239,31777,3,1
2,Payment,1764751481.342655,14086,15,1
1,NewOrder,1764751481.342670,25183,10,1
1,NewOrder,1764751481.346123,18327,0,1
2,Payment,1764751481.346140,32401,4,1
2,Payment,1764751481.349982,13715,2,1
3,OrderStatus,1764751481.350092,11033,13,1
1,NewOrder,1764751481.350244,31633,7,1
5,StockLevel,1764751481.354119,10361,1,1
1,NewOrder,1764751481.354127,22492,9,1
1,NewOrder,1764751481.354194,28478,8,1
1,NewOrder,1764751481.356526,25349,14,1
1,NewOrder,1764751481.356750,28038,15,1
1,NewOrder,1764751481.361140,32927,13,1
2,Payment,1764751481.361141,15627,11,1
4,Delivery,1764751481.361303,28049,6,1
1,NewOrder,1764751481.361353,27882,12,1
1,NewOrder,1764751481.363620,30198,5,1
1,NewOrder,1764751481.363711,33979,2,1
1,NewOrder,1764751481.364476,24958,0,1
2,Payment,1764751481.364486,17737,1,1
2,Payment,1764751481.367865,14004,10,1
2,Payment,1764751481.373036,12057,3,1
4,Delivery,1764751481.376629,25028,9,1
1,NewOrder,1764751481.376778,34797,11,1
2,Payment,1764751481.378550,10947,4,1
2,Payment,1764751481.381879,15752,10,1
5,StockLevel,1764751481.381884,12595,14,1
1,NewOrder,1764751481.381884,42530,7,1
2,Payment,1764751481.382229,15408,1,1
2,Payment,1764751481.382679,15039,8,1
1,NewOrder,1764751481.384794,44855,15,1
2,Payment,1764751481.385100,16537,3,1
1,NewOrder,1764751481.389249,25613,12,1
4,Delivery,1764751481.389372,25531,6,1
2,Payment,1764751481.389441,17397,0,1
2,Payment,1764751481.389502,22024,4,1
2,Payment,1764751481.393828,33579,5,1
1,NewOrder,1764751481.394075,35332,13,1
1,NewOrder,1764751481.394485,26655,14,1
1,NewOrder,1764751481.397639,34396,10,1
1,NewOrder,1764751481.397645,23638,1,1
1,NewOrder,1764751481.397696,29778,2,1
1,NewOrder,1764751481.397719,31590,8,1
1,NewOrder,1764751481.401653,22852,3,1
2,Payment,1764751481.401667,20185,9,1
2,Payment,1764751481.406850,13831,0,1
1,NewOrder,1764751481.411536,17926,4,1
5,StockLevel,1764751481.411583,16020,11,1
1,NewOrder,1764751481.414870,25169,12,1
2,Payment,1764751481.414911,13069,6,1
2,Payment,1764751481.420697,11391,0,1
2,Payment,1764751481.421164,10857,14,1
1,NewOrder,1764751481.421292,23099,1,1
2,Payment,1764751481.421861,11904,9,1
2,Payment,1764751481.424423,32398,7,1
4,Delivery,1764751481.424515,41292,3,1
2,Payment,1764751481.427417,10952,5,1
2,Payment,1764751481.427519,12394,2,1
1,NewOrder,1764751481.427610,37373,11,1
2,Payment,1764751481.427985,11974,6,1
1,NewOrder,1764751481.429318,43602,8,1
1,NewOrder,1764751481.429418,31170,13,1
2,Payment,1764751481.429469,23955,4,1
1,NewOrder,1764751481.429656,33237,15,1
1,NewOrder,1764751481.432031,33018,14,1
2,Payment,1764751481.432046,15611,10,1
2,Payment,1764751481.432095,10280,0,1
1,NewOrder,1764751481.433772,39335,9,1
2,Payment,1764751481.438381,31929,5,1
5,StockLevel,1764751481.439922,16730,2,1
1,NewOrder,1764751481.439967,33022,6,1
1,NewOrder,1764751481.440045,33267,12,1
1,NewOrder,1764751481.442384,30678,0,1
2,Payment,1764751481.444399,20959,1,1
2,Payment,1764751481.447669,17298,10,1
1,NewOrder,1764751481.453440,6538,4,1
1,NewOrder,1764751481.456666,47359,2,1
2,Payment,1764751481.456834,13567,7,1
2,Payment,1764751481.459987,21462,4,1
1,NewOrder,1764751481.460598,18622,13,1
2,Payment,1764751481.462903,10235,15,1
2,Payment,1764751481.464977,14299,10,1
1,NewOrder,1764751481.464991,26071,11,1
2,Payment,1764751481.465057,19455,14,1
1,NewOrder,1764751481.465362,22009,1,1
2,Payment,1764751481.465813,13442,3,1
5,StockLevel,1764751481.470321,11178,5,1
1,NewOrder,1764751481.470409,22593,7,1
1,NewOrder,1764751481.472928,41055,8,1
1,NewOrder,1764751481.472996,29499,6,1
1,NewOrder,1764751481.473069,26784,0,1
1,NewOrder,1764751481.473113,40828,9,1
2,Payment,1764751481.473139,24052,15,1
1,NewOrder,1764751481.473332,26346,12,1
2,Payment,1764751481.479241,13629,13,1
2,Payment,1764751481.479267,18394,3,1
2,Payment,1764751481.479282,13765,10,1
1,NewOrder,1764751481.481458,22783,4,1
2,Payment,1764751481.481506,15760,5,1
1,NewOrder,1764751481.484521,19581,14,1
2,Payment,1764751481.487382,13019,1,1
1,NewOrder,1764751481.491075,27064,11,1
3,OrderStatus,1764751481.492887,2399,13,1
1,NewOrder,1764751481.493010,24912,7,1
1,NewOrder,1764751481.493054,30909,10,1
2,Payment,1764751481.495293,22904,13,1
1,NewOrder,1764751481.497199,30600,15,1
1,NewOrder,1764751481.497274,23003,5,1
5,StockLevel,1764751481.497671,16267,3,1
2,Payment,1764751481.499689,30400,12,1
2,Payment,1764751481.499865,18195,0,1
2,Payment,1764751481.500408,20592,1,1
1,NewOrder,1764751481.502507,18417,6,1
1,NewOrder,1764751481.504035,35270,2,1
1,NewOrder,1764751481.504110,28162,14,1
1,NewOrder,1764751481.504245,23726,4,1
2,Payment,1764751481.513956,13887,3,1
3,OrderStatus,1764751481.513957,9967,9,1
2,Payment,1764751481.513990,13795,8,1
2,Payment,1764751481.517932,10294,7,1
1,NewOrder,1764751481.518067,10859,0,1
5,StockLevel,1764751481.518146,10128,11,1
2,Payment,1764751481.518201,30326,13,1
2,Payment,1764751481.520285,16188,5,1
1,NewOrder,1764751481.520932,39682,6,1
5,StockLevel,1764751481.521006,11292,1,1
1,NewOrder,1764751481.523932,34232,9,1
2,Payment,1764751481.523971,12633,10,1
2,Payment,1764751481.527793,16330,8,1
1,NewOrder,1764751481.527807,26021,15,1
2,Payment,1764751481.527852,16280,3,1
2,Payment,1764751481.527978,25948,4,1
1,NewOrder,1764751481.528233,25497,7,1
2,Payment,1764751481.528281,15766,11,1
1,NewOrder,1764751481.528931,27535,0,1
4,Delivery,1764751481.530095,23669,12,1
2,Payment,1764751481.532285,16209,14,1
4,Delivery,1764751481.532306,28328,1,1
1,NewOrder,1764751481.536485,30283,5,1
2,Payment,1764751481.536608,19667,10,1
1,NewOrder,1764751481.539341,21314,2,1
1,NewOrder,1764751481.544063,22302,11,1
3,OrderStatus,1764751481.544134,10662,8,1
1,NewOrder,1764751481.544139,22145,3,1
2,Payment,1764751481.548504,12446,14,1
5,StockLevel,1764751481.548535,12177,13,1
2,Payment,1764751481.553739,9921,7,1
2,Payment,1764751481.553772,12530,12,1
1,NewOrder,1764751481.553835,28979,15,1
5,StockLevel,1764751481.553933,12323,4,1
1,NewOrder,1764751481.554804,38394,8,1
1,NewOrder,1764751481.556282,39836,10,1
2,Payment,1764751481.556473,12694,0,1
1,NewOrder,1764751481.558171,37725,9,1
2,Payment,1764751481.560623,22111,6,1
1,NewOrder,1764751481.560641,35763,1,1
3,OrderStatus,1764751481.560663,9798,2,1
2,Payment,1764751481.560715,23225,13,1
2,Payment,1764751481.560957,12779,14,1
1,NewOrder,1764751481.563671,29654,7,1
1,NewOrder,1764751481.566268,23744,4,1
4,Delivery,1764751481.566293,42228,3,1
1,NewOrder,1764751481.566305,29873,12,1
1,NewOrder,1764751481.566367,26931,11,1
2,Payment,1764751481.566774,16039,5,1
1,NewOrder,1764751481.569177,28558,0,1
1,NewOrder,1764751481.570469,22875,2,1
2,Payment,1764751481.573747,16308,14,1
4,Delivery,1764751481.582751,25599,6,1
2,Payment,1764751481.582823,13109,5,1
1,NewOrder,1764751481.582824,30788,15,1
1,NewOrder,1764751481.583950,29354,13,1
2,Payment,1764751481.590023,18707,4,1
1,NewOrder,1764751481.590063,23440,14,1
1,NewOrder,1764751481.593206,34598,8,1
1,NewOrder,1764751481.593301,28210,11,1
2,Payment,1764751481.593332,15116,7,1
1,NewOrder,1764751481.593352,28284,2,1
1,NewOrder,1764751481.595903,29084,9,1
2,Payment,1764751481.595958,29096,5,1
2,Payment,1764751481.596124,17104,10,1
2,Payment,1764751481.596182,17169,12,1
1,NewOrder,1764751481.596413,22058,1,1
2,Payment,1764751481.597741,10763,0,1
2,Payment,1764751481.608365,13095,6,1
4,Delivery,1764751481.608452,33290,7,1
2,Payment,1764751481.608514,16758,0,1
2,Payment,1764751481.608527,12908,3,1
5,StockLevel,1764751481.608735,12764,4,1
2,Payment,1764751481.613240,14837,10,1
1,NewOrder,1764751481.613313,28059,13,1
1,NewOrder,1764751481.613360,25511,12,1
2,Payment,1764751481.613510,15158,14,1
1,NewOrder,1764751481.613618,27924,15,1
2,Payment,1764751481.618485,11966,1,1
2,Payment,1764751481.621450,11728,3,1
1,NewOrder,1764751481.621469,19964,6,1
2,Payment,1764751481.621501,17545,4,1
2,Payment,1764751481.621519,11660,11,1
2,Payment,1764751481.621640,23435,2,1
1,NewOrder,1764751481.624996,22892,9,1
2,Payment,1764751481.625062,22810,5,1
1,NewOrder,1764751481.625279,22886,0,1
3,OrderStatus,1764751481.627822,10995,8,1
2,Payment,1764751481.628084,13156,10,1
2,Payment,1764751481.628675,12583,14,1
5,StockLevel,1764751481.630458,10782,1,1
4,Delivery,1764751481.633187,39688,3,1
2,Payment,1764751481.633188,14699,11,1
1,NewOrder,1764751481.638828,29060,8,1
1,NewOrder,1764751481.638879,29010,12,1
1,NewOrder,1764751481.639053,28835,4,1
1,NewOrder,1764751481.641248,19112,10,1
2,Payment,1764751481.641249,29066,1,1
2,Payment,1764751481.641265,26623,14,1
1,NewOrder,1764751481.641378,35304,13,1
2,Payment,1764751481.641436,14062,6,1
2,Payment,1764751481.641549,13510,15,1
2,Payment,1764751481.641748,24766,7,1
2,Payment,1764751481.645085,15075,2,1
1,NewOrder,1764751481.647881,22080,5,1
2,Payment,1764751481.647895,15772,9,1
1,NewOrder,1764751481.647896,18663,11,1
1,NewOrder,1764751481.648171,30485,0,1
4,Delivery,1764751481.655073,34219,15,1
2,Payment,1764751481.655512,25220,6,1
2,Payment,1764751481.660172,21166,2,1
4,Delivery,1764751481.660371,39922,10,1
1,NewOrder,1764751481.663675,32159,9,1
2,Payment,1764751481.666525,29441,7,1
1,NewOrder,1764751481.666567,29311,11,1
1,NewOrder,1764751481.667898,24953,14,1
1,NewOrder,1764751481.667899,28000,4,1
2,Payment,1764751481.667900,12983,12,1
5,StockLevel,1764751481.667900,12991,8,1
5,StockLevel,1764751481.669971,11159,5,1
2,Payment,1764751481.670323,35334,1,1
2,Payment,1764751481.672883,12716,3,1
2,Payment,1764751481.676691,31607,13,1
2,Payment,1764751481.678665,14235,0,1
1,NewOrder,1764751481.680743,27773,6,1
2,Payment,1764751481.680891,15042,12,1
5,StockLevel,1764751481.680898,15275,8,1
2,Payment,1764751481.681135,15115,5,1
2,Payment,1764751481.681346,11580,2,1
2,Payment,1764751481.685612,13359,3,1
2,Payment,1764751481.689305,10753,15,1
2,Payment,1764751481.692867,19642,14,1
4,Delivery,1764751481.692902,50955,0,1
2,Payment,1764751481.692938,31681,2,1
1,NewOrder,1764751481.695841,29001,9,1
1,NewOrder,1764751481.695885,30900,11,1
4,Delivery,1764751481.695907,28802,4,1
5,StockLevel,1764751481.695943,12589,12,1
3,OrderStatus,1764751481.695972,12295,7,1
1,NewOrder,1764751481.696177,35356,8,1
1,NewOrder,1764751481.696269,21045,5,1
2,Payment,1764751481.698984,9307,3,1
4,Delivery,1764751481.700066,35717,15,1
1,NewOrder,1764751481.700300,30742,10,1
2,Payment,1764751481.705670,33460,1,1
2,Payment,1764751481.708276,9032,7,1
1,NewOrder,1764751481.708299,27328,3,1
2,Payment,1764751481.708306,14171,13,1
1,NewOrder,1764751481.708520,33013,6,1
2,Payment,1764751481.708539,27047,12,1
2,Payment,1764751481.712519,14328,14,1
1,NewOrder,1764751481.717322,26461,7,1
1,NewOrder,1764751481.717324,37074,5,1
2,Payment,1764751481.722487,32003,13,1
2,Payment,1764751481.724628,30020,2,1
1,NewOrder,1764751481.724717,34350,4,1
1,NewOrder,1764751481.724845,23568,9,1
2,Payment,1764751481.726794,12180,11,1
1,NewOrder,1764751481.726849,20037,14,1
2,Payment,1764751481.731056,12883,10,1
1,NewOrder,1764751481.731544,30551,8,1
4,Delivery,1764751481.735597,30088,12,1
1,NewOrder,1764751481.735639,26500,3,1
4,Delivery,1764751481.735788,33546,15,1
2,Payment,1764751481.738986,20038,11,1
2,Payment,1764751481.739138,30334,1,1
2,Payment,1764751481.741541,17516,6,1
1,NewOrder,1764751481.743792,43348,7,1
1,NewOrder,1764751481.743865,18295,0,1
1,NewOrder,1764751481.743956,25473,10,1
1,NewOrder,1764751481.746897,22995,14,1
1,NewOrder,1764751481.748422,30902,9,1
2,Payment,1764751481.754408,11299,5,1
1,NewOrder,1764751481.754497,24822,13,1
2,Payment,1764751481.754657,26879,2,1
1,NewOrder,1764751481.759036,22629,11,1
1,NewOrder,1764751481.759067,16282,6,1
2,Payment,1764751481.759069,30976,4,1
4,Delivery,1764751481.762104,37231,8,1
2,Payment,1764751481.762147,13199,3,1
2,Payment,1764751481.762167,13177,0,1
2,Payment,1764751481.765695,13676,12,1
2,Payment,1764751481.765716,13625,5,1
1,NewOrder,1764751481.769347,24147,15,1
2,Payment,1764751481.769441,12218,10,1
2,Payment,1764751481.769479,23438,1,1
2,Payment,1764751481.769899,11622,14,1
2,Payment,1764751481.775359,11707,0,1
2,Payment,1764751481.775360,11690,6,1
2,Payment,1764751481.775372,11727,3,1
2,Payment,1764751481.779331,10682,13,1
2,Payment,1764751481.779332,13864,9,1
2,Payment,1764751481.779347,23287,5,1
1,NewOrder,1764751481.779378,26747,12,1
1,NewOrder,1764751481.781529,27741,14,1
2,Payment,1764751481.781544,24350,2,1
2,Payment,1764751481.781665,24269,10,1
2,Payment,1764751481.781675,11492,11,1
2,Payment,1764751481.787059,12123,6,1
1,NewOrder,1764751481.787074,26560,0,1
1,NewOrder,1764751481.787109,25698,3,1
3,OrderStatus,1764751481.787146,1306,7,1
2,Payment,1764751481.788459,24532,7,1
2,Payment,1764751481.790022,13242,13,1
2,Payment,1764751481.790053,22819,4,1
2,Payment,1764751481.792930,25510,1,1
1,NewOrder,1764751481.793175,19637,11,1
1,NewOrder,1764751481.793198,23915,9,1
1,NewOrder,1764751481.793500,19309,15,1
2,Payment,1764751481.799191,26919,6,1
1,NewOrder,1764751481.799342,19153,8,1
5,StockLevel,1764751481.802642,10141,5,1
1,NewOrder,1764751481.803271,21876,13,1
2,Payment,1764751481.805902,27719,2,1
2,Payment,1764751481.805941,12347,10,1
2,Payment,1764751481.806132,12460,12,1
1,NewOrder,1764751481.809279,31299,14,1
3,OrderStatus,1764751481.812792,3479,5,1
2,Payment,1764751481.812814,11873,3,1
2,Payment,1764751481.812818,12395,15,1
2,Payment,1764751481.812819,12609,11,1
1,NewOrder,1764751481.812879,20767,4,1
1,NewOrder,1764751481.812995,21007,7,1
3,OrderStatus,1764751481.813642,2842,0,1
1,NewOrder,1764751481.816279,24074,5,1
1,NewOrder,1764751481.816491,25576,0,1
5,StockLevel,1764751481.817119,9399,9,1
1,NewOrder,1764751481.818295,23416,10,1
1,NewOrder,1764751481.818447,28957,1,1
5,StockLevel,1764751481.818496,12468,8,1
1,NewOrder,1764751481.818599,33095,12,1
1,NewOrder,1764751481.824701,22726,3,1
1,NewOrder,1764751481.825155,29051,13,1
3,OrderStatus,1764751481.825220,2020,15,1
1,NewOrder,1764751481.825434,26350,11,1
1,NewOrder,1764751481.826117,28191,6,1
2,Payment,1764751481.826525,14667,9,1
1,NewOrder,1764751481.827246,26873,15,1
2,Payment,1764751481.830978,16376,8,1
2,Payment,1764751481.833628,17532,2,1
1,NewOrder,1764751481.833653,21044,4,1
2,Payment,1764751481.834008,17125,7,1
2,Payment,1764751481.840367,13910,5,1
1,NewOrder,1764751481.840587,26484,14,1
2,Payment,1764751481.841199,13003,9,1
2,Payment,1764751481.841718,37941,10,1
2,Payment,1764751481.842074,12059,0,1
1,NewOrder,1764751481.847365,21639,8,1
2,Payment,1764751481.847407,19606,1,1
1,NewOrder,1764751481.847436,18725,3,1
1,NewOrder,1764751481.851142,17847,7,1
5,StockLevel,1764751481.851377,10394,2,1
1,NewOrder,1764751481.851700,24201,12,1
2,Payment,1764751481.851791,14365,11,1
2,Payment,1764751481.854126,12973,15,1
5,StockLevel,1764751481.854141,12014,0,1
2,Payment,1764751481.854209,12993,9,1
3,OrderStatus,1764751481.854211,12927,13,1
2,Payment,1764751481.854284,12576,5,1
2,Payment,1764751481.854311,15574,6,1
1,NewOrder,1764751481.854703,19032,4,1
5,StockLevel,1764751481.861779,9694,2,1
1,NewOrder,1764751481.866163,25755,0,1
5,StockLevel,1764751481.866166,9737,11,1
2,Payment,1764751481.866168,13428,3,1
1,NewOrder,1764751481.866866,20510,5,1
1,NewOrder,1764751481.867022,21540,1,1
1,NewOrder,1764751481.867077,15169,14,1
1,NewOrder,1764751481.867104,19665,15,1
5,StockLevel,1764751481.867141,8820,13,1
5,StockLevel,1764751481.867208,12381,9,1
2,Payment,1764751481.868996,13212,7,1
1,NewOrder,1764751481.869011,18588,8,1
1,NewOrder,1764751481.869891,30372,6,1
1,NewOrder,1764751481.871481,28762,2,1
2,Payment,1764751481.873743,13782,4,1
2,Payment,1764751481.875908,12550,12,1
2,Payment,1764751481.875910,11430,11,1
1,NewOrder,1764751481.875968,24336,13,1
1,NewOrder,1764751481.879598,32671,9,1
1,NewOrder,1764751481.879603,27186,3,1
2,Payment,1764751481.879666,12129,10,1
1,NewOrder,1764751481.882255,20485,7,1
1,NewOrder,1764751481.882266,18066,14,1
2,Payment,1764751481.886781,10344,15,1
2,Payment,1764751481.887349,12732,11,1
2,Payment,1764751481.887383,14394,5,1
2,Payment,1764751481.887534,27874,4,1
1,NewOrder,1764751481.887606,24578,8,1
2,Payment,1764751481.888465,11991,12,1
2,Payment,1764751481.888569,11592,1,1
2,Payment,1764751481.891802,11893,10,1
2,Payment,1764751481.891924,11530,0,1
1,NewOrder,1764751481.897132,18382,15,1
2,Payment,1764751481.900089,16045,11,1
1,NewOrder,1764751481.900167,27503,1,1
1,NewOrder,1764751481.900245,27436,2,1
1,NewOrder,1764751481.900271,18227,6,1
2,Payment,1764751481.900310,11992,13,1
2,Payment,1764751481.900337,11887,14,1
1,NewOrder,1764751481.900461,23403,12,1
5,StockLevel,1764751481.901784,3603,5,1
2,Payment,1764751481.902761,13421,7,1
1,NewOrder,1764751481.903463,24255,0,1
5,StockLevel,1764751481.903701,20224,10,1
1,NewOrder,1764751481.905394,24206,5,1
2,Payment,1764751481.906795,11769,3,1
1,NewOrder,1764751481.912194,27304,8,1
2,Payment,1764751481.912232,15522,14,1
2,Payment,1764751481.912279,11596,9,1
1,NewOrder,1764751481.912308,30958,13,1
1,NewOrder,1764751481.915417,21201,4,1
2,Payment,1764751481.915520,24124,15,1
2,Payment,1764751481.916140,12261,11,1
1,NewOrder,1764751481.916189,20423,7,1
2,Payment,1764751481.918505,12099,6,1
2,Payment,1764751481.918571,12291,3,1
1,NewOrder,1764751481.923873,19684,12,1
1,NewOrder,1764751481.923882,21483,9,1
2,Payment,1764751481.923927,15663,10,1
5,StockLevel,1764751481.927678,15456,1,1
2,Payment,1764751481.927689,15435,2,1
1,NewOrder,1764751481.927725,30995,0,1
1,NewOrder,1764751481.927762,24922,14,1
2,Payment,1764751481.928424,14762,11,1
2,Payment,1764751481.929606,10081,5,1
2,Payment,1764751481.930610,14721,6,1
1,NewOrder,1764751481.930868,24335,3,1
4,Delivery,1764751481.936621,33259,7,1
1,NewOrder,1764751481.936626,33291,4,1
1,NewOrder,1764751481.939504,23065,8,1
2,Payment,1764751481.939597,13255,10,1
1,NewOrder,1764751481.939651,23052,15,1
1,NewOrder,1764751481.939692,18799,5,1
3,OrderStatus,1764751481.943131,9795,2,1
2,Payment,1764751481.943141,15288,1,1
2,Payment,1764751481.943196,12025,11,1
2,Payment,1764751481.943273,12342,13,1
1,NewOrder,1764751481.943562,21874,12,1
2,Payment,1764751481.945337,9867,6,1
2,Payment,1764751481.945372,20069,9,1
2,Payment,1764751481.952698,12768,14,1
3,OrderStatus,1764751481.952856,1111,10,1
2,Payment,1764751481.952935,19680,2,1
1,NewOrder,1764751481.953974,23518,10,1
1,NewOrder,1764751481.955211,19485,3,1
1,NewOrder,1764751481.955213,22191,6,1
5,StockLevel,1764751481.955227,11266,11,1
1,NewOrder,1764751481.955621,26528,13,1
1,NewOrder,1764751481.958440,26623,1,1
5,StockLevel,1764751481.958498,11396,5,1
2,Payment,1764751481.958726,13826,0,1
1,NewOrder,1764751481.962580,29110,8,1
2,Payment,1764751481.962713,20802,15,1
1,NewOrder,1764751481.965445,31174,12,1
2,Payment,1764751481.965448,16846,9,1
1,NewOrder,1764751481.965472,22611,14,1
1,NewOrder,1764751481.966500,21377,11,1
4,Delivery,1764751481.969891,43210,7,1
2,Payment,1764751481.969902,15225,5,1
1,NewOrder,1764751481.969923,26724,4,1
1,NewOrder,1764751481.972564,27088,0,1
5,StockLevel,1764751481.972620,26966,2,1
2,Payment,1764751481.974703,13288,3,1
1,NewOrder,1764751481.977413,22906,6,1
1,NewOrder,1764751481.977500,24681,10,1
1,NewOrder,1764751481.982164,26507,13,1
2,Payment,1764751481.982303,17346,9,1
1,NewOrder,1764751481.983522,38330,15,1
2,Payment,1764751481.985070,14634,1,1
2,Payment,1764751481.985134,15536,5,1
1,NewOrder,1764751481.987887,31432,11,1
1,NewOrder,1764751481.987999,25209,3,1
2,Payment,1764751481.988090,13860,14,1
1,NewOrder,1764751481.991700,27691,8,1
1,NewOrder,1764751481.996629,30940,12,1
3,OrderStatus,1764751481.996654,2397,4,1
2,Payment,1764751481.999058,20629,4,1
3,OrderStatus,1764751481.999592,5657,2,1
1,NewOrder,1764751481.999656,22250,9,1
2,Payment,1764751481.999673,19636,0,1
2,Payment,1764751481.999711,19597,1,1
1,NewOrder,1764751482.000326,30333,6,1
4,Delivery,1764751482.000676,43211,5,1
1,NewOrder,1764751482.001959,20737,14,1
2,Payment,1764751482.002188,14150,10,1
3,OrderStatus,1764751482.005257,11158,2,1
1,NewOrder,1764751482.008721,21637,13,1
2,Payment,1764751482.013118,9452,7,1
1,NewOrder,1764751482.013218,20335,3,1
2,Payment,1764751482.016346,11169,10,1
1,NewOrder,1764751482.016421,38642,2,1
1,NewOrder,1764751482.019316,24958,0,1
1,NewOrder,1764751482.019318,35479,1,1
1,NewOrder,1764751482.019326,20410,11,1
1,NewOrder,1764751482.019398,30113,8,1
1,NewOrder,1764751482.019691,29347,4,1
1,NewOrder,1764751482.021861,32927,15,1
2,Payment,1764751482.021913,22530,9,1
1,NewOrder,1764751482.022577,32234,7,1
1,NewOrder,1764751482.022703,32236,14,1
1,NewOrder,1764751482.027523,29550,10,1
2,Payment,1764751482.027573,16275,12,1
4,Delivery,1764751482.030369,29472,13,1
3,OrderStatus,1764751482.030671,3193,6,1
1,NewOrder,1764751482.033561,21458,3,1
3,OrderStatus,1764751482.033869,15690,6,1
2,Payment,1764751482.039746,15329,11,1
5,StockLevel,1764751482.043859,11219,12,1
5,StockLevel,1764751482.043896,10914,5,1
1,NewOrder,1764751482.044282,22413,0,1
1,NewOrder,1764751482.044451,31990,9,1
2,Payment,1764751482.049045,11036,4,1
1,NewOrder,1764751482.049517,16833,8,1
1,NewOrder,1764751482.049567,23944,6,1
2,Payment,1764751482.054797,14844,15,1
2,Payment,1764751482.054806,14873,1,1
4,Delivery,1764751482.054817,36212,5,1
1,NewOrder,1764751482.054818,32365,7,1
1,NewOrder,1764751482.054942,24522,14,1
1,NewOrder,1764751482.055025,25976,3,1
1,NewOrder,1764751482.055066,39024,2,1
1,NewOrder,1764751482.055082,31987,11,1
2,Payment,1764751482.055082,18554,12,1
1,NewOrder,1764751482.057081,37471,10,1
1,NewOrder,1764751482.059851,16612,13,1
1,NewOrder,1764751482.060087,27028,4,1
1,NewOrder,1764751482.066363,24778,8,1
1,NewOrder,1764751482.066706,27395,0,1
2,Payment,1764751482.069651,11319,15,1
1,NewOrder,1764751482.069686,28840,1,1
1,NewOrder,1764751482.073520,20664,6,1
1,NewOrder,1764751482.073644,24908,12,1
1,NewOrder,1764751482.076449,34292,9,1
2,Payment,1764751482.076470,17758,13,1
2,Payment,1764751482.079474,11560,14,1
1,NewOrder,1764751482.080977,28254,15,1
1,NewOrder,1764751482.081008,22985,3,1
1,NewOrder,1764751482.087078,36790,11,1
2,Payment,1764751482.087122,15771,4,1
1,NewOrder,1764751482.087189,27576,7,1
1,NewOrder,1764751482.091037,39902,5,1
2,Payment,1764751482.091042,12944,14,1
1,NewOrder,1764751482.091150,35465,8,1
2,Payment,1764751482.094097,15942,2,1
4,Delivery,1764751482.094107,42685,0,1
1,NewOrder,1764751482.094190,34086,6,1
1,NewOrder,1764751482.094236,29275,13,1
4,Delivery,1764751482.094557,32001,10,1
2,Payment,1764751482.098535,25107,1,1
1,NewOrder,1764751482.098585,32287,12,1
3,OrderStatus,1764751482.102904,6932,4,1
2,Payment,1764751482.103994,18089,14,1
1,NewOrder,1764751482.104003,22716,3,1
2,Payment,1764751482.109241,27646,15,1
1,NewOrder,1764751482.109844,46365,4,1
1,NewOrder,1764751482.110047,22206,2,1
2,Payment,1764751482.110748,12817,9,1
1,NewOrder,1764751482.114781,29034,7,1
2,Payment,1764751482.122098,34482,14,1
1,NewOrder,1764751482.123523,22849,13,1
1,NewOrder,1764751482.123575,27534,9,1
1,NewOrder,1764751482.123650,37528,1,1
1,NewOrder,1764751482.123874,34604,11,1
1,NewOrder,1764751482.126567,29608,10,1
4,Delivery,1764751482.126622,31903,8,1
1,NewOrder,1764751482.126726,38017,3,1
2,Payment,1764751482.128284,15587,6,1
1,NewOrder,1764751482.130881,20153,12,1
2,Payment,1764751482.130945,12952,5,1
1,NewOrder,1764751482.132283,26182,2,1
1,NewOrder,1764751482.136805,28121,0,1
2,Payment,1764751482.136895,30994,15,1
4,Delivery,1764751482.143828,31680,7,1
1,NewOrder,1764751482.143881,31590,6,1
1,NewOrder,1764751482.143905,17161,5,1
2,Payment,1764751482.146379,12166,13,1
2,Payment,1764751482.151041,24496,12,1
1,NewOrder,1764751482.151115,22412,9,1
1,NewOrder,1764751482.156182,40694,10,1
4,Delivery,1764751482.156216,35952,4,1
2,Payment,1764751482.156586,23396,14,1
2,Payment,1764751482.158472,12925,2,1
1,NewOrder,1764751482.158486,29400,11,1
1,NewOrder,1764751482.158531,29394,8,1
1,NewOrder,1764751482.158547,19041,13,1
1,NewOrder,1764751482.161074,16533,5,1
2,Payment,1764751482.161184,23548,1,1
1,NewOrder,1764751482.164753,32143,3,1
1,NewOrder,1764751482.164934,22931,0,1
1,NewOrder,1764751482.167897,24421,15,1
2,Payment,1764751482.171408,28943,2,1
2,Payment,1764751482.173538,18562,9,1
5,StockLevel,1764751482.175481,21369,6,1
1,NewOrder,1764751482.175516,26952,7,1
1,NewOrder,1764751482.175544,24873,12,1
1,NewOrder,1764751482.177597,23121,13,1
1,NewOrder,1764751482.177614,19450,5,1
2,Payment,1764751482.179991,16904,14,1
2,Payment,1764751482.184743,31249,1,1
1,NewOrder,1764751482.187873,27878,0,1
1,NewOrder,1764751482.187894,21934,11,1
2,Payment,1764751482.187933,14520,8,1
2,Payment,1764751482.192110,14101,9,1
2,Payment,1764751482.192175,14187,4,1
2,Payment,1764751482.192325,17661,15,1
4,Delivery,1764751482.196860,26102,6,1
3,OrderStatus,1764751482.196884,1442,10,1
1,NewOrder,1764751482.196901,30270,14,1
2,Payment,1764751482.196903,13149,3,1
4,Delivery,1764751482.197067,45445,5,1
2,Payment,1764751482.198332,24552,10,1
2,Payment,1764751482.200359,35450,2,1
1,NewOrder,1764751482.200423,22723,12,1
4,Delivery,1764751482.200724,34796,13,1
3,OrderStatus,1764751482.202462,1203,8,1
2,Payment,1764751482.202476,13236,7,1
1,NewOrder,1764751482.203672,19181,8,1
2,Payment,1764751482.206219,32395,9,1
1,NewOrder,1764751482.206369,36126,4,1
1,NewOrder,1764751482.209838,28775,11,1
2,Payment,1764751482.209993,13212,15,1
2,Payment,1764751482.210056,13249,3,1
2,Payment,1764751482.215725,19560,7,1
1,NewOrder,1764751482.215761,30036,0,1
3,OrderStatus,1764751482.215998,3984,1,1
2,Payment,1764751482.219995,26080,1,1
1,NewOrder,1764751482.222863,19713,8,1
2,Payment,1764751482.222892,29470,10,1
1,NewOrder,1764751482.222971,41305,6,1
2,Payment,1764751482.223153,15455,12,1
1,NewOrder,1764751482.223211,23078,15,1
2,Payment,1764751482.223309,15526,3,1
2,Payment,1764751482.227182,16343,14,1
2,Payment,1764751482.235299,10702,7,1
1,NewOrder,1764751482.235530,30794,13,1
2,Payment,1764751482.235815,24013,2,1
1,NewOrder,1764751482.238615,20852,12,1
1,NewOrder,1764751482.238621,27219,11,1
4,Delivery,1764751482.238622,23852,9,1
1,NewOrder,1764751482.238839,17720,3,1
2,Payment,1764751482.242504,16810,4,1
1,NewOrder,1764751482.242520,20074,5,1
2,Payment,1764751482.242583,14082,8,1
2,Payment,1764751482.243532,13231,14,1
2,Payment,1764751482.245805,17257,0,1
5,StockLevel,1764751482.246008,20489,7,1
2,Payment,1764751482.246082,28345,1,1
1,NewOrder,1764751482.246293,35060,15,1
1,NewOrder,1764751482.252375,49414,10,1
1,NewOrder,1764751482.256573,38729,3,1
1,NewOrder,1764751482.256674,31729,8,1
1,NewOrder,1764751482.256769,39452,14,1
2,Payment,1764751482.259324,13843,4,1
1,NewOrder,1764751482.259474,35828,12,1
1,NewOrder,1764751482.259832,41963,2,1
2,Payment,1764751482.262484,17127,9,1
1,NewOrder,1764751482.262601,40921,5,1
2,Payment,1764751482.263068,13211,0,1
1,NewOrder,1764751482.264283,31179,6,1
1,NewOrder,1764751482.265847,36069,11,1
1,NewOrder,1764751482.266331,19778,13,1
1,NewOrder,1764751482.266504,35308,7,1
1,NewOrder,1764751482.273181,22120,4,1
1,NewOrder,1764751482.274437,28898,1,1
1,NewOrder,1764751482.276289,28857,0,1
2,Payment,1764751482.279623,16063,9,1
2,Payment,1764751482.281362,13928,15,1
2,Payment,1764751482.286124,12200,13,1
2,Payment,1764751482.288416,13429,8,1
2,Payment,1764751482.295304,10057,15,1
1,NewOrder,1764751482.295312,33569,3,1
2,Payment,1764751482.295312,26646,12,1
2,Payment,1764751482.295313,9920,4,1
1,NewOrder,1764751482.295467,18333,6,1
1,NewOrder,1764751482.295692,25111,9,1
2,Payment,1764751482.296228,24052,14,1
2,Payment,1764751482.298332,11379,13,1
1,NewOrder,1764751482.301798,33878,10,1
1,NewOrder,1764751482.301804,41433,2,1
1,NewOrder,1764751482.301818,18367,7,1
1,NewOrder,1764751482.301852,23680,8,1
2,Payment,1764751482.301920,9990,11,1
2,Payment,1764751482.303341,10567,1,1
2,Payment,1764751482.303528,15065,5,1
2,Payment,1764751482.305153,13388,0,1
1,NewOrder,1764751482.305239,31177,4,1
1,NewOrder,1764751482.305367,33413,15,1
5,StockLevel,1764751482.309721,10280,13,1
1,NewOrder,1764751482.311919,39167,11,1
1,NewOrder,1764751482.313808,28912,6,1
1,NewOrder,1764751482.313916,28904,1,1
3,OrderStatus,1764751482.318571,3247,0,1
5,StockLevel,1764751482.318601,18574,5,1
5,StockLevel,1764751482.320008,17215,13,1
2,Payment,1764751482.320189,22569,7,1
1,NewOrder,1764751482.320286,24857,14,1
1,NewOrder,1764751482.320808,27606,9,1
1,NewOrder,1764751482.321826,34577,0,1
2,Payment,1764751482.321965,16811,12,1
2,Payment,1764751482.325543,17245,8,1
4,Delivery,1764751482.328892,52197,3,1
1,NewOrder,1764751482.335694,22786,10,1
2,Payment,1764751482.336426,15138,4,1
2,Payment,1764751482.337187,26325,5,1
2,Payment,1764751482.337244,14603,13,1
5,StockLevel,1764751482.338783,12301,12,1
2,Payment,1764751482.338786,13500,15,1
2,Payment,1764751482.342732,29845,6,1
2,Payment,1764751482.342766,13840,7,1
2,Payment,1764751482.342795,11839,8,1
2,Payment,1764751482.342826,11524,1,1
2,Payment,1764751482.343241,20665,2,1
4,Delivery,1764751482.345150,19959,14,1
2,Payment,1764751482.348423,13326,9,1
1,NewOrder,1764751482.351092,30085,12,1
1,NewOrder,1764751482.351093,30091,11,1
1,NewOrder,1764751482.351573,42356,4,1
2,Payment,1764751482.351855,12146,13,1
1,NewOrder,1764751482.352291,37628,15,1
2,Payment,1764751482.354357,26747,1,1
2,Payment,1764751482.354639,10306,8,1
1,NewOrder,1764751482.356419,29936,0,1
2,Payment,1764751482.356612,29630,7,1
1,NewOrder,1764751482.358487,41457,10,1
1,NewOrder,1764751482.361765,38117,9,1
1,NewOrder,1764751482.363523,32612,5,1
1,NewOrder,1764751482.363914,30020,2,1
5,StockLevel,1764751482.364009,3709,13,1
2,Payment,1764751482.364954,17489,8,1
2,Payment,1764751482.365115,17518,14,1
5,StockLevel,1764751482.367729,13360,13,1
1,NewOrder,1764751482.372588,30021,6,1
1,NewOrder,1764751482.381106,37754,13,1
1,NewOrder,1764751482.381106,37828,3,1
1,NewOrder,1764751482.381111,57245,1,1
2,Payment,1764751482.381187,14922,12,1
2,Payment,1764751482.381191,16649,11,1
2,Payment,1764751482.382451,17647,8,1
1,NewOrder,1764751482.382642,55580,14,1
2,Payment,1764751482.386259,15967,7,1
1,NewOrder,1764751482.386365,32159,0,1
2,Payment,1764751482.389934,12303,15,1
1,NewOrder,1764751482.393944,26856,2,1
1,NewOrder,1764751482.393944,62084,4,1
1,NewOrder,1764751482.396117,42077,12,1
3,OrderStatus,1764751482.396142,9166,5,1
1,NewOrder,1764751482.397848,58465,11,1
2,Payment,1764751482.399889,38426,9,1
1,NewOrder,1764751482.399951,56346,10,1
2,Payment,1764751482.400102,23574,8,1
2,Payment,1764751482.402238,35921,7,1
2,Payment,1764751482.402245,35937,15,1
1,NewOrder,1764751482.402617,53432,6,1
2,Payment,1764751482.405321,32806,5,1
1,NewOrder,1764751482.418544,50554,0,1
1,NewOrder,1764751482.418872,50140,13,1
2,Payment,1764751482.418938,23672,3,1
2,Payment,1764751482.420808,21379,2,1
2,Payment,1764751482.423689,32341,8,1
3,OrderStatus,1764751482.438144,6478,5,1
1,NewOrder,1764751482.438170,46151,7,1
1,NewOrder,1764751482.438185,32976,15,1
1,NewOrder,1764751482.438200,30912,12,1
1,NewOrder,1764751482.438226,41168,14,1
1,NewOrder,1764751482.438322,41329,9,1
1,NewOrder,1764751482.438362,30690,1,1
1,NewOrder,1764751482.442200,41817,2,1
1,NewOrder,1764751482.442620,36677,3,1
1,NewOrder,1764751482.444629,43696,5,1
2,Payment,1764751482.456047,23809,8,1
2,Payment,1764751482.456048,23364,4,1
1,NewOrder,1764751482.456055,32326,6,1
2,Payment,1764751482.456304,22989,10,1
2,Payment,1764751482.456319,23221,11,1
2,Payment,1764751482.469030,19147,13,1
2,Payment,1764751482.469064,22621,1,1
1,NewOrder,1764751482.469105,39316,0,1
5,StockLevel,1764751482.469122,18969,12,1
2,Payment,1764751482.471169,16971,15,1
1,NewOrder,1764751482.479308,47373,3,1
1,NewOrder,1764751482.479309,29089,10,1
2,Payment,1764751482.479400,42142,14,1
1,NewOrder,1764751482.479415,29187,4,1
1,NewOrder,1764751482.479542,42592,11,1
2,Payment,1764751482.479658,15665,9,1
2,Payment,1764751482.479862,15503,8,1
1,NewOrder,1764751482.484032,37481,2,1
1,NewOrder,1764751482.484331,25726,7,1
2,Payment,1764751482.488101,33884,12,1
2,Payment,1764751482.488142,15961,15,1
2,Payment,1764751482.488185,14373,13,1
2,Payment,1764751482.488332,14171,5,1
1,NewOrder,1764751482.488386,37465,6,1
2,Payment,1764751482.491697,16796,1,1
1,NewOrder,1764751482.495337,30624,9,1
2,Payment,1764751482.495374,13357,8,1
1,NewOrder,1764751482.502522,37660,5,1
5,StockLevel,1764751482.502569,19186,13,1
1,NewOrder,1764751482.504109,45037,15,1
1,NewOrder,1764751482.508406,31695,10,1
4,Delivery,1764751482.508431,49879,0,1
2,Payment,1764751482.508500,18110,1,1
1,NewOrder,1764751482.508607,31975,4,1
3,OrderStatus,1764751482.508737,17917,8,1
5,StockLevel,1764751482.510064,15763,7,1
2,Payment,1764751482.521536,18863,2,1
2,Payment,1764751482.521552,18434,14,1
1,NewOrder,1764751482.521759,41506,13,1
5,StockLevel,1764751482.521991,2757,12,1
2,Payment,1764751482.522141,17827,11,1
2,Payment,1764751482.524760,15746,12,1
1,NewOrder,1764751482.525841,20417,7,1
2,Payment,1764751482.525858,23297,6,1
2,Payment,1764751482.525963,13961,9,1
2,Payment,1764751482.526617,27630,1,1
2,Payment,1764751482.526660,16549,8,1
2,Payment,1764751482.526683,13874,3,1
1,NewOrder,1764751482.539957,33892,9,1
1,NewOrder,1764751482.539980,34533,11,1
2,Payment,1764751482.539995,14640,14,1
1,NewOrder,1764751482.540108,29038,10,1
2,Payment,1764751482.540189,13705,5,1
2,Payment,1764751482.540406,28750,2,1
3,OrderStatus,1764751482.540511,2871,12,1
1,NewOrder,1764751482.540563,22697,3,1
2,Payment,1764751482.540584,35544,4,1
2,Payment,1764751482.543221,15068,8,1
2,Payment,1764751482.543390,14974,12,1
2,Payment,1764751482.546269,30821,7,1
5,StockLevel,1764751482.549155,14061,15,1
2,Payment,1764751482.549164,14037,6,1
1,NewOrder,1764751482.553904,23806,5,1
2,Payment,1764751482.554264,31010,1,1
2,Payment,1764751482.554642,19039,14,1
2,Payment,1764751482.558297,16199,8,1
1,NewOrder,1764751482.558318,22109,0,1
1,NewOrder,1764751482.558372,25777,12,1
1,NewOrder,1764751482.563214,26390,6,1
2,Payment,1764751482.563224,35179,15,1
2,Payment,1764751482.563262,14387,3,1
1,NewOrder,1764751482.563268,20881,13,1
1,NewOrder,1764751482.569155,26462,10,1
1,NewOrder,1764751482.569164,26435,2,1
2,Payment,1764751482.573694,13366,14,1
2,Payment,1764751482.573858,15845,9,1
2,Payment,1764751482.574503,12769,8,1
2,Payment,1764751482.574520,12541,11,1
3,OrderStatus,1764751482.576134,4327,4,1
2,Payment,1764751482.577097,12486,7,1
2,Payment,1764751482.577656,11930,3,1
2,Payment,1764751482.577713,12089,5,1
1,NewOrder,1764751482.580433,17770,0,1
1,NewOrder,1764751482.580468,37790,4,1
1,NewOrder,1764751482.584156,25198,12,1
2,Payment,1764751482.584158,11432,13,1
2,Payment,1764751482.585280,13085,1,1
1,NewOrder,1764751482.587068,27725,14,1
2,Payment,1764751482.587068,11174,11,1
1,NewOrder,1764751482.587275,30939,8,1
2,Payment,1764751482.589593,15589,7,1
1,NewOrder,1764751482.589594,19735,3,1
2,Payment,1764751482.589610,30340,6,1
1,NewOrder,1764751482.589710,19630,9,1
1,NewOrder,1764751482.589812,33059,5,1
2,Payment,1764751482.595605,15428,13,1
2,Payment,1764751482.595609,32063,2,1
4,Delivery,1764751482.595624,40791,10,1
1,NewOrder,1764751482.598212,29069,0,1
1,NewOrder,1764751482.598249,28946,11,1
2,Payment,1764751482.598372,12680,1,1
1,NewOrder,1764751482.598413,24514,15,1
1,NewOrder,1764751482.605194,17697,7,1
1,NewOrder,1764751482.609338,24246,3,1
3,OrderStatus,1764751482.609348,10560,9,1
1,NewOrder,1764751482.609361,26816,12,1
2,Payment,1764751482.611040,16395,13,1
2,Payment,1764751482.611068,28736,1,1
2,Payment,1764751482.614800,12409,14,1
1,NewOrder,1764751482.618222,20919,8,1
1,NewOrder,1764751482.618264,30395,4,1
2,Payment,1764751482.619916,9863,9,1
4,Delivery,1764751482.619957,22425,6,1
1,NewOrder,1764751482.622879,25713,5,1
1,NewOrder,1764751482.622898,22852,7,1
2,Payment,1764751482.622933,16946,15,1
2,Payment,1764751482.627202,12832,11,1
1,NewOrder,1764751482.627215,28430,14,1
2,Payment,1764751482.627284,12587,0,1
4,Delivery,1764751482.627442,39983,13,1
1,NewOrder,1764751482.627679,24210,2,1
1,NewOrder,1764751482.629788,16032,9,1
2,Payment,1764751482.633595,10904,3,1
2,Payment,1764751482.636186,12363,12,1
1,NewOrder,1764751482.636421,26798,10,1
1,NewOrder,1764751482.639162,21519,8,1
1,NewOrder,1764751482.639811,18879,1,1
2,Payment,1764751482.639878,12072,0,1
1,NewOrder,1764751482.639886,23465,15,1
1,NewOrder,1764751482.640039,20626,11,1
1,NewOrder,1764751482.642389,28719,6,1
2,Payment,1764751482.644506,11108,3,1
2,Payment,1764751482.645757,12933,7,1
2,Payment,1764751482.645827,9784,9,1
2,Payment,1764751482.648560,14679,12,1
2,Payment,1764751482.648600,24636,5,1
2,Payment,1764751482.648665,12190,4,1
2,Payment,1764751482.651933,11354,2,1
2,Payment,1764751482.651962,11442,0,1
2,Payment,1764751482.655619,11696,9,1
2,Payment,1764751482.655621,11859,3,1
1,NewOrder,1764751482.655652,26637,14,1
2,Payment,1764751482.658697,14503,1,1
5,StockLevel,1764751482.658697,12425,7,1
1,NewOrder,1764751482.660672,26240,11,1
1,NewOrder,1764751482.660687,18069,8,1
2,Payment,1764751482.660863,26195,4,1
2,Payment,1764751482.663231,15429,10,1
1,NewOrder,1764751482.663247,23647,12,1
1,NewOrder,1764751482.663290,26838,2,1
1,NewOrder,1764751482.663358,23534,15,1
1,NewOrder,1764751482.663407,26849,0,1
2,Payment,1764751482.667323,38086,9,1
2,Payment,1764751482.667432,14918,13,1
2,Payment,1764751482.667486,14843,3,1
4,Delivery,1764751482.671115,22624,6,1
1,NewOrder,1764751482.671129,21909,7,1
2,Payment,1764751482.673207,16979,1,1
3,OrderStatus,1764751482.673243,5659,5,1
2,Payment,1764751482.678668,15016,10,1
1,NewOrder,1764751482.678763,15283,8,1
1,NewOrder,1764751482.678906,44467,5,1
2,Payment,1764751482.682298,11771,14,1
2,Payment,1764751482.682337,11496,3,1
1,NewOrder,1764751482.682359,21893,13,1
1,NewOrder,1764751482.686900,36550,15,1
1,NewOrder,1764751482.686901,17784,12,1
1,NewOrder,1764751482.686920,25438,11,1
2,Payment,1764751482.687065,16769,4,1
3,OrderStatus,1764751482.690136,4436,2,1
1,NewOrder,1764751482.690193,41463,1,1
2,Payment,1764751482.690262,13332,0,1
1,NewOrder,1764751482.693058,22221,7,1
1,NewOrder,1764751482.693699,40529,10,1
4,Delivery,1764751482.693746,29544,6,1
1,NewOrder,1764751482.693837,21352,3,1
2,Payment,1764751482.694053,13316,8,1
2,Payment,1764751482.694077,10301,14,1
1,NewOrder,1764751482.694578,29026,2,1
2,Payment,1764751482.703605,20446,0,1
1,NewOrder,1764751482.703842,47447,4,1
2,Payment,1764751482.704268,14772,13,1
4,Delivery,1764751482.704385,30439,14,1
1,NewOrder,1764751482.704694,29492,12,1
1,NewOrder,1764751482.705415,17810,9,1
1,NewOrder,1764751482.707379,24380,8,1
1,NewOrder,1764751482.712371,9037,11,1
1,NewOrder,1764751482.715202,24466,3,1
1,NewOrder,1764751482.715287,20994,7,1
1,NewOrder,1764751482.719048,24992,13,1
2,Payment,1764751482.721413,12756,11,1
1,NewOrder,1764751482.723234,20720,9,1
1,NewOrder,1764751482.723292,23833,6,1
2,Payment,1764751482.723380,16292,5,1
2,Payment,1764751482.723458,12775,15,1
1,NewOrder,1764751482.723608,23527,2,1
1,NewOrder,1764751482.724058,22990,0,1
2,Payment,1764751482.731666,15383,1,1
1,NewOrder,1764751482.731767,25303,8,1
2,Payment,1764751482.734176,13016,11,1
2,Payment,1764751482.734192,12907,12,1
1,NewOrder,1764751482.734235,22770,10,1
1,NewOrder,1764751482.734833,29277,14,1
2,Payment,1764751482.736241,10942,15,1
2,Payment,1764751482.736288,10949,7,1
1,NewOrder,1764751482.739677,27034,3,1
2,Payment,1764751482.739681,14443,5,1
2,Payment,1764751482.743960,13183,9,1
1,NewOrder,1764751482.744047,22611,13,1
5,StockLevel,1764751482.747056,13673,0,1
2,Payment,1764751482.747057,15568,1,1
4,Delivery,1764751482.747106,19269,12,1
1,NewOrder,1764751482.747129,19396,6,1
1,NewOrder,1764751482.747142,29767,2,1
1,NewOrder,1764751482.747185,19354,15,1
1,NewOrder,1764751482.747195,28632,11,1
1,NewOrder,1764751482.747244,31851,7,1
2,Payment,1764751482.751298,15474,4,1
1,NewOrder,1764751482.754134,33668,5,1
1,NewOrder,1764751482.757012,25692,10,1
5,StockLevel,1764751482.757077,13820,8,1
3,OrderStatus,1764751482.757150,1855,9,1
5,StockLevel,1764751482.759013,14513,9,1
5,StockLevel,1764751482.760737,12854,0,1
1,NewOrder,1764751482.762632,24874,1,1
1,NewOrder,1764751482.764118,23688,14,1
2,Payment,1764751482.766382,13477,12,1
2,Payment,1764751482.766532,13107,6,1
1,NewOrder,1764751482.766546,16204,15,1
1,NewOrder,1764751482.766665,24691,13,1
1,NewOrder,1764751482.766717,20873,3,1
4,Delivery,1764751482.766775,31279,4,1
1,NewOrder,1764751482.770911,16748,8,1
1,NewOrder,1764751482.773535,33652,9,1
1,NewOrder,1764751482.773594,42126,0,1
2,Payment,1764751482.775835,15613,11,1
1,NewOrder,1764751482.776917,26132,2,1
1,NewOrder,1764751482.779102,24017,7,1
2,Payment,1764751482.779652,15352,6,1
1,NewOrder,1764751482.779866,37132,12,1
1,NewOrder,1764751482.782711,32965,10,1
5,StockLevel,1764751482.782772,17506,15,1
2,Payment,1764751482.787517,16116,1,1
2,Payment,1764751482.787598,13978,3,1
1,NewOrder,1764751482.787665,28000,8,1
2,Payment,1764751482.787809,13830,5,1
1,NewOrder,1764751482.787811,27989,14,1
5,StockLevel,1764751482.791366,10216,13,1
1,NewOrder,1764751482.791481,38490,11,1
1,NewOrder,1764751482.795014,21496,6,1
1,NewOrder,1764751482.798062,35555,4,1
2,Payment,1764751482.800288,15900,15,1
4,Delivery,1764751482.801584,45678,3,1
1,NewOrder,1764751482.801590,35639,13,1
1,NewOrder,1764751482.801643,35730,5,1
2,Payment,1764751482.803060,14695,2,1
1,NewOrder,1764751482.803125,30673,7,1
2,Payment,1764751482.803639,26337,1,1
1,NewOrder,1764751482.807196,19839,9,1
2,Payment,1764751482.815680,11457,8,1
2,Payment,1764751482.815686,14278,10,1
1,NewOrder,1764751482.815722,33546,0,1
1,NewOrder,1764751482.815807,21491,14,1
1,NewOrder,1764751482.816195,21170,15,1
1,NewOrder,1764751482.816519,30706,6,1
3,OrderStatus,1764751482.817004,4913,12,1
2,Payment,1764751482.817764,27637,2,1
2,Payment,1764751482.821932,11795,12,1
1,NewOrder,1764751482.827048,24527,9,1
2,Payment,1764751482.827138,10046,8,1
1,NewOrder,1764751482.829977,26268,10,1
2,Payment,1764751482.829982,15399,11,1
1,NewOrder,1764751482.829984,29237,1,1
1,NewOrder,1764751482.833630,29208,4,1
1,NewOrder,1764751482.833739,29092,12,1
2,Payment,1764751482.833805,13423,7,1
2,Payment,1764751482.837195,14939,8,1
1,NewOrder,1764751482.837237,29488,13,1
2,Payment,1764751482.837304,25626,14,1
2,Payment,1764751482.837371,12180,15,1
2,Payment,1764751482.837377,14160,5,1
2,Payment,1764751482.845394,10886,11,1
1,NewOrder,1764751482.845409,22455,2,1
2,Payment,1764751482.847234,11982,6,1
2,Payment,1764751482.847239,24322,7,1
4,Delivery,1764751482.847269,44881,3,1
1,NewOrder,1764751482.849277,18484,0,1
2,Payment,1764751482.849559,25272,15,1
1,NewOrder,1764751482.851547,31887,5,1
2,Payment,1764751482.851585,15122,9,1
1,NewOrder,1764751482.852141,28256,8,1
2,Payment,1764751482.856263,24007,10,1
4,Delivery,1764751482.856288,42103,11,1
2,Payment,1764751482.859224,24386,6,1
1,NewOrder,1764751482.859229,17005,1,1
2,Payment,1764751482.862839,13308,12,1
1,NewOrder,1764751482.862844,32848,4,1
1,NewOrder,1764751482.862945,32852,14,1
1,NewOrder,1764751482.866718,16820,9,1
2,Payment,1764751482.866733,38453,13,1
2,Payment,1764751482.867768,15846,0,1
2,Payment,1764751482.867871,12320,2,1
2,Payment,1764751482.871575,24110,7,1
2,Payment,1764751482.874845,15071,15,1
2,Payment,1764751482.876157,15994,12,1
2,Payment,1764751482.876237,19859,1,1
1,NewOrder,1764751482.880202,24964,2,1
2,Payment,1764751482.880278,15995,10,1
1,NewOrder,1764751482.880401,20810,8,1
1,NewOrder,1764751482.883446,21701,5,1
1,NewOrder,1764751482.883549,89963,9,1
3,OrderStatus,1764751482.883617,12034,6,1
1,NewOrder,1764751482.883623,24560,0,1
2,Payment,1764751482.889929,15145,15,1
1,NewOrder,1764751482.892160,81601,3,1
1,NewOrder,1764751482.892161,82072,12,1
1,NewOrder,1764751482.895664,78204,6,1
2,Payment,1764751482.895693,12852,7,1
2,Payment,1764751482.895694,74336,4,1
2,Payment,1764751482.895805,112673,14,1
5,StockLevel,1764751482.896102,12271,1,1
2,Payment,1764751482.896280,71593,10,1
1,NewOrder,1764751482.898399,75160,11,1
1,NewOrder,1764751482.901224,72170,8,1
2,Payment,1764751482.905087,68278,15,1
1,NewOrder,1764751482.905155,109813,5,1
2,Payment,1764751482.905176,68180,2,1
1,NewOrder,1764751482.905193,68651,13,1
2,Payment,1764751482.908193,65527,0,1
1,NewOrder,1764751482.908382,106734,1,1
2,Payment,1764751482.908552,65102,7,1
2,Payment,1764751482.967890,14177,10,1
1,NewOrder,1764751482.970043,45320,4,1
2,Payment,1764751482.973374,53214,15,1
2,Payment,1764751482.973398,32156,2,1
1,NewOrder,1764751482.973400,41763,8,1
1,NewOrder,1764751482.973517,41419,9,1
4,Delivery,1764751482.973564,41737,11,1
2,Payment,1764751482.973660,34801,7,1
1,NewOrder,1764751482.973725,41247,0,1
2,Payment,1764751482.973765,31786,3,1
1,NewOrder,1764751482.973849,41085,13,1
1,NewOrder,1764751482.973870,41024,6,1
2,Payment,1764751482.974239,34210,12,1
2,Payment,1764751482.982082,32978,10,1
1,NewOrder,1764751483.005570,28117,3,1
1,NewOrder,1764751483.005570,21116,2,1
1,NewOrder,1764751483.008467,22256,7,1
2,Payment,1764751483.008469,16849,12,1
2,Payment,1764751483.008484,43840,14,1
2,Payment,1764751483.014900,15806,6,1
3,OrderStatus,1764751483.014940,1113,13,1
2,Payment,1764751483.014942,15823,9,1
1,NewOrder,1764751483.014970,37258,5,1
1,NewOrder,1764751483.014979,37187,0,1
2,Payment,1764751483.015067,39707,10,1
2,Payment,1764751483.015118,15896,1,1
2,Payment,1764751483.015167,15573,8,1
2,Payment,1764751483.015306,15372,11,1
1,NewOrder,1764751483.015369,37275,4,1
2,Payment,1764751483.016059,36026,13,1
3,OrderStatus,1764751483.025331,3218,12,1
5,StockLevel,1764751483.026596,25497,15,1
3,OrderStatus,1764751483.026691,25514,2,1
1,NewOrder,1764751483.028558,48012,12,1
5,StockLevel,1764751483.030685,24143,11,1
1,NewOrder,1764751483.030713,39108,6,1
1,NewOrder,1764751483.030729,28950,7,1
3,OrderStatus,1764751483.030767,942,9,1
1,NewOrder,1764751483.030832,39128,8,1
1,NewOrder,1764751483.031020,28701,1,1
2,Payment,1764751483.031714,49221,9,1
2,Payment,1764751483.033693,21459,3,1
1,NewOrder,1764751483.052105,21972,13,1
2,Payment,1764751483.052105,17619,15,1
2,Payment,1764751483.052172,17521,0,1
2,Payment,1764751483.052208,17475,2,1
4,Delivery,1764751483.052234,32243,5,1
1,NewOrder,1764751483.052335,21913,14,1
1,NewOrder,1764751483.052650,24023,4,1
2,Payment,1764751483.054780,15907,10,1
2,Payment,1764751483.054833,14903,11,1
1,NewOrder,1764751483.055157,21557,3,1
2,Payment,1764751483.059690,16963,7,1
2,Payment,1764751483.059728,21149,1,1
5,StockLevel,1764751483.069695,11335,2,1
4,Delivery,1764751483.069702,46834,0,1
1,NewOrder,1764751483.069730,47130,15,1
2,Payment,1764751483.069742,11372,11,1
2,Payment,1764751483.069824,23109,6,1
1,NewOrder,1764751483.069966,42617,8,1
1,NewOrder,1764751483.070693,41866,10,1
1,NewOrder,1764751483.074083,18881,13,1
3,OrderStatus,1764751483.074254,1381,14,1
2,Payment,1764751483.075641,8798,14,1
1,NewOrder,1764751483.076576,39883,12,1
2,Payment,1764751483.076655,39813,7,1
1,NewOrder,1764751483.076674,35345,4,1
3,OrderStatus,1764751483.076717,8475,3,1
2,Payment,1764751483.080886,31215,1,1
2,Payment,1764751483.080943,28330,9,1
1,NewOrder,1764751483.081036,30959,2,1
4,Delivery,1764751483.081120,40627,11,1
1,NewOrder,1764751483.084447,32219,14,1
2,Payment,1764751483.084487,27514,5,1
2,Payment,1764751483.085197,27460,3,1
1,NewOrder,1764751483.092953,23864,6,1
2,Payment,1764751483.092976,23635,13,1
1,NewOrder,1764751483.109291,26644,9,1
2,Payment,1764751483.112009,21011,2,1
1,NewOrder,1764751483.112009,20707,5,1
5,StockLevel,1764751483.112026,17688,4,1
1,NewOrder,1764751483.112104,152943,1,1
4,Delivery,1764751483.112565,152737,10,1
4,Delivery,1764751483.112589,148726,8,1
1,NewOrder,1764751483.112666,152691,3,1
2,Payment,1764751483.116466,12925,12,1
4,Delivery,1764751483.116474,151514,7,1
3,OrderStatus,1764751483.116542,6128,0,1
1,NewOrder,1764751483.116614,148877,13,1
2,Payment,1764751483.116672,12716,14,1
2,Payment,1764751483.116821,15892,6,1
1,NewOrder,1764751483.116866,148375,15,1
1,NewOrder,1764751483.121761,143332,11,1
1,NewOrder,1764751483.122680,144900,0,1
2,Payment,1764751483.129401,135877,14,1
1,NewOrder,1764751483.129402,138215,12,1
5,StockLevel,1764751483.129720,127697,4,1
2,Payment,1764751483.132722,132399,6,1
1,NewOrder,1764751483.132723,132605,5,1
2,Payment,1764751483.133026,134648,2,1
2,Payment,1764751483.135946,132029,9,1
2,Payment,1764751483.257433,17576,4,1
2,Payment,1764751483.261325,13702,8,1
2,Payment,1764751483.265054,18948,1,1
2,Payment,1764751483.265108,14388,11,1
3,OrderStatus,1764751483.265126,9919,6,1
2,Payment,1764751483.265246,14174,15,1
2,Payment,1764751483.265279,104262,14,1
2,Payment,1764751483.265306,14239,10,1
1,NewOrder,1764751483.265333,111621,5,1
1,NewOrder,1764751483.265358,18640,3,1
2,Payment,1764751483.265494,18627,13,1
2,Payment,1764751483.267586,16742,0,1
2,Payment,1764751483.267618,123400,12,1
2,Payment,1764751483.267676,127014,2,1
2,Payment,1764751483.267981,101570,9,1
2,Payment,1764751483.267994,16052,7,1
1,NewOrder,1764751483.275019,94817,4,1
1,NewOrder,1764751483.275034,94744,8,1
1,NewOrder,1764751483.275051,101804,6,1
1,NewOrder,1764751483.279428,90271,15,1
2,Payment,1764751483.279503,90195,11,1
2,Payment,1764751483.279548,111504,10,1
2,Payment,1764751483.284007,85551,3,1
2,Payment,1764751483.284008,92991,1,1
3,OrderStatus,1764751483.284052,2998,7,1
2,Payment,1764751483.284123,85797,13,1
3,OrderStatus,1764751483.284334,85218,0,1
1,NewOrder,1764751483.287075,90998,7,1
2,Payment,1764751483.369561,21783,14,1
2,Payment,1764751483.369561,43639,9,1
1,NewOrder,1764751483.369564,31929,3,1
2,Payment,1764751483.369571,21731,0,1
2,Payment,1764751483.369701,24899,11,1
1,NewOrder,1764751483.369709,31558,15,1
3,OrderStatus,1764751483.369780,1917,8,1
4,Delivery,1764751483.369840,31482,4,1
2,Payment,1764751483.369925,42602,13,1
4,Delivery,1764751483.371701,41068,8,1
2,Payment,1764751483.376862,17778,6,1
1,NewOrder,1764751483.376960,24461,5,1
2,Payment,1764751483.377004,108260,1,1
2,Payment,1764751483.378129,34390,7,1
2,Payment,1764751483.391033,164561,12,1
1,NewOrder,1764751483.391059,93733,10,1
2,Payment,1764751483.391309,21233,0,1
5,StockLevel,1764751483.391349,93448,14,1
1,NewOrder,1764751483.394610,145505,11,1
1,NewOrder,1764751483.394642,90187,6,1
2,Payment,1764751483.394697,154167,2,1
2,Payment,1764751483.401279,83548,15,1
1,NewOrder,1764751483.401329,138872,4,1
2,Payment,1764751483.401424,83415,5,1
1,NewOrder,1764751483.401499,139030,3,1
2,Payment,1764751483.412537,127684,13,1
2,Payment,1764751483.412547,127618,7,1
1,NewOrder,1764751483.412551,140103,0,1
1,NewOrder,1764751483.412774,127334,8,1
1,NewOrder,1764751483.413204,139429,9,1
2,Payment,1764751483.484808,64086,10,1
2,Payment,1764751483.484809,64072,14,1
4,Delivery,1764751483.484832,67776,15,1
2,Payment,1764751483.484835,70757,6,1
1,NewOrder,1764751483.484840,81171,5,1
2,Payment,1764751483.485270,83519,1,1
1,NewOrder,1764751483.540124,28700,8,1
2,Payment,1764751483.540124,15491,11,1
2,Payment,1764751483.540170,30343,7,1
1,NewOrder,1764751483.540204,29099,4,1
2,Payment,1764751483.540227,34059,13,1
2,Payment,1764751483.540533,15046,3,1
2,Payment,1764751483.548873,67261,2,1
5,StockLevel,1764751483.548887,21372,14,1
2,Payment,1764751483.548900,20031,10,1
1,NewOrder,1764751483.552615,21569,15,1
1,NewOrder,1764751483.552639,63693,9,1
1,NewOrder,1764751483.552660,28425,0,1
2,Payment,1764751483.555585,18621,3,1
1,NewOrder,1764751483.555599,60562,6,1
2,Payment,1764751483.555600,60526,12,1
1,NewOrder,1764751483.555616,60439,11,1
2,Payment,1764751483.566025,49997,5,1
1,NewOrder,1764751483.568803,56602,1,1
2,Payment,1764751483.568831,47338,8,1
2,Payment,1764751483.568937,47224,10,1
2,Payment,1764751483.569309,64677,4,1
2,Payment,1764751483.570266,45755,14,1
2,Payment,1764751483.570519,45649,7,1
3,OrderStatus,1764751483.574194,41854,15,1
1,NewOrder,1764751483.574211,49645,3,1
2,Payment,1764751483.574291,59625,13,1
4,Delivery,1764751483.581093,60775,0,1
2,Payment,1764751483.616037,18015,14,1
1,NewOrder,1764751483.616037,25903,5,1
2,Payment,1764751483.616059,32683,15,1
1,NewOrder,1764751483.616061,30402,11,1
2,Payment,1764751483.616131,32758,12,1
2,Payment,1764751483.616136,17971,2,1
1,NewOrder,1764751483.616162,25813,10,1
3,OrderStatus,1764751483.616171,14018,6,1
2,Payment,1764751483.616174,17750,7,1
2,Payment,1764751483.616174,17764,8,1
2,Payment,1764751483.616335,17571,9,1
1,NewOrder,1764751483.623870,34586,3,1
2,Payment,1764751483.625415,42216,1,1
1,NewOrder,1764751483.630200,28370,6,1
1,NewOrder,1764751483.633916,24605,9,1
3,OrderStatus,1764751483.633924,2628,13,1
1,NewOrder,1764751483.633930,33375,7,1
2,Payment,1764751483.633944,15166,8,1
3,OrderStatus,1764751483.634028,12423,4,1
1,NewOrder,1764751483.634054,33793,14,1
2,Payment,1764751483.634113,15043,2,1
2,Payment,1764751483.636558,31433,13,1
1,NewOrder,1764751483.641876,54928,0,1
2,Payment,1764751483.641942,16505,5,1
4,Delivery,1764751483.641981,118446,10,1
1,NewOrder,1764751483.646462,54367,4,1
1,NewOrder,1764751483.646470,28824,11,1
1,NewOrder,1764751483.648751,44044,15,1
1,NewOrder,1764751483.648897,26295,12,1
2,Payment,1764751483.649118,18784,8,1
2,Payment,1764751483.649160,51691,2,1
2,Payment,1764751483.658467,16784,3,1
3,OrderStatus,1764751483.658468,5594,5,1
1,NewOrder,1764751483.658524,101903,9,1
1,NewOrder,1764751483.658574,42265,6,1
2,Payment,1764751483.664072,32643,5,1
2,Payment,1764751483.667378,93088,7,1
2,Payment,1764751483.667638,216449,1,1
1,NewOrder,1764751483.667853,92687,14,1
1,NewOrder,1764751483.667908,149543,8,1
1,NewOrder,1764751483.667998,148181,13,1
2,Payment,1764751483.675204,85224,12,1
1,NewOrder,1764751483.675254,85238,3,1
1,NewOrder,1764751483.675296,85179,11,1
1,NewOrder,1764751483.692811,190781,15,1
2,Payment,1764751483.696726,119376,5,1
5,StockLevel,1764751483.696814,119185,0,1
5,StockLevel,1764751483.700837,122699,4,1
3,OrderStatus,1764751483.700846,1625,6,1
1,NewOrder,1764751483.700858,182585,2,1
1,NewOrder,1764751483.702479,198988,6,1
3,OrderStatus,1764751483.760445,122998,12,1
4,Delivery,1764751483.760445,123898,9,1
1,NewOrder,1764751483.760445,144756,10,1
1,NewOrder,1764751483.760472,122995,7,1
2,Payment,1764751483.760478,123081,11,1
2,Payment,1764751483.760497,123315,3,1
2,Payment,1764751483.760545,123542,14,1
2,Payment,1764751483.816014,85191,0,1
2,Payment,1764751483.816105,85064,5,1
2,Payment,1764751483.816182,85071,13,1
2,Payment,1764751483.817461,84166,8,1
1,NewOrder,1764751483.823564,104097,4,1
2,Payment,1764751483.883459,38292,12,1
1,NewOrder,1764751483.883459,24108,2,1
1,NewOrder,1764751483.883472,27821,7,1
2,Payment,1764751483.883562,24210,11,1
1,NewOrder,1764751483.883596,23980,15,1
4,Delivery,1764751483.883817,43917,3,1
3,OrderStatus,1764751483.884093,24760,14,1
2,Payment,1764751483.884093,23468,1,1
2,Payment,1764751483.884349,23062,9,1
1,NewOrder,1764751483.901182,37617,5,1
1,NewOrder,1764751483.901213,41882,0,1
4,Delivery,1764751483.901256,47252,13,1
1,NewOrder,1764751483.901473,46977,6,1
1,NewOrder,1764751483.901632,26138,8,1
2,Payment,1764751483.905209,22764,10,1
2,Payment,1764751483.907419,43631,9,1
3,OrderStatus,1764751483.907568,14007,1,1
1,NewOrder,1764751483.907581,35447,15,1
1,NewOrder,1764751483.907599,31243,2,1
1,NewOrder,1764751483.907775,31023,11,1
1,NewOrder,1764751483.909040,39511,14,1
1,NewOrder,1764751483.911300,27494,7,1
2,Payment,1764751483.921585,21453,1,1
1,NewOrder,1764751483.921758,28602,12,1
2,Payment,1764751483.927671,20882,4,1
2,Payment,1764751483.927741,20700,3,1
2,Payment,1764751483.927777,21326,8,1
1,NewOrder,1764751483.927980,25624,10,1
3,OrderStatus,1764751483.938806,11376,7,1
2,Payment,1764751483.938808,15104,11,1
1,NewOrder,1764751483.938809,232145,5,1
1,NewOrder,1764751483.938844,235765,2,1
1,NewOrder,1764751483.943036,228486,15,1
2,Payment,1764751483.943044,22195,1,1
1,NewOrder,1764751483.943102,231074,0,1
1,NewOrder,1764751483.948452,223237,3,1
1,NewOrder,1764751483.948458,222665,6,1
2,Payment,1764751483.948514,209964,13,1
3,OrderStatus,1764751483.948559,149368,4,1
2,Payment,1764751483.948563,149251,14,1
1,NewOrder,1764751483.949108,221814,8,1
2,Payment,1764751483.950189,208221,7,1
2,Payment,1764751483.950366,233445,12,1
1,NewOrder,1764751483.951056,221516,9,1
1,NewOrder,1764751483.953611,236848,10,1
4,Delivery,1764751483.953918,220856,11,1
2,Payment,1764751483.965257,208897,1,1
2,Payment,1764751484.097831,85782,14,1
1,NewOrder,1764751484.097936,85307,4,1
1,NewOrder,1764751484.158425,108565,7,1
3,OrderStatus,1764751484.158482,24904,13,1
1,NewOrder,1764751484.170937,102078,8,1
2,Payment,1764751484.170963,17213,5,1
3,OrderStatus,1764751484.171125,17455,6,1
1,NewOrder,1764751484.171527,101553,15,1
1,NewOrder,1764751484.171694,101505,3,1
1,NewOrder,1764751484.172577,16503,9,1
1,NewOrder,1764751484.174160,99299,1,1
4,Delivery,1764751484.174181,99056,0,1
2,Payment,1764751484.174615,92289,2,1
1,NewOrder,1764751484.174776,92193,11,1
2,Payment,1764751484.183256,110263,4,1
2,Payment,1764751484.183395,89565,13,1
2,Payment,1764751484.183618,89466,14,1
1,NewOrder,1764751484.183816,89183,12,1
2,Payment,1764751484.188183,84812,5,1
2,Payment,1764751484.188585,84637,6,1
1,NewOrder,1764751484.189085,84277,9,1
4,Delivery,1764751484.190464,82896,10,1
2,Payment,1764751484.266920,17182,2,1
1,NewOrder,1764751484.266978,29129,11,1
2,Payment,1764751484.266996,94427,7,1
2,Payment,1764751484.272967,20538,13,1
2,Payment,1764751484.273001,88418,5,1
1,NewOrder,1764751484.273005,23155,12,1
1,NewOrder,1764751484.273021,80588,8,1
1,NewOrder,1764751484.273083,80504,15,1
1,NewOrder,1764751484.273089,80514,14,1
3,OrderStatus,1764751484.273201,22906,3,1
2,Payment,1764751484.273228,20259,6,1
3,OrderStatus,1764751484.273240,20499,0,1
2,Payment,1764751484.273362,20560,10,1
4,Delivery,1764751484.273365,80221,9,1
1,NewOrder,1764751484.273461,82178,1,1
1,NewOrder,1764751484.284116,77301,2,1
2,Payment,1764751484.293501,98078,6,1
2,Payment,1764751484.293512,68232,13,1
1,NewOrder,1764751484.293524,68236,4,1
1,NewOrder,1764751484.293742,68024,0,1
1,NewOrder,1764751484.293927,90050,10,1
1,NewOrder,1764751484.296113,77217,3,1
1,NewOrder,1764751484.296114,65326,11,1
2,Payment,1764751484.296162,95327,12,1
1,NewOrder,1764751484.353603,37998,9,1
5,StockLevel,1764751484.353603,19700,15,1
4,Delivery,1764751484.353614,42115,8,1
1,NewOrder,1764751484.353620,38014,14,1
1,NewOrder,1764751484.355645,35973,1,1
1,NewOrder,1764751484.361425,34294,2,1
2,Payment,1764751484.361426,30067,5,1
3,OrderStatus,1764751484.361429,30022,7,1
1,NewOrder,1764751484.361447,30313,11,1
2,Payment,1764751484.361750,285545,13,1
2,Payment,1764751484.361765,285053,4,1
5,StockLevel,1764751484.361771,29686,0,1
2,Payment,1764751484.373318,22553,15,1
2,Payment,1764751484.373338,22455,3,1
1,NewOrder,1764751484.383988,263014,10,1
2,Payment,1764751484.391462,255593,7,1
4,Delivery,1764751484.391464,319215,0,1
1,NewOrder,1764751484.391494,255828,12,1
2,Payment,1764751484.391498,336655,5,1
2,Payment,1764751484.391581,336559,6,1
1,NewOrder,1764751484.391601,253515,9,1
2,Payment,1764751484.391619,253303,1,1
1,NewOrder,1764751484.391634,253703,14,1
1,NewOrder,1764751484.391765,262212,11,1
1,NewOrder,1764751484.395729,249145,2,1
1,NewOrder,1764751484.395735,249539,8,1
2,Payment,1764751484.395798,250955,3,1
1,NewOrder,1764751484.395876,251860,15,1
1,NewOrder,1764751484.644891,152292,2,1
1,NewOrder,1764751484.644932,152230,1,1
1,NewOrder,1764751484.645121,87950,9,1
3,OrderStatus,1764751484.645279,65423,8,1
2,Payment,1764751484.645341,82825,14,1
1,NewOrder,1764751484.646760,150585,3,1
5,StockLevel,1764751484.646820,81522,4,1
1,NewOrder,1764751484.647008,150051,10,1
2,Payment,1764751484.647059,168111,7,1
2,Payment,1764751484.647298,82157,13,1
2,Payment,1764751484.647323,167835,12,1
2,Payment,1764751484.647742,168189,15,1
2,Payment,1764751484.653992,79155,11,1
1,NewOrder,1764751484.710698,86597,0,1
1,NewOrder,1764751484.710711,104563,8,1
1,NewOrder,1764751484.728156,96090,6,1
2,Payment,1764751484.728163,87061,5,1
3,OrderStatus,1764751484.728172,73904,14,1
1,NewOrder,1764751484.728347,95895,4,1
1,NewOrder,1764751484.729461,95541,13,1
2,Payment,1764751484.733080,91197,9,1
1,NewOrder,1764751484.733154,92101,11,1
1,NewOrder,1764751484.797081,60874,10,1
3,OrderStatus,1764751484.797165,27626,1,1
2,Payment,1764751484.797194,27116,2,1
2,Payment,1764751484.797300,27288,0,1
1,NewOrder,1764751484.797348,32133,3,1
3,OrderStatus,1764751484.802083,22256,14,1
2,Payment,1764751484.815176,21241,12,1
2,Payment,1764751484.815178,21215,7,1
2,Payment,1764751484.815229,21266,5,1
1,NewOrder,1764751484.815276,26876,8,1
1,NewOrder,1764751484.815937,26084,15,1
2,Payment,1764751484.824263,36402,4,1
4,Delivery,1764751484.824263,29920,6,1
2,Payment,1764751484.824282,17867,9,1
1,NewOrder,1764751484.824315,36471,2,1
2,Payment,1764751484.824341,17870,14,1
2,Payment,1764751484.824593,11851,0,1
2,Payment,1764751484.824797,17410,1,1
2,Payment,1764751484.825007,33040,13,1
1,NewOrder,1764751484.825260,28959,11,1
4,Delivery,1764751484.829490,46606,3,1
2,Payment,1764751484.836406,24263,7,1
1,NewOrder,1764751484.836423,39698,12,1
1,NewOrder,1764751484.836450,46439,0,1
2,Payment,1764751484.836501,46375,5,1
5,StockLevel,1764751484.842036,2990,15,1
1,NewOrder,1764751484.842158,42224,9,1
1,NewOrder,1764751484.842159,41007,8,1
4,Delivery,1764751484.842213,33848,1,1
4,Delivery,1764751484.842217,33848,14,1
5,StockLevel,1764751484.845032,15759,15,1
1,NewOrder,1764751484.854198,41210,6,1
1,NewOrder,1764751484.854227,28559,11,1
1,NewOrder,1764751484.857962,37442,10,1
1,NewOrder,1764751484.858066,34002,13,1
1,NewOrder,1764751484.860674,34772,4,1
2,Payment,1764751484.860675,22399,7,1
2,Payment,1764751484.860794,22209,2,1
1,NewOrder,1764751484.860796,34586,15,1
1,NewOrder,1764751484.876078,143568,1,1
1,NewOrder,1764751484.876079,80265,14,1
2,Payment,1764751484.876111,19296,3,1
4,Delivery,1764751484.876125,80224,12,1
1,NewOrder,1764751484.882803,78976,11,1
5,StockLevel,1764751484.882885,73402,5,1
1,NewOrder,1764751484.882895,78537,0,1
2,Payment,1764751484.883009,73332,2,1
2,Payment,1764751484.883076,73270,7,1
4,Delivery,1764751484.883172,78735,8,1
2,Payment,1764751484.884389,71962,9,1
2,Payment,1764751484.892078,69372,13,1
1,NewOrder,1764751484.895393,66059,15,1
2,Payment,1764751484.895412,194592,10,1
1,NewOrder,1764751484.895414,124340,3,1
2,Payment,1764751484.895416,126991,6,1
3,OrderStatus,1764751484.895448,955,4,1
1,NewOrder,1764751484.896408,65397,4,1
2,Payment,1764751484.956304,66076,5,1
1,NewOrder,1764751484.956349,121719,14,1
2,Payment,1764751484.956350,66081,2,1
2,Payment,1764751484.956352,133368,7,1
2,Payment,1764751484.956355,142922,12,1
2,Payment,1764751484.956357,66033,9,1
2,Payment,1764751484.961448,117294,0,1
2,Payment,1764751484.961458,117439,13,1
4,Delivery,1764751484.961458,116788,15,1
2,Payment,1764751484.961792,116290,11,1
1,NewOrder,1764751484.961810,133081,4,1
2,Payment,1764751484.961913,118365,8,1
2,Payment,1764751485.019663,70162,1,1
1,NewOrder,1764751485.019765,78926,3,1
2,Payment,1764751485.022392,67609,5,1
1,NewOrder,1764751485.022396,72917,9,1
4,Delivery,1764751485.022413,68725,6,1
1,NewOrder,1764751485.022436,67217,2,1
1,NewOrder,1764751485.078084,33400,14,1
4,Delivery,1764751485.078090,33378,11,1
1,NewOrder,1764751485.078251,29275,15,1
1,NewOrder,1764751485.078747,32638,0,1
1,NewOrder,1764751485.078903,32540,13,1
2,Payment,1764751485.080284,18961,8,1
1,NewOrder,1764751485.089669,21708,2,1
1,NewOrder,1764751485.089728,29983,7,1
1,NewOrder,1764751485.089832,33736,1,1
1,NewOrder,1764751485.090010,29633,10,1
2,Payment,1764751485.090022,17502,5,1
1,NewOrder,1764751485.091143,32350,6,1
5,StockLevel,1764751485.094905,16443,4,1
1,NewOrder,1764751485.095322,24327,9,1
2,Payment,1764751485.098698,14021,3,1
1,NewOrder,1764751485.099252,26815,8,1
2,Payment,1764751485.099288,12276,12,1
1,NewOrder,1764751485.107538,26236,15,1
2,Payment,1764751485.107539,16101,5,1
2,Payment,1764751485.111355,26254,4,1
1,NewOrder,1764751485.111383,22379,2,1
1,NewOrder,1764751485.111387,22366,0,1
1,NewOrder,1764751485.111445,26096,13,1
1,NewOrder,1764751485.111474,26201,11,1
2,Payment,1764751485.111490,14612,14,1
5,StockLevel,1764751485.111568,14590,12,1
1,NewOrder,1764751485.112727,21011,3,1
2,Payment,1764751485.119660,14105,9,1
1,NewOrder,1764751485.119662,17807,10,1
2,Payment,1764751485.119714,14100,7,1
3,OrderStatus,1764751485.123502,1647,6,1
1,NewOrder,1764751485.123575,31796,1,1
4,Delivery,1764751485.123647,61292,5,1
1,NewOrder,1764751485.125156,27154,6,1
5,StockLevel,1764751485.126093,11550,8,1
2,Payment,1764751485.126108,11523,14,1
2,Payment,1764751485.126164,18068,12,1
1,NewOrder,1764751485.133754,21615,3,1
2,Payment,1764751485.133763,21720,0,1
2,Payment,1764751485.133769,14846,2,1
1,NewOrder,1764751485.133772,21639,9,1
5,StockLevel,1764751485.133781,14796,15,1
2,Payment,1764751485.133817,13418,7,1
1,NewOrder,1764751485.137479,27484,10,1
1,NewOrder,1764751485.137550,47371,13,1
1,NewOrder,1764751485.137615,28258,4,1
2,Payment,1764751485.137637,11568,14,1
1,NewOrder,1764751485.137649,27844,8,1
1,NewOrder,1764751485.137679,17694,11,1
2,Payment,1764751485.144262,13251,12,1
2,Payment,1764751485.147245,17715,7,1
2,Payment,1764751485.148587,42024,15,1
1,NewOrder,1764751485.148623,41877,2,1
2,Payment,1764751485.149214,15836,14,1
1,NewOrder,1764751485.152316,47525,6,1
2,Payment,1764751485.155380,16262,3,1
2,Payment,1764751485.155381,16249,11,1
2,Payment,1764751485.155382,20520,1,1
1,NewOrder,1764751485.155418,45288,9,1
2,Payment,1764751485.155491,20400,0,1
2,Payment,1764751485.157521,18426,12,1
2,Payment,1764751485.164973,25505,7,1
2,Payment,1764751485.164974,25569,10,1
1,NewOrder,1764751485.165057,34861,14,1
2,Payment,1764751485.165499,24983,8,1
2,Payment,1764751485.165880,34033,4,1
2,Payment,1764751485.171641,28238,11,1
2,Payment,1764751485.171650,28144,3,1
1,NewOrder,1764751485.175905,95348,0,1
1,NewOrder,1764751485.175914,28247,1,1
3,OrderStatus,1764751485.175955,1128,12,1
2,Payment,1764751485.177090,22731,12,1
1,NewOrder,1764751485.184933,95877,13,1
1,NewOrder,1764751485.184947,95686,5,1
5,StockLevel,1764751485.190491,80729,7,1
4,Delivery,1764751485.190492,90176,8,1
1,NewOrder,1764751485.190506,80755,2,1
2,Payment,1764751485.190549,80685,10,1
2,Payment,1764751485.190620,80694,15,1
1,NewOrder,1764751485.199807,81107,3,1
2,Payment,1764751485.199829,71862,12,1
2,Payment,1764751485.199848,71784,6,1
1,NewOrder,1764751485.199882,80840,11,1
2,Payment,1764751485.199916,71416,4,1
1,NewOrder,1764751485.199924,99302,14,1
2,Payment,1764751485.200712,83152,9,1
5,StockLevel,1764751485.204171,79667,1,1
2,Payment,1764751485.271238,18710,7,1
1,NewOrder,1764751485.271243,28002,10,1
2,Payment,1764751485.271258,17191,0,1
2,Payment,1764751485.271266,12594,2,1
3,OrderStatus,1764751485.271322,2186,15,1
1,NewOrder,1764751485.271336,34907,4,1
1,NewOrder,1764751485.271637,33956,6,1
2,Payment,1764751485.271696,12146,12,1
2,Payment,1764751485.273581,14878,15,1
1,NewOrder,1764751485.280649,28433,5,1
2,Payment,1764751485.280677,21515,8,1
2,Payment,1764751485.280730,21483,11,1
1,NewOrder,1764751485.280814,89363,13,1
1,NewOrder,1764751485.280920,24740,3,1
5,StockLevel,1764751485.283847,5022,1,1
1,NewOrder,1764751485.283848,21973,12,1
1,NewOrder,1764751485.283866,22573,2,1
1,NewOrder,1764751485.283869,88494,9,1
2,Payment,1764751485.288462,17285,0,1
1,NewOrder,1764751485.288466,85792,15,1
2,Payment,1764751485.288876,17159,1,1
1,NewOrder,1764751485.289953,19198,7,1
1,NewOrder,1764751485.299246,87278,14,1
2,Payment,1764751485.299393,70799,10,1
1,NewOrder,1764751485.302199,84320,8,1
2,Payment,1764751485.302227,70212,11,1
2,Payment,1764751485.305605,80992,6,1
2,Payment,1764751485.305668,77880,3,1
2,Payment,1764751485.305751,77791,0,1
2,Payment,1764751485.305826,77730,12,1
1,NewOrder,1764751485.306045,85766,1,1
1,NewOrder,1764751485.306248,80498,4,1
1,NewOrder,1764751485.306443,80231,2,1
1,NewOrder,1764751485.309096,77639,5,1
1,NewOrder,1764751485.309160,77723,7,1
2,Payment,1764751485.370192,85961,13,1
1,NewOrder,1764751485.370200,85787,10,1
1,NewOrder,1764751485.372370,97162,9,1
1,NewOrder,1764751485.372441,97178,11,1
1,NewOrder,1764751485.374267,81708,15,1
1,NewOrder,1764751485.383555,86557,0,1
1,NewOrder,1764751485.383555,85961,3,1
2,Payment,1764751485.383563,90459,12,1
3,OrderStatus,1764751485.386527,1239,8,1
2,Payment,1764751485.386530,83002,14,1
1,NewOrder,1764751485.386602,136027,6,1
2,Payment,1764751485.386680,69368,2,1
1,NewOrder,1764751485.386739,83080,5,1
1,NewOrder,1764751485.386753,82815,4,1
1,NewOrder,1764751485.386887,82919,7,1
2,Payment,1764751485.387771,68243,8,1
1,NewOrder,1764751485.391821,116366,1,1
1,NewOrder,1764751485.456292,52856,15,1
2,Payment,1764751485.456309,51884,13,1
2,Payment,1764751485.456450,24041,2,1
2,Payment,1764751485.456451,17679,8,1
2,Payment,1764751485.456828,23800,10,1
3,OrderStatus,1764751485.469531,2108,3,1
1,NewOrder,1764751485.469540,40139,9,1
2,Payment,1764751485.469541,38526,14,1
2,Payment,1764751485.469570,38541,4,1
1,NewOrder,1764751485.469624,39754,11,1
2,Payment,1764751485.469810,38318,7,1
1,NewOrder,1764751485.469823,39727,5,1
1,NewOrder,1764751485.470118,39170,0,1
2,Payment,1764751485.471645,36422,3,1
1,NewOrder,1764751485.474030,35582,12,1
1,NewOrder,1764751485.474137,35302,8,1
1,NewOrder,1764751485.480504,29097,2,1
1,NewOrder,1764751485.480636,28931,10,1
2,Payment,1764751485.508086,22846,3,1
2,Payment,1764751485.508086,19849,14,1
2,Payment,1764751485.508119,19711,4,1
1,NewOrder,1764751485.508133,22850,7,1
1,NewOrder,1764751485.508189,23079,1,1
2,Payment,1764751485.508197,19530,13,1
1,NewOrder,1764751485.509154,25249,15,1
1,NewOrder,1764751485.509294,25017,0,1
1,NewOrder,1764751485.509385,28445,11,1
3,OrderStatus,1764751485.509443,13016,8,1
1,NewOrder,1764751485.509552,33333,5,1
4,Delivery,1764751485.509573,57995,10,1
1,NewOrder,1764751485.509603,28088,2,1
2,Payment,1764751485.509615,28345,12,1
1,NewOrder,1764751485.509685,21218,9,1
4,Delivery,1764751485.522475,49860,8,1
1,NewOrder,1764751485.522642,15140,6,1
1,NewOrder,1764751485.527736,34651,13,1
2,Payment,1764751485.527837,14983,4,1
1,NewOrder,1764751485.527941,24533,14,1
1,NewOrder,1764751485.530915,21632,9,1
2,Payment,1764751485.530940,13729,3,1
4,Delivery,1764751485.530987,46325,7,1
2,Payment,1764751485.531274,14048,1,1
4,Delivery,1764751485.534320,57003,0,1
2,Payment,1764751485.534409,10192,15,1
2,Payment,1764751485.537703,29918,2,1
1,NewOrder,1764751485.537790,34034,6,1
2,Payment,1764751485.537836,14600,11,1
1,NewOrder,1764751485.537977,33866,12,1
2,Payment,1764751485.542833,19546,4,1
5,StockLevel,1764751485.542893,20747,5,1
1,NewOrder,1764751485.544608,32585,15,1
2,Payment,1764751485.544675,23041,3,1
1,NewOrder,1764751485.545328,46129,1,1
4,Delivery,1764751485.552451,43417,11,1
2,Payment,1764751485.552484,21632,14,1
2,Payment,1764751485.552553,20969,9,1
1,NewOrder,1764751485.562393,29635,4,1
2,Payment,1764751485.562397,15130,13,1
1,NewOrder,1764751485.563648,27793,5,1
1,NewOrder,1764751485.567578,43908,10,1
1,NewOrder,1764751485.567631,23789,2,1
1,NewOrder,1764751485.567722,28036,3,1
1,NewOrder,1764751485.571834,39802,6,1
5,StockLevel,1764751485.571851,19525,12,1
3,OrderStatus,1764751485.572341,18859,8,1
2,Payment,1764751485.573529,19306,9,1
2,Payment,1764751485.574123,21808,14,1
1,NewOrder,1764751485.577203,24566,15,1
1,NewOrder,1764751485.577315,32685,7,1
1,NewOrder,1764751485.577536,24312,13,1
1,NewOrder,1764751485.591217,103188,8,1
3,OrderStatus,1764751485.591333,5610,0,1
1,NewOrder,1764751485.591382,27470,12,1
2,Payment,1764751485.591422,20209,2,1
1,NewOrder,1764751485.591445,83466,5,1
1,NewOrder,1764751485.591465,27359,1,1
1,NewOrder,1764751485.592035,82902,4,1
5,StockLevel,1764751485.592841,25981,9,1
2,Payment,1764751485.595767,15968,3,1
1,NewOrder,1764751485.595877,98935,11,1
2,Payment,1764751485.595938,19317,14,1
2,Payment,1764751485.596950,21812,0,1
2,Payment,1764751485.601778,93453,15,1
1,NewOrder,1764751485.601855,73147,13,1
2,Payment,1764751485.610010,73048,7,1
1,NewOrder,1764751485.611495,89935,10,1
4,Delivery,1764751485.611635,92350,2,1
2,Payment,1764751485.611643,92115,6,1
1,NewOrder,1764751485.611742,89506,3,1
2,Payment,1764751485.615271,99235,14,1
4,Delivery,1764751485.618773,114673,0,1
2,Payment,1764751485.618831,80566,1,1
1,NewOrder,1764751485.618833,117813,9,1
2,Payment,1764751485.618860,80723,12,1
2,Payment,1764751485.674928,24800,5,1
2,Payment,1764751485.674949,53376,4,1
1,NewOrder,1764751485.675005,58374,13,1
1,NewOrder,1764751485.683067,44329,7,1
1,NewOrder,1764751485.694418,33138,8,1
1,NewOrder,1764751485.694820,38011,11,1
1,NewOrder,1764751485.695238,32154,15,1
2,Payment,1764751485.699405,28343,1,1
1,NewOrder,1764751485.699589,33283,12,1
1,NewOrder,1764751485.699731,13302,5,1
1,NewOrder,1764751485.701253,32051,3,1
3,OrderStatus,1764751485.701437,4592,10,1
1,NewOrder,1764751485.703765,23741,6,1
1,NewOrder,1764751485.703991,41096,2,1
1,NewOrder,1764751485.706034,27408,10,1
2,Payment,1764751485.713041,32044,5,1
2,Payment,1764751485.714515,18797,14,1
1,NewOrder,1764751485.727405,34566,15,1
2,Payment,1764751485.727406,17744,7,1
2,Payment,1764751485.727512,31143,6,1
3,OrderStatus,1764751485.727562,13765,8,1
2,Payment,1764751485.727754,17346,1,1
1,NewOrder,1764751485.728331,24803,4,1
2,Payment,1764751485.732839,12358,11,1
1,NewOrder,1764751485.732878,20267,12,1
2,Payment,1764751485.733309,11777,3,1
4,Delivery,1764751485.733318,25431,14,1
2,Payment,1764751485.733384,11712,13,1
5,StockLevel,1764751485.733446,15803,10,1
2,Payment,1764751485.733451,11676,0,1
1,NewOrder,1764751485.736652,35246,9,1
2,Payment,1764751485.741340,17317,8,1
2,Payment,1764751485.745095,13632,2,1
1,NewOrder,1764751485.745095,26814,3,1
4,Delivery,1764751485.745095,60728,5,1
2,Payment,1764751485.745102,13620,13,1
2,Payment,1764751485.745107,28022,1,1
1,NewOrder,1764751485.745130,27913,0,1
1,NewOrder,1764751485.745151,28163,7,1
1,NewOrder,1764751485.745200,27946,11,1
1,NewOrder,1764751485.749258,23969,10,1
5,StockLevel,1764751485.753142,20043,4,1
3,OrderStatus,1764751485.753152,1068,12,1
1,NewOrder,1764751485.754226,30395,12,1
1,NewOrder,1764751485.758661,20769,6,1
1,NewOrder,1764751485.758665,25325,8,1
1,NewOrder,1764751485.758725,20690,13,1
1,NewOrder,1764751485.758732,25113,2,1
2,Payment,1764751485.758755,14326,14,1
4,Delivery,1764751485.761979,55942,15,1
2,Payment,1764751485.771912,30499,9,1
1,NewOrder,1764751485.771918,45633,3,1
1,NewOrder,1764751485.773050,44767,0,1
2,Payment,1764751485.773087,32621,14,1
1,NewOrder,1764751485.773137,44662,1,1
1,NewOrder,1764751485.773152,44389,11,1
1,NewOrder,1764751485.773189,44529,4,1
2,Payment,1764751485.773228,50744,10,1
4,Delivery,1764751485.773318,44523,7,1
2,Payment,1764751485.779429,38112,13,1
2,Payment,1764751485.779439,38136,6,1
1,NewOrder,1764751485.783855,40043,2,1
1,NewOrder,1764751485.783996,36761,8,1
2,Payment,1764751485.784628,51344,12,1
1,NewOrder,1764751485.802427,36650,9,1
4,Delivery,1764751485.805723,42141,14,1
1,NewOrder,1764751485.805831,22579,5,1
1,NewOrder,1764751485.817557,30234,11,1
2,Payment,1764751485.817559,13333,3,1
1,NewOrder,1764751485.817581,30183,6,1
2,Payment,1764751485.817725,18233,4,1
3,OrderStatus,1764751485.817804,10467,1,1
1,NewOrder,1764751485.817820,27096,0,1
5,StockLevel,1764751485.817839,18062,13,1
5,StockLevel,1764751485.817844,18069,7,1
3,OrderStatus,1764751485.817924,10316,15,1
1,NewOrder,1764751485.820768,26899,8,1
2,Payment,1764751485.823910,15201,2,1
2,Payment,1764751485.823975,15089,10,1
2,Payment,1764751485.828249,19413,15,1
1,NewOrder,1764751485.828279,37919,1,1
2,Payment,1764751485.828417,32284,5,1
1,NewOrder,1764751485.830898,16886,3,1
2,Payment,1764751485.835914,11824,13,1
1,NewOrder,1764751485.835921,23789,7,1
1,NewOrder,1764751485.835981,34763,12,1
2,Payment,1764751485.835981,11753,4,1
2,Payment,1764751485.839072,12187,10,1
1,NewOrder,1764751485.839084,31664,9,1
3,OrderStatus,1764751485.839119,8671,2,1
1,NewOrder,1764751485.844926,26470,0,1
3,OrderStatus,1764751485.847674,11993,15,1
1,NewOrder,1764751485.847674,94528,8,1
2,Payment,1764751485.847737,36163,4,1
1,NewOrder,1764751485.847745,33105,13,1
1,NewOrder,1764751485.847770,33081,6,1
1,NewOrder,1764751485.847791,94462,3,1
2,Payment,1764751485.847792,12920,2,1
2,Payment,1764751485.847794,13005,11,1
1,NewOrder,1764751485.847867,94279,14,1
2,Payment,1764751485.851267,19516,10,1
1,NewOrder,1764751485.859677,82563,15,1
1,NewOrder,1764751485.859713,98308,7,1
1,NewOrder,1764751485.860709,81477,5,1
1,NewOrder,1764751485.860720,81536,2,1
2,Payment,1764751485.860802,23095,11,1
1,NewOrder,1764751485.866206,91802,1,1
1,NewOrder,1764751485.870757,87277,9,1
2,Payment,1764751485.870758,71478,12,1
2,Payment,1764751485.870789,71420,10,1
2,Payment,1764751485.871403,71409,0,1
1,NewOrder,1764751485.880868,91215,13,1
1,NewOrder,1764751485.880875,77183,6,1
2,Payment,1764751485.883905,74177,11,1
1,NewOrder,1764751485.883906,77313,4,1
1,NewOrder,1764751485.942162,19282,14,1
2,Payment,1764751485.942188,19102,5,1
5,StockLevel,1764751485.942210,22304,10,1
1,NewOrder,1764751485.942213,29873,8,1
1,NewOrder,1764751485.942238,25859,12,1
1,NewOrder,1764751485.942245,22162,15,1
2,Payment,1764751485.942255,19141,3,1
2,Payment,1764751485.942261,21978,2,1
2,Payment,1764751485.942818,18450,0,1
1,NewOrder,1764751485.958019,42059,1,1
2,Payment,1764751485.958029,15964,7,1
2,Payment,1764751485.958040,14232,9,1
1,NewOrder,1764751485.958064,21469,6,1
1,NewOrder,1764751485.958088,38477,11,1
5,StockLevel,1764751485.961230,11979,4,1
1,NewOrder,1764751485.961274,38755,0,1
2,Payment,1764751485.961295,13603,5,1
2,Payment,1764751485.961403,11654,3,1
1,NewOrder,1764751485.961446,38658,14,1
1,NewOrder,1764751485.964246,35883,2,1
1,NewOrder,1764751485.964411,35715,15,1
4,Delivery,1764751485.964519,44009,10,1
1,NewOrder,1764751485.968106,40440,12,1
1,NewOrder,1764751485.972093,36530,13,1
2,Payment,1764751485.972095,27976,8,1
2,Payment,1764751485.972277,27761,9,1
2,Payment,1764751485.973063,27005,3,1
1,NewOrder,1764751485.973214,36174,4,1
1,NewOrder,1764751485.973998,34690,7,1
1,NewOrder,1764751485.974905,28171,5,1
1,NewOrder,1764751485.979549,29006,6,1
2,Payment,1764751485.996581,15758,11,1
1,NewOrder,1764751486.000041,32650,0,1
2,Payment,1764751486.000047,15530,9,1
2,Payment,1764751486.000074,15602,3,1
1,NewOrder,1764751486.000077,22074,8,1
2,Payment,1764751486.000084,15620,1,1
4,Delivery,1764751486.000105,23354,14,1
2,Payment,1764751486.000133,15247,15,1
2,Payment,1764751486.000137,30738,2,1
2,Payment,1764751486.003082,15204,5,1
2,Payment,1764751486.008536,33234,10,1
2,Payment,1764751486.008553,13558,12,1
2,Payment,1764751486.008561,13516,6,1
2,Payment,1764751486.008626,25449,13,1
1,NewOrder,1764751486.008691,22316,7,1
5,StockLevel,1764751486.009395,12758,4,1
4,Delivery,1764751486.012346,29412,11,1
5,StockLevel,1764751486.015386,16005,15,1
2,Payment,1764751486.015584,15425,9,1
1,NewOrder,1764751486.015683,26121,3,1
1,NewOrder,1764751486.015710,18386,1,1
2,Payment,1764751486.018295,14503,5,1
2,Payment,1764751486.022085,11920,6,1
3,OrderStatus,1764751486.022113,1307,12,1
1,NewOrder,1764751486.022153,25791,8,1
1,NewOrder,1764751486.022161,25745,4,1
1,NewOrder,1764751486.023425,18601,12,1
1,NewOrder,1764751486.023466,26945,14,1
2,Payment,1764751486.030888,11257,2,1
1,NewOrder,1764751486.031015,30457,7,1
2,Payment,1764751486.031015,23188,9,1
2,Payment,1764751486.031397,13733,15,1
1,NewOrder,1764751486.032698,35093,0,1
2,Payment,1764751486.032805,11966,5,1
1,NewOrder,1764751486.034011,30474,6,1
1,NewOrder,1764751486.034081,27453,13,1
2,Payment,1764751486.034103,19626,1,1
2,Payment,1764751486.041771,11970,11,1
1,NewOrder,1764751486.041779,18394,10,1
5,StockLevel,1764751486.041810,11865,3,1
1,NewOrder,1764751486.042033,28934,12,1
1,NewOrder,1764751486.042155,22409,2,1
2,Payment,1764751486.044777,14360,5,1
1,NewOrder,1764751486.045134,16371,15,1
1,NewOrder,1764751486.047912,23172,4,1
5,StockLevel,1764751486.047946,11939,8,1
1,NewOrder,1764751486.050418,20635,14,1
2,Payment,1764751486.053683,14118,3,1
1,NewOrder,1764751486.053736,27972,1,1
2,Payment,1764751486.053749,10811,11,1
2,Payment,1764751486.054210,10238,9,1
2,Payment,1764751486.059144,11848,5,1
1,NewOrder,1764751486.059892,21785,8,1
2,Payment,1764751486.060180,18553,10,1
1,NewOrder,1764751486.061483,34643,7,1
1,NewOrder,1764751486.061514,20257,15,1
2,Payment,1764751486.061542,11788,13,1
1,NewOrder,1764751486.064457,28549,9,1
1,NewOrder,1764751486.064493,25470,6,1
2,Payment,1764751486.064562,13030,11,1
1,NewOrder,1764751486.064567,13762,2,1
1,NewOrder,1764751486.067799,22203,0,1
1,NewOrder,1764751486.067807,25196,3,1
4,Delivery,1764751486.070974,29107,12,1
1,NewOrder,1764751486.070999,25301,5,1
2,Payment,1764751486.071060,13978,14,1
2,Payment,1764751486.071086,13987,4,1
1,NewOrder,1764751486.073338,22764,13,1
2,Payment,1764751486.077601,15391,11,1
2,Payment,1764751486.078355,18037,2,1
2,Payment,1764751486.078740,14290,10,1
1,NewOrder,1764751486.081684,33019,8,1
2,Payment,1764751486.081717,29864,1,1
2,Payment,1764751486.081778,17899,15,1
2,Payment,1764751486.085045,26572,14,1
1,NewOrder,1764751486.085080,20990,4,1
1,NewOrder,1764751486.089970,24540,6,1
4,Delivery,1764751486.090023,38338,0,1
2,Payment,1764751486.093001,13121,11,1
1,NewOrder,1764751486.093010,21491,3,1
2,Payment,1764751486.093014,13393,9,1
2,Payment,1764751486.093032,24752,10,1
1,NewOrder,1764751486.096111,24996,13,1
2,Payment,1764751486.096134,15317,7,1
1,NewOrder,1764751486.096306,32077,5,1
4,Delivery,1764751486.096398,39213,2,1
2,Payment,1764751486.099689,23567,15,1
1,NewOrder,1764751486.100088,35945,12,1
2,Payment,1764751486.106080,15032,4,1
1,NewOrder,1764751486.106130,22225,11,1
2,Payment,1764751486.106415,25778,9,1
1,NewOrder,1764751486.111472,27951,7,1
1,NewOrder,1764751486.111587,21240,1,1
3,OrderStatus,1764751486.111622,11472,14,1
2,Payment,1764751486.114508,17683,3,1
2,Payment,1764751486.114517,13840,6,1
2,Payment,1764751486.114710,17475,8,1
1,NewOrder,1764751486.117792,28526,10,1
4,Delivery,1764751486.121115,37277,13,1
2,Payment,1764751486.121120,11544,4,1
2,Payment,1764751486.123101,12576,14,1
4,Delivery,1764751486.123263,32205,15,1
2,Payment,1764751486.128367,10962,11,1
5,StockLevel,1764751486.128368,21409,6,1
2,Payment,1764751486.128369,11043,0,1
2,Payment,1764751486.128390,17826,5,1
1,NewOrder,1764751486.132192,25686,8,1
1,NewOrder,1764751486.132198,29138,3,1
2,Payment,1764751486.132200,14119,9,1
1,NewOrder,1764751486.132671,20683,4,1
2,Payment,1764751486.132834,14167,1,1
2,Payment,1764751486.135619,22638,2,1
1,NewOrder,1764751486.135679,22247,14,1
2,Payment,1764751486.136040,12245,12,1
2,Payment,1764751486.139401,13891,11,1
2,Payment,1764751486.139418,13900,0,1
2,Payment,1764751486.139429,13946,7,1
1,NewOrder,1764751486.146226,18270,5,1
2,Payment,1764751486.146321,11694,9,1
2,Payment,1764751486.146325,23673,10,1
1,NewOrder,1764751486.147007,19451,1,1
2,Payment,1764751486.148291,12822,12,1
3,OrderStatus,1764751486.149786,8116,6,1
2,Payment,1764751486.153300,11065,11,1
2,Payment,1764751486.153325,11415,0,1
1,NewOrder,1764751486.153361,22881,4,1
2,Payment,1764751486.153383,11053,7,1
2,Payment,1764751486.155474,10968,15,1
4,Delivery,1764751486.157911,21535,6,1
2,Payment,1764751486.157933,21372,14,1
1,NewOrder,1764751486.158007,34746,8,1
1,NewOrder,1764751486.158021,18218,9,1
1,NewOrder,1764751486.158263,34349,2,1
2,Payment,1764751486.158398,17840,13,1
5,StockLevel,1764751486.161120,11626,12,1
1,NewOrder,1764751486.161362,24896,3,1
2,Payment,1764751486.164372,11986,11,1
2,Payment,1764751486.164443,14842,7,1
1,NewOrder,1764751486.164499,31111,5,1
1,NewOrder,1764751486.164747,28033,0,1
1,NewOrder,1764751486.166448,22247,15,1
2,Payment,1764751486.166464,13104,1,1
2,Payment,1764751486.170007,9605,10,1
2,Payment,1764751486.172754,19896,12,1
1,NewOrder,1764751486.176246,19282,13,1
2,Payment,1764751486.176248,33428,9,1
5,StockLevel,1764751486.176248,16336,4,1
2,Payment,1764751486.176361,16274,11,1
2,Payment,1764751486.179293,16472,7,1
2,Payment,1764751486.179313,16168,14,1
1,NewOrder,1764751486.179449,24967,6,1
1,NewOrder,1764751486.179575,21951,1,1
2,Payment,1764751486.179618,16736,10,1
5,StockLevel,1764751486.186276,10099,3,1
2,Payment,1764751486.188704,21411,15,1
2,Payment,1764751486.192599,18140,4,1
1,NewOrder,1764751486.192623,34778,2,1
1,NewOrder,1764751486.192638,38103,11,1
2,Payment,1764751486.192657,12041,12,1
1,NewOrder,1764751486.192783,34301,8,1
2,Payment,1764751486.192787,17159,0,1
1,NewOrder,1764751486.195491,37193,14,1
2,Payment,1764751486.195536,32077,13,1
4,Delivery,1764751486.195617,37052,5,1
1,NewOrder,1764751486.195771,31322,7,1
2,Payment,1764751486.196361,27419,10,1
2,Payment,1764751486.196380,13867,3,1
1,NewOrder,1764751486.201536,55773,1,1
1,NewOrder,1764751486.204425,22780,6,1
5,StockLevel,1764751486.204705,23683,12,1
2,Payment,1764751486.209687,30404,9,1
1,NewOrder,1764751486.209952,51987,0,1
1,NewOrder,1764751486.210123,42235,15,1
1,NewOrder,1764751486.210254,32152,3,1
1,NewOrder,1764751486.210746,41457,4,1
1,NewOrder,1764751486.223796,33588,10,1
1,NewOrder,1764751486.227099,27239,8,1
2,Payment,1764751486.227104,18179,7,1
1,NewOrder,1764751486.227214,27083,6,1
2,Payment,1764751486.227407,14878,2,1
1,NewOrder,1764751486.227619,24503,13,1
5,StockLevel,1764751486.228394,16010,12,1
1,NewOrder,1764751486.230749,26623,11,1
2,Payment,1764751486.232677,15765,5,1
2,Payment,1764751486.232690,15835,14,1
1,NewOrder,1764751486.240103,30812,9,1
4,Delivery,1764751486.242295,36646,2,1
1,NewOrder,1764751486.242415,28801,3,1
2,Payment,1764751486.244412,17519,12,1
2,Payment,1764751486.245290,16914,7,1
1,NewOrder,1764751486.248450,37015,5,1
2,Payment,1764751486.248534,22555,14,1
2,Payment,1764751486.252136,26720,13,1
2,Payment,1764751486.252212,18761,4,1
4,Delivery,1764751486.252364,39760,15,1
1,NewOrder,1764751486.254307,59296,6,1
1,NewOrder,1764751486.254346,45695,8,1
1,NewOrder,1764751486.257320,42655,1,1
1,NewOrder,1764751486.257379,33761,11,1
2,Payment,1764751486.257391,20686,10,1
1,NewOrder,1764751486.261941,29167,12,1
3,OrderStatus,1764751486.261948,17965,0,1
1,NewOrder,1764751486.262210,26706,7,1
1,NewOrder,1764751486.270930,44359,9,1
2,Payment,1764751486.270984,14482,4,1
1,NewOrder,1764751486.271098,28842,14,1
1,NewOrder,1764751486.271221,31135,3,1
1,NewOrder,1764751486.278089,37285,10,1
1,NewOrder,1764751486.278863,34248,13,1
1,NewOrder,1764751486.278949,43692,2,1
2,Payment,1764751486.279919,20045,0,1
1,NewOrder,1764751486.285483,37440,5,1
1,NewOrder,1764751486.285484,38606,4,1
3,OrderStatus,1764751486.288928,2232,7,1
1,NewOrder,1764751486.291117,31543,12,1
1,NewOrder,1764751486.291148,28671,11,1
2,Payment,1764751486.291166,11302,7,1
2,Payment,1764751486.292131,20986,15,1
2,Payment,1764751486.299952,30114,14,1
1,NewOrder,1764751486.299973,22719,0,1
2,Payment,1764751486.299981,15833,1,1
1,NewOrder,1764751486.300047,22742,8,1
3,OrderStatus,1764751486.302364,11122,3,1
1,NewOrder,1764751486.302470,17231,7,1
2,Payment,1764751486.313128,33006,15,1
2,Payment,1764751486.313128,11209,13,1
1,NewOrder,1764751486.313493,20336,3,1
1,NewOrder,1764751486.313610,25843,6,1
1,NewOrder,1764751486.315297,21079,9,1
1,NewOrder,1764751486.315380,30952,10,1
2,Payment,1764751486.315821,14178,1,1
2,Payment,1764751486.319713,14045,7,1
1,NewOrder,1764751486.319849,35543,11,1
2,Payment,1764751486.322651,39016,2,1
2,Payment,1764751486.322668,15698,12,1
2,Payment,1764751486.322694,16936,0,1
2,Payment,1764751486.322797,13362,8,1
2,Payment,1764751486.322928,13242,5,1
1,NewOrder,1764751486.324098,24064,4,1
1,NewOrder,1764751486.324344,22266,13,1
2,Payment,1764751486.330013,15946,1,1
2,Payment,1764751486.330077,31803,14,1
1,NewOrder,1764751486.333775,33597,7,1
2,Payment,1764751486.333838,14236,3,1
2,Payment,1764751486.336170,11938,8,1
1,NewOrder,1764751486.336177,28990,5,1
3,OrderStatus,1764751486.336386,1508,9,1
2,Payment,1764751486.337902,14591,9,1
2,Payment,1764751486.338373,15265,12,1
1,NewOrder,1764751486.339460,22294,6,1
2,Payment,1764751486.339638,19792,0,1
4,Delivery,1764751486.345976,35835,1,1
1,NewOrder,1764751486.346144,18555,15,1
2,Payment,1764751486.346337,18384,10,1
2,Payment,1764751486.346617,38081,13,1
2,Payment,1764751486.348082,13574,3,1
2,Payment,1764751486.348109,13595,8,1
1,NewOrder,1764751486.348169,33725,4,1
2,Payment,1764751486.352510,32205,9,1
2,Payment,1764751486.353647,11102,12,1
2,Payment,1764751486.355401,11852,11,1
2,Payment,1764751486.359442,22373,0,1
2,Payment,1764751486.361665,20147,3,1
1,NewOrder,1764751486.361679,26840,2,1
1,NewOrder,1764751486.361710,27241,8,1
1,NewOrder,1764751486.361757,26680,6,1
2,Payment,1764751486.361887,22842,14,1
1,NewOrder,1764751486.364709,28383,15,1
5,StockLevel,1764751486.364728,19922,10,1
1,NewOrder,1764751486.364755,24274,12,1
2,Payment,1764751486.365174,23215,5,1
1,NewOrder,1764751486.367263,25763,11,1
4,Delivery,1764751486.367379,40414,7,1
2,Payment,1764751486.381830,11581,0,1
2,Payment,1764751486.381830,11274,3,1
2,Payment,1764751486.381830,11191,1,1
2,Payment,1764751486.381898,34630,4,1
1,NewOrder,1764751486.384662,21074,10,1
1,NewOrder,1764751486.384707,27274,13,1
1,NewOrder,1764751486.384722,21186,9,1
1,NewOrder,1764751486.384735,23015,14,1
2,Payment,1764751486.388401,14367,5,1
2,Payment,1764751486.388445,14225,6,1
1,NewOrder,1764751486.388525,23481,2,1
2,Payment,1764751486.388958,13749,8,1
2,Payment,1764751486.389036,13596,12,1
2,Payment,1764751486.393034,14796,1,1
2,Payment,1764751486.393036,13486,11,1
2,Payment,1764751486.393098,12906,15,1
1,NewOrder,1764751486.393110,23473,3,1
2,Payment,1764751486.393415,14665,0,1
4,Delivery,1764751486.402649,26882,12,1
1,NewOrder,1764751486.402680,26084,6,1
1,NewOrder,1764751486.402771,22094,5,1
2,Payment,1764751486.402781,13911,8,1
2,Payment,1764751486.405748,30229,10,1
2,Payment,1764751486.405930,15704,9,1
1,NewOrder,1764751486.406006,24909,15,1
2,Payment,1764751486.406529,15164,11,1
2,Payment,1764751486.407759,13850,14,1
1,NewOrder,1764751486.407800,31068,7,1
3,OrderStatus,1764751486.407837,9374,1,1
1,NewOrder,1764751486.408085,27882,0,1
1,NewOrder,1764751486.411996,26856,13,1
2,Payment,1764751486.412016,17039,2,1
4,Delivery,1764751486.416542,33470,4,1
2,Payment,1764751486.416587,17415,3,1
5,StockLevel,1764751486.416701,14153,8,1
2,Payment,1764751486.417220,25719,1,1
5,StockLevel,1764751486.421622,12409,14,1
2,Payment,1764751486.421643,28123,9,1
2,Payment,1764751486.421701,14247,11,1
2,Payment,1764751486.424879,11100,5,1
2,Payment,1764751486.428780,13847,6,1
5,StockLevel,1764751486.429068,13415,2,1
2,Payment,1764751486.429538,13262,12,1
2,Payment,1764751486.430867,18894,8,1
2,Payment,1764751486.430922,11733,15,1
2,Payment,1764751486.434017,15704,3,1
2,Payment,1764751486.434041,27454,14,1
1,NewOrder,1764751486.435956,25594,11,1
2,Payment,1764751486.435975,13707,0,1
1,NewOrder,1764751486.435984,27599,10,1
1,NewOrder,1764751486.435986,20718,5,1
1,NewOrder,1764751486.438863,22677,13,1
1,NewOrder,1764751486.438876,25067,7,1
1,NewOrder,1764751486.442493,48492,2,1
1,NewOrder,1764751486.442635,32517,6,1
1,NewOrder,1764751486.442663,29561,15,1
5,StockLevel,1764751486.442807,14290,12,1
1,NewOrder,1764751486.442945,26681,1,1
2,Payment,1764751486.449699,19765,0,1
2,Payment,1764751486.449730,14341,3,1
1,NewOrder,1764751486.449768,25252,8,1
2,Payment,1764751486.449772,20527,9,1
1,NewOrder,1764751486.450018,24926,4,1
2,Payment,1764751486.456720,16298,5,1
1,NewOrder,1764751486.457107,21222,12,1
1,NewOrder,1764751486.461509,16877,14,1
1,NewOrder,1764751486.461552,34086,13,1
2,Payment,1764751486.461557,19372,11,1
1,NewOrder,1764751486.463592,43207,10,1
2,Payment,1764751486.463950,14486,7,1
5,StockLevel,1764751486.464078,14411,3,1
3,OrderStatus,1764751486.469482,1689,0,1
1,NewOrder,1764751486.469640,21405,1,1
1,NewOrder,1764751486.470305,25373,9,1
2,Payment,1764751486.471180,14830,0,1
2,Payment,1764751486.472231,16596,15,1
1,NewOrder,1764751486.473025,31681,5,1
3,OrderStatus,1764751486.474952,11065,4,1
1,NewOrder,1764751486.475028,29678,8,1
2,Payment,1764751486.475167,15827,6,1
1,NewOrder,1764751486.478340,27150,12,1
2,Payment,1764751486.478394,29296,14,1
1,NewOrder,1764751486.478439,37490,7,1
1,NewOrder,1764751486.478496,26294,3,1
2,Payment,1764751486.480938,10091,11,1
5,StockLevel,1764751486.486022,15091,0,1
2,Payment,1764751486.486024,11993,4,1
2,Payment,1764751486.488835,36731,15,1
1,NewOrder,1764751486.490993,24487,2,1
2,Payment,1764751486.491001,13540,6,1
2,Payment,1764751486.491036,13715,11,1
1,NewOrder,1764751486.491054,23698,1,1
1,NewOrder,1764751486.495650,22374,13,1
1,NewOrder,1764751486.495710,27585,9,1
1,NewOrder,1764751486.498027,30387,4,1
2,Payment,1764751486.501124,17571,0,1
2,Payment,1764751486.504552,10985,6,1
2,Payment,1764751486.504714,13924,5,1
2,Payment,1764751486.506769,10901,8,1
2,Payment,1764751486.506806,16614,10,1
2,Payment,1764751486.506831,14144,12,1
1,NewOrder,1764751486.506856,57226,3,1
4,Delivery,1764751486.506903,45951,11,1
2,Payment,1764751486.507697,33359,14,1
2,Payment,1764751486.514764,15021,1,1
1,NewOrder,1764751486.515487,25553,2,1
1,NewOrder,1764751486.515540,37220,6,1
1,NewOrder,1764751486.515937,29969,7,1
2,Payment,1764751486.517677,10561,8,1
3,OrderStatus,1764751486.518032,1746,13,1
1,NewOrder,1764751486.518645,30598,5,1
1,NewOrder,1764751486.518701,38748,0,1
1,NewOrder,1764751486.519787,40154,13,1
1,NewOrder,1764751486.520981,25099,12,1
1,NewOrder,1764751486.523304,22543,9,1
3,OrderStatus,1764751486.523427,2620,10,1
5,StockLevel,1764751486.525576,12803,15,1
1,NewOrder,1764751486.526055,26691,10,1
2,Payment,1764751486.528246,17678,8,1
1,NewOrder,1764751486.528420,49526,4,1
1,NewOrder,1764751486.529803,32918,1,1
2,Payment,1764751486.538398,14354,15,1
2,Payment,1764751486.541051,11878,2,1
1,NewOrder,1764751486.541066,36775,14,1
2,Payment,1764751486.545859,14136,9,1
1,NewOrder,1764751486.545909,35172,7,1
2,Payment,1764751486.545935,13994,8,1
3,OrderStatus,1764751486.546088,1061,12,1
2,Payment,1764751486.547156,14862,12,1
1,NewOrder,1764751486.549250,27727,5,1
1,NewOrder,1764751486.552755,48413,10,1
1,NewOrder,1764751486.552759,36036,15,1
1,NewOrder,1764751486.552766,26479,6,1
1,NewOrder,1764751486.552857,55593,11,1
1,NewOrder,1764751486.552938,24541,2,1
1,NewOrder,1764751486.557465,28832,0,1
1,NewOrder,1764751486.559943,28691,8,1
1,NewOrder,1764751486.559950,55064,13,1
2,Payment,1764751486.560002,18364,9,1
4,Delivery,1764751486.562028,26616,12,1
2,Payment,1764751486.562728,15105,1,1
5,StockLevel,1764751486.564090,13547,3,1
1,NewOrder,1764751486.576993,31766,5,1
1,NewOrder,1764751486.577490,37562,2,1
2,Payment,1764751486.577645,21425,3,1
1,NewOrder,1764751486.577841,30457,1,1
1,NewOrder,1764751486.577847,26603,14,1
2,Payment,1764751486.577953,12635,4,1
1,NewOrder,1764751486.578373,45010,9,1
3,OrderStatus,1764751486.579252,10866,6,1
1,NewOrder,1764751486.581088,34188,7,1
1,NewOrder,1764751486.586307,28739,0,1
4,Delivery,1764751486.588645,37360,8,1
2,Payment,1764751486.588653,19803,12,1
1,NewOrder,1764751486.588802,34587,15,1
1,NewOrder,1764751486.590125,33137,6,1
2,Payment,1764751486.590595,17940,4,1
2,Payment,1764751486.599090,16106,3,1
2,Payment,1764751486.601178,22182,10,1
1,NewOrder,1764751486.604458,21763,14,1
1,NewOrder,1764751486.608307,20473,1,1
3,OrderStatus,1764751486.608459,2206,11,1
1,NewOrder,1764751486.608464,23390,12,1
2,Payment,1764751486.608545,17510,4,1
1,NewOrder,1764751486.608764,22956,5,1
2,Payment,1764751486.610672,15423,11,1
1,NewOrder,1764751486.615023,20401,13,1
1,NewOrder,1764751486.615053,41638,0,1
2,Payment,1764751486.615058,11070,2,1
2,Payment,1764751486.615199,16531,3,1
5,StockLevel,1764751486.615282,20060,7,1
1,NewOrder,1764751486.623277,29551,6,1
1,NewOrder,1764751486.623370,29516,10,1
1,NewOrder,1764751486.623390,19933,9,1
1,NewOrder,1764751486.623396,29334,15,1
4,Delivery,1764751486.626013,43578,8,1
3,OrderStatus,1764751486.626062,13749,4,1
1,NewOrder,1764751486.626098,35781,11,1
1,NewOrder,1764751486.626132,26758,2,1
2,Payment,1764751486.626228,14652,14,1
1,NewOrder,1764751486.628789,24381,1,1
1,NewOrder,1764751486.631729,27810,5,1
2,Payment,1764751486.631738,14386,3,1
1,NewOrder,1764751486.631860,17737,12,1
5,StockLevel,1764751486.635351,15691,7,1
1,NewOrder,1764751486.635431,21322,13,1
1,NewOrder,1764751486.639819,19927,4,1
1,NewOrder,1764751486.640888,25344,14,1
2,Payment,1764751486.643333,16249,9,1
1,NewOrder,1764751486.646131,23431,3,1
4,Delivery,1764751486.649610,19902,12,1
1,NewOrder,1764751486.651050,18534,7,1
1,NewOrder,1764751486.652737,34054,15,1
1,NewOrder,1764751486.652837,20983,6,1
1,NewOrder,1764751486.652895,30511,10,1
1,NewOrder,1764751486.652897,28346,2,1
1,NewOrder,1764751486.653175,27331,1,1
2,Payment,1764751486.656701,12941,0,1
1,NewOrder,1764751486.656757,30081,13,1
1,NewOrder,1764751486.659547,27324,5,1
5,StockLevel,1764751486.659590,9875,9,1
2,Payment,1764751486.659753,16185,4,1
2,Payment,1764751486.661886,18433,11,1
1,NewOrder,1764751486.666240,21006,14,1
1,NewOrder,1764751486.669471,19765,9,1
2,Payment,1764751486.669538,13677,12,1
1,NewOrder,1764751486.669569,26366,3,1
1,NewOrder,1764751486.669593,26369,7,1
2,Payment,1764751486.669598,13752,8,1
1,NewOrder,1764751486.669645,29544,0,1
2,Payment,1764751486.673830,13008,6,1
2,Payment,1764751486.675947,10785,4,1
1,NewOrder,1764751486.680340,41352,11,1
3,OrderStatus,1764751486.680512,8641,1,1
1,NewOrder,1764751486.681252,32687,2,1
2,Payment,1764751486.683223,13074,12,1
1,NewOrder,1764751486.683358,28211,8,1
4,Delivery,1764751486.683415,41893,10,1
1,NewOrder,1764751486.686743,24875,4,1
1,NewOrder,1764751486.686794,34905,15,1
2,Payment,1764751486.686846,12344,6,1
1,NewOrder,1764751486.686847,34495,13,1
1,NewOrder,1764751486.686873,34497,5,1
2,Payment,1764751486.687255,15412,14,1
5,StockLevel,1764751486.689159,10086,1,1
1,NewOrder,1764751486.689243,19203,9,1
2,Payment,1764751486.695946,12486,3,1
1,NewOrder,1764751486.695970,25597,7,1
1,NewOrder,1764751486.696303,25235,12,1
2,Payment,1764751486.699197,19666,0,1
2,Payment,1764751486.699197,12446,6,1
1,NewOrder,1764751486.699251,25935,1,1
2,Payment,1764751486.702674,11198,14,1
2,Payment,1764751486.708443,12986,3,1
1,NewOrder,1764751486.708454,24251,9,1
2,Payment,1764751486.711576,13606,8,1
2,Payment,1764751486.711625,13571,4,1
2,Payment,1764751486.711650,13531,6,1
2,Payment,1764751486.713879,11379,14,1
1,NewOrder,1764751486.713948,18768,2,1
2,Payment,1764751486.718880,13857,0,1
1,NewOrder,1764751486.721351,18772,13,1
1,NewOrder,1764751486.721378,34220,5,1
1,NewOrder,1764751486.721436,18527,3,1
1,NewOrder,1764751486.721545,6821,12,1
2,Payment,1764751486.721569,18429,7,1
2,Payment,1764751486.721699,13657,11,1
3,OrderStatus,1764751486.721705,11222,15,1
3,OrderStatus,1764751486.725188,14754,6,1
1,NewOrder,1764751486.725189,20738,8,1
2,Payment,1764751486.725193,14844,1,1
2,Payment,1764751486.725203,15622,4,1
1,NewOrder,1764751486.725265,24883,14,1
2,Payment,1764751486.725311,14671,10,1
1,NewOrder,1764751486.728371,21605,12,1
3,OrderStatus,1764751486.732712,1035,9,1
1,NewOrder,1764751486.732722,29701,2,1
1,NewOrder,1764751486.732746,17264,0,1
2,Payment,1764751486.732932,13269,15,1
1,NewOrder,1764751486.733753,24489,9,1
2,Payment,1764751486.735363,14715,11,1
1,NewOrder,1764751486.739950,25938,6,1
3,OrderStatus,1764751486.739970,3855,3,1
2,Payment,1764751486.739989,15370,10,1
2,Payment,1764751486.740000,15577,7,1
1,NewOrder,1764751486.740040,18465,1,1
1,NewOrder,1764751486.740132,21981,13,1
2,Payment,1764751486.740831,14797,4,1
2,Payment,1764751486.743832,14447,3,1
1,NewOrder,1764751486.745935,22014,8,1
2,Payment,1764751486.746208,15650,15,1
5,StockLevel,1764751486.749989,11859,12,1
1,NewOrder,1764751486.750019,28368,0,1
1,NewOrder,1764751486.750082,22601,11,1
2,Payment,1764751486.750154,22564,14,1
1,NewOrder,1764751486.755366,22065,10,1
2,Payment,1764751486.755586,12362,7,1
1,NewOrder,1764751486.755605,25685,5,1
1,NewOrder,1764751486.755630,25701,4,1
2,Payment,1764751486.758249,14442,9,1
1,NewOrder,1764751486.758286,19316,3,1
1,NewOrder,1764751486.758510,29060,1,1
1,NewOrder,1764751486.761862,16591,12,1
1,NewOrder,1764751486.761864,22377,15,1
2,Payment,1764751486.762120,15310,13,1
2,Payment,1764751486.762430,14983,2,1
1,NewOrder,1764751486.765895,24104,6,1
2,Payment,1764751486.767954,13386,7,1
1,NewOrder,1764751486.767956,19656,8,1
2,Payment,1764751486.772691,14964,11,1
2,Payment,1764751486.772698,14843,9,1
1,NewOrder,1764751486.772724,17187,14,1
3,OrderStatus,1764751486.777422,4554,2,1
2,Payment,1764751486.777438,12227,13,1
1,NewOrder,1764751486.777439,37314,10,1
1,NewOrder,1764751486.777611,27163,3,1
1,NewOrder,1764751486.778393,33294,0,1
2,Payment,1764751486.778459,37820,12,1
2,Payment,1764751486.781297,11537,5,1
5,StockLevel,1764751486.781337,11449,4,1
1,NewOrder,1764751486.781347,22001,7,1
2,Payment,1764751486.781983,10902,2,1
1,NewOrder,1764751486.784249,20502,15,1
1,NewOrder,1764751486.787551,21071,9,1
2,Payment,1764751486.787576,17326,1,1
1,NewOrder,1764751486.787618,23711,8,1
2,Payment,1764751486.787658,15744,11,1
2,Payment,1764751486.789672,14188,13,1
1,NewOrder,1764751486.789917,26191,14,1
5,StockLevel,1764751486.790006,13412,6,1
2,Payment,1764751486.792795,12003,4,1
1,NewOrder,1764751486.792836,28522,5,1
1,NewOrder,1764751486.792892,18438,2,1
1,NewOrder,1764751486.803362,18459,7,1
2,Payment,1764751486.803410,12771,11,1
1,NewOrder,1764751486.803433,28142,6,1
1,NewOrder,1764751486.803866,18027,13,1
1,NewOrder,1764751486.804758,21379,15,1
4,Delivery,1764751486.804781,41955,3,1
2,Payment,1764751486.804804,15726,4,1
2,Payment,1764751486.804906,12371,1,1
1,NewOrder,1764751486.808633,23014,9,1
2,Payment,1764751486.811339,17948,2,1
3,OrderStatus,1764751486.811340,1526,8,1
1,NewOrder,1764751486.811694,13899,0,1
1,NewOrder,1764751486.812872,25710,8,1
5,StockLevel,1764751486.814760,11212,10,1
2,Payment,1764751486.816115,13061,14,1
2,Payment,1764751486.816191,15797,11,1
3,OrderStatus,1764751486.816286,9823,12,1
2,Payment,1764751486.817283,29400,1,1
1,NewOrder,1764751486.820539,29374,4,1
1,NewOrder,1764751486.821365,27067,5,1
1,NewOrder,1764751486.821828,24812,7,1
1,NewOrder,1764751486.821902,28003,13,1
2,Payment,1764751486.825602,12670,0,1
4,Delivery,1764751486.825980,39030,10,1
1,NewOrder,1764751486.826117,22458,12,1
1,NewOrder,1764751486.826146,26103,15,1
2,Payment,1764751486.829186,12800,14,1
1,NewOrder,1764751486.829297,19283,2,1
2,Payment,1764751486.831583,15047,6,1
3,OrderStatus,1764751486.831653,2647,9,1
1,NewOrder,1764751486.831994,33111,11,1
1,NewOrder,1764751486.834307,24805,9,1
3,OrderStatus,1764751486.838281,4408,0,1
2,Payment,1764751486.838589,11411,8,1
1,NewOrder,1764751486.841994,17059,14,1
2,Payment,1764751486.842696,12817,0,1
1,NewOrder,1764751486.846637,29327,6,1
1,NewOrder,1764751486.846647,24513,7,1
1,NewOrder,1764751486.846691,29218,1,1
2,Payment,1764751486.846743,12390,3,1
2,Payment,1764751486.848439,10845,5,1
3,OrderStatus,1764751486.848581,2037,12,1
2,Payment,1764751486.848588,10725,2,1
2,Payment,1764751486.849913,9350,13,1
1,NewOrder,1764751486.849924,16992,4,1
2,Payment,1764751486.850006,15084,8,1
2,Payment,1764751486.850624,26086,12,1
2,Payment,1764751486.852269,12766,15,1
1,NewOrder,1764751486.855522,25310,0,1
2,Payment,1764751486.859061,20435,14,1
2,Payment,1764751486.859119,16806,9,1
1,NewOrder,1764751486.859135,24929,3,1
4,Delivery,1764751486.859270,32679,13,1
2,Payment,1764751486.859291,16846,5,1
1,NewOrder,1764751486.859315,33053,2,1
2,Payment,1764751486.865019,26289,10,1
2,Payment,1764751486.865042,45724,15,1
4,Delivery,1764751486.865093,57101,8,1
2,Payment,1764751486.865106,14522,11,1
1,NewOrder,1764751486.866923,40896,4,1
2,Payment,1764751486.871169,13283,7,1
2,Payment,1764751486.875916,15183,1,1
1,NewOrder,1764751486.875932,46054,9,1
1,NewOrder,1764751486.875971,46114,6,1
2,Payment,1764751486.876142,9758,5,1
1,NewOrder,1764751486.876717,31120,12,1
1,NewOrder,1764751486.879505,43472,14,1
2,Payment,1764751486.879636,14077,11,1
1,NewOrder,1764751486.880840,41597,0,1
2,Payment,1764751486.884076,23754,3,1
1,NewOrder,1764751486.884460,37867,7,1
2,Payment,1764751486.885908,24870,5,1
2,Payment,1764751486.891111,30975,1,1
2,Payment,1764751486.891316,30679,10,1
3,OrderStatus,1764751486.891959,1575,13,1
2,Payment,1764751486.892375,60877,2,1
1,NewOrder,1764751486.893542,28783,13,1
2,Payment,1764751486.893720,28270,11,1
2,Payment,1764751486.907829,46231,4,1
2,Payment,1764751486.907838,21481,3,1
1,NewOrder,1764751486.907843,21507,12,1
1,NewOrder,1764751486.910775,28365,15,1
2,Payment,1764751486.910785,18573,5,1
2,Payment,1764751486.922002,45996,9,1
2,Payment,1764751486.922003,17082,10,1
2,Payment,1764751486.922003,31231,11,1
1,NewOrder,1764751486.922088,31445,6,1
4,Delivery,1764751486.922091,31252,1,1
1,NewOrder,1764751486.922197,31608,8,1
2,Payment,1764751486.922332,22148,7,1
2,Payment,1764751486.922333,16718,13,1
2,Payment,1764751486.922442,17564,0,1
5,StockLevel,1764751486.922983,21463,14,1
2,Payment,1764751486.929332,23862,3,1
1,NewOrder,1764751486.929352,42073,12,1
2,Payment,1764751486.929366,107386,5,1
1,NewOrder,1764751486.939060,28947,13,1
2,Payment,1764751486.939092,103614,10,1
2,Payment,1764751486.939155,28821,15,1
2,Payment,1764751486.940012,27967,0,1
1,NewOrder,1764751486.944459,105787,14,1
2,Payment,1764751486.944488,23530,7,1
2,Payment,1764751486.953205,83567,3,1
1,NewOrder,1764751486.953242,96843,11,1
3,OrderStatus,1764751486.953265,21862,2,1
2,Payment,1764751486.953350,83411,1,1
1,NewOrder,1764751486.953539,96964,6,1
5,StockLevel,1764751486.953811,82940,8,1
1,NewOrder,1764751486.954066,88217,4,1
1,NewOrder,1764751486.967988,82128,15,1
1,NewOrder,1764751486.967989,82934,0,1
1,NewOrder,1764751486.968004,82273,9,1
2,Payment,1764751486.968013,74249,13,1
1,NewOrder,1764751486.968020,82317,7,1
1,NewOrder,1764751486.971433,90853,12,1
1,NewOrder,1764751486.975137,84310,2,1
1,NewOrder,1764751487.036768,29073,8,1
2,Payment,1764751487.036768,13897,1,1
2,Payment,1764751487.036768,13770,5,1
2,Payment,1764751487.036778,14276,3,1
2,Payment,1764751487.042275,11899,13,1
1,NewOrder,1764751487.042291,37005,4,1
1,NewOrder,1764751487.042711,19189,10,1
2,Payment,1764751487.050095,11763,11,1
4,Delivery,1764751487.050124,35813,15,1
2,Payment,1764751487.050252,11648,14,1
1,NewOrder,1764751487.050279,23603,9,1
2,Payment,1764751487.050342,15645,7,1
1,NewOrder,1764751487.050509,9308,6,1
3,OrderStatus,1764751487.050540,5467,5,1
2,Payment,1764751487.050670,19463,1,1
2,Payment,1764751487.050928,15259,0,1
2,Payment,1764751487.051059,23244,3,1
2,Payment,1764751487.054187,11983,13,1
1,NewOrder,1764751487.056021,23318,5,1
2,Payment,1764751487.059489,26015,2,1
1,NewOrder,1764751487.059822,28156,6,1
4,Delivery,1764751487.061865,32907,11,1
1,NewOrder,1764751487.061904,26473,10,1
2,Payment,1764751487.061906,12112,14,1
1,NewOrder,1764751487.062291,32475,12,1
1,NewOrder,1764751487.065857,34100,8,1
2,Payment,1764751487.065996,13329,7,1
1,NewOrder,1764751487.066173,21807,13,1
3,OrderStatus,1764751487.066194,5658,0,1
1,NewOrder,1764751487.070182,24787,1,1
1,NewOrder,1764751487.071865,29948,0,1
1,NewOrder,1764751487.073891,32273,9,1
2,Payment,1764751487.074035,17175,14,1
2,Payment,1764751487.074309,16943,3,1
1,NewOrder,1764751487.079308,17077,4,1
1,NewOrder,1764751487.079333,37923,7,1
3,OrderStatus,1764751487.079347,11784,5,1
2,Payment,1764751487.085521,11067,2,1
1,NewOrder,1764751487.085947,35472,15,1
2,Payment,1764751487.087985,12043,6,1
1,NewOrder,1764751487.087987,17683,13,1
2,Payment,1764751487.088404,11589,10,1
1,NewOrder,1764751487.091139,30218,5,1
1,NewOrder,1764751487.091217,31242,14,1
2,Payment,1764751487.091255,10612,3,1
2,Payment,1764751487.094778,16117,12,1
1,NewOrder,1764751487.094781,26715,11,1
3,OrderStatus,1764751487.094975,5663,1,1
5,StockLevel,1764751487.096392,12178,4,1
1,NewOrder,1764751487.096594,21004,2,1
1,NewOrder,1764751487.099965,27088,8,1
2,Payment,1764751487.099999,10904,10,1
2,Payment,1764751487.100035,13177,6,1
1,NewOrder,1764751487.100645,20775,1,1
2,Payment,1764751487.101819,15433,0,1
2,Payment,1764751487.101873,11385,3,1
1,NewOrder,1764751487.105678,32572,13,1
1,NewOrder,1764751487.106170,32039,9,1
2,Payment,1764751487.108577,12912,4,1
1,NewOrder,1764751487.110910,18623,10,1
3,OrderStatus,1764751487.110919,10382,12,1
1,NewOrder,1764751487.113219,19010,6,1
2,Payment,1764751487.113265,11621,3,1
3,OrderStatus,1764751487.117261,6344,0,1
2,Payment,1764751487.117263,9546,7,1
1,NewOrder,1764751487.117605,33659,2,1
2,Payment,1764751487.121308,17092,12,1
1,NewOrder,1764751487.121364,20267,5,1
1,NewOrder,1764751487.121426,28421,1,1
2,Payment,1764751487.121430,10898,15,1
2,Payment,1764751487.121495,14409,4,1
1,NewOrder,1764751487.121501,24465,11,1
2,Payment,1764751487.122466,37409,14,1
1,NewOrder,1764751487.123613,30964,0,1
1,NewOrder,1764751487.124895,24947,3,1
1,NewOrder,1764751487.126818,23274,7,1
2,Payment,1764751487.127060,14742,8,1
1,NewOrder,1764751487.129541,32631,10,1
2,Payment,1764751487.132237,13671,6,1
2,Payment,1764751487.132336,13607,15,1
2,Payment,1764751487.135911,14130,4,1
1,NewOrder,1764751487.138217,34645,9,1
1,NewOrder,1764751487.138257,27261,13,1
2,Payment,1764751487.138407,12802,12,1
1,NewOrder,1764751487.141638,30773,5,1
1,NewOrder,1764751487.141807,31366,8,1
1,NewOrder,1764751487.145916,30854,6,1
2,Payment,1764751487.145950,26654,15,1
2,Payment,1764751487.145975,13760,11,1
1,NewOrder,1764751487.149852,27328,3,1
1,NewOrder,1764751487.149871,30303,1,1
1,NewOrder,1764751487.150047,19582,4,1
1,NewOrder,1764751487.150099,22313,7,1
2,Payment,1764751487.151215,14324,12,1
1,NewOrder,1764751487.151273,31837,2,1
3,OrderStatus,1764751487.154585,5645,0,1
2,Payment,1764751487.159747,12911,11,1
2,Payment,1764751487.159884,25918,14,1
1,NewOrder,1764751487.160239,28483,0,1
1,NewOrder,1764751487.162180,23349,10,1
2,Payment,1764751487.165527,14312,13,1
2,Payment,1764751487.165547,25433,12,1
1,NewOrder,1764751487.169637,19354,4,1
2,Payment,1764751487.172420,16774,7,1
1,NewOrder,1764751487.172421,35216,5,1
2,Payment,1764751487.172610,25847,15,1
2,Payment,1764751487.172664,12891,11,1
2,Payment,1764751487.172869,12717,9,1
1,NewOrder,1764751487.173180,31497,8,1
2,Payment,1764751487.176783,28159,6,1
2,Payment,1764751487.177187,13861,3,1
1,NewOrder,1764751487.179847,21766,13,1
5,StockLevel,1764751487.180183,14598,1,1
2,Payment,1764751487.183119,11779,2,1
2,Payment,1764751487.185539,26128,10,1
2,Payment,1764751487.185562,12539,11,1
2,Payment,1764751487.185588,12544,9,1
1,NewOrder,1764751487.185807,28535,14,1
2,Payment,1764751487.188736,13001,0,1
2,Payment,1764751487.189001,15928,4,1
1,NewOrder,1764751487.189202,18491,7,1
1,NewOrder,1764751487.190989,23401,12,1
5,StockLevel,1764751487.191056,13753,3,1
2,Payment,1764751487.194795,12779,1,1
3,OrderStatus,1764751487.194901,10129,2,1
1,NewOrder,1764751487.198114,22383,11,1
4,Delivery,1764751487.198141,24773,9,1
2,Payment,1764751487.198463,13228,15,1
2,Payment,1764751487.201622,12625,13,1
1,NewOrder,1764751487.201745,25168,0,1
3,OrderStatus,1764751487.204691,1584,8,1
2,Payment,1764751487.204816,15549,3,1
2,Payment,1764751487.204935,13096,4,1
1,NewOrder,1764751487.204948,30372,6,1
2,Payment,1764751487.205036,15555,2,1
1,NewOrder,1764751487.206281,34057,8,1
1,NewOrder,1764751487.207581,32578,1,1
1,NewOrder,1764751487.207644,37195,5,1
1,NewOrder,1764751487.207700,37224,7,1
1,NewOrder,1764751487.211680,17045,10,1
5,StockLevel,1764751487.211699,14851,15,1
2,Payment,1764751487.214256,25862,13,1
1,NewOrder,1764751487.214349,20974,14,1
2,Payment,1764751487.214396,12235,12,1
5,StockLevel,1764751487.218043,11053,4,1
2,Payment,1764751487.220377,17198,3,1
2,Payment,1764751487.220505,13083,11,1
1,NewOrder,1764751487.220599,26553,2,1
3,OrderStatus,1764751487.222923,2272,9,1
2,Payment,1764751487.225204,14872,9,1
5,StockLevel,1764751487.226558,13689,15,1
2,Payment,1764751487.226638,26916,12,1
1,NewOrder,1764751487.226918,23505,0,1
1,NewOrder,1764751487.228733,33721,10,1
2,Payment,1764751487.229102,18033,4,1
2,Payment,1764751487.233598,13724,11,1
2,Payment,1764751487.235328,11880,6,1
2,Payment,1764751487.235330,14999,14,1
2,Payment,1764751487.237582,12818,3,1
1,NewOrder,1764751487.240084,31307,9,1
2,Payment,1764751487.240125,26830,13,1
5,StockLevel,1764751487.240166,13507,1,1
2,Payment,1764751487.240270,22141,15,1
2,Payment,1764751487.240341,13259,8,1
1,NewOrder,1764751487.244852,52498,5,1
2,Payment,1764751487.244932,16465,7,1
1,NewOrder,1764751487.247143,38289,4,1
1,NewOrder,1764751487.247159,33998,2,1
1,NewOrder,1764751487.247215,24055,6,1
2,Payment,1764751487.247324,14283,11,1
1,NewOrder,1764751487.250338,47064,14,1
2,Payment,1764751487.250407,16489,3,1
2,Payment,1764751487.250429,11875,0,1
3,OrderStatus,1764751487.253567,4672,12,1
1,NewOrder,1764751487.253609,27589,8,1
1,NewOrder,1764751487.253680,43809,1,1
1,NewOrder,1764751487.258251,39086,12,1
2,Payment,1764751487.261408,10982,7,1
2,Payment,1764751487.261615,16122,11,1
1,NewOrder,1764751487.262311,18795,0,1
2,Payment,1764751487.262418,12120,15,1
2,Payment,1764751487.262461,12146,10,1
2,Payment,1764751487.266907,14184,3,1
1,NewOrder,1764751487.266964,32653,13,1
1,NewOrder,1764751487.271281,19010,6,1
2,Payment,1764751487.271393,33005,9,1
3,OrderStatus,1764751487.272399,1888,7,1
2,Payment,1764751487.274296,16466,7,1
4,Delivery,1764751487.274545,52042,15,1
2,Payment,1764751487.274614,16169,10,1
1,NewOrder,1764751487.277745,26607,11,1
2,Payment,1764751487.281105,13951,3,1
2,Payment,1764751487.281114,13537,0,1
2,Payment,1764751487.281164,13376,2,1
2,Payment,1764751487.281205,13306,8,1
1,NewOrder,1764751487.285444,22071,4,1
2,Payment,1764751487.290304,13912,6,1
1,NewOrder,1764751487.290770,26952,7,1
1,NewOrder,1764751487.290794,26909,10,1
1,NewOrder,1764751487.294520,19426,8,1
1,NewOrder,1764751487.294543,23417,2,1
4,Delivery,1764751487.294668,42238,0,1
1,NewOrder,1764751487.295062,25591,3,1
2,Payment,1764751487.297344,16469,12,1
1,NewOrder,1764751487.297357,16731,5,1
2,Payment,1764751487.297409,16287,14,1
5,StockLevel,1764751487.297491,16544,1,1
2,Payment,1764751487.299630,28080,13,1
1,NewOrder,1764751487.304231,40632,6,1
2,Payment,1764751487.304365,13662,11,1
4,Delivery,1764751487.304400,24012,9,1
1,NewOrder,1764751487.307524,21194,4,1
2,Payment,1764751487.313711,12798,14,1
1,NewOrder,1764751487.313822,23201,12,1
2,Payment,1764751487.313952,12716,8,1
1,NewOrder,1764751487.314042,38291,1,1
2,Payment,1764751487.314094,12418,5,1
1,NewOrder,1764751487.317712,26686,10,1
1,NewOrder,1764751487.317730,19312,7,1
1,NewOrder,1764751487.317965,23012,2,1
2,Payment,1764751487.318037,10692,11,1
2,Payment,1764751487.320663,16224,3,1
2,Payment,1764751487.326524,18354,5,1
1,NewOrder,1764751487.326524,17795,14,1
2,Payment,1764751487.326590,17145,15,1
4,Delivery,1764751487.326675,34867,8,1
5,StockLevel,1764751487.327716,16008,13,1
4,Delivery,1764751487.328419,27520,9,1
1,NewOrder,1764751487.328727,23639,4,1
5,StockLevel,1764751487.328736,15559,11,1
2,Payment,1764751487.336901,15276,3,1
2,Payment,1764751487.336917,15269,0,1
2,Payment,1764751487.337028,15207,12,1
2,Payment,1764751487.337046,16286,7,1
3,OrderStatus,1764751487.340987,3523,2,1
2,Payment,1764751487.343736,18211,13,1
2,Payment,1764751487.343743,15853,15,1
1,NewOrder,1764751487.344302,25822,11,1
1,NewOrder,1764751487.344326,23662,14,1
1,NewOrder,1764751487.344405,25791,10,1
1,NewOrder,1764751487.344513,25958,2,1
2,Payment,1764751487.344870,23202,6,1
2,Payment,1764751487.344886,14642,5,1
2,Payment,1764751487.352192,15730,3,1
1,NewOrder,1764751487.352196,18208,0,1
1,NewOrder,1764751487.352242,41149,12,1
2,Payment,1764751487.352340,14286,1,1
1,NewOrder,1764751487.352367,40755,4,1
1,NewOrder,1764751487.353339,25410,7,1
1,NewOrder,1764751487.355947,37215,9,1
1,NewOrder,1764751487.359536,26065,5,1
2,Payment,1764751487.359603,19056,15,1
2,Payment,1764751487.361550,16159,8,1
5,StockLevel,1764751487.361954,13664,13,1
1,NewOrder,1764751487.366636,26568,1,1
2,Payment,1764751487.367930,17604,3,1
2,Payment,1764751487.367996,25134,14,1
1,NewOrder,1764751487.368079,27958,6,1
1,NewOrder,1764751487.370130,26140,11,1
1,NewOrder,1764751487.370203,33463,10,1
1,NewOrder,1764751487.370412,23106,0,1
5,StockLevel,1764751487.370475,15191,2,1
4,Delivery,1764751487.375631,34798,13,1
1,NewOrder,1764751487.377720,29303,8,1
1,NewOrder,1764751487.378668,29115,15,1
2,Payment,1764751487.378753,14380,7,1
2,Payment,1764751487.385548,18602,3,1
2,Payment,1764751487.385603,18103,5,1
1,NewOrder,1764751487.385675,27937,2,1
2,Payment,1764751487.393135,35487,4,1
2,Payment,1764751487.393138,14714,14,1
1,NewOrder,1764751487.393139,33043,7,1
2,Payment,1764751487.393164,17128,9,1
1,NewOrder,1764751487.393211,22679,1,1
1,NewOrder,1764751487.393396,20306,12,1
5,StockLevel,1764751487.393524,14434,0,1
2,Payment,1764751487.396045,14325,6,1
1,NewOrder,1764751487.396280,22587,11,1
4,Delivery,1764751487.403678,32253,10,1
2,Payment,1764751487.403709,12175,5,1
2,Payment,1764751487.404160,11919,3,1
1,NewOrder,1764751487.407035,38945,8,1
2,Payment,1764751487.407792,27985,15,1
2,Payment,1764751487.407860,13564,14,1
2,Payment,1764751487.407965,13244,0,1
1,NewOrder,1764751487.410300,18326,9,1
2,Payment,1764751487.410378,11397,6,1
2,Payment,1764751487.410435,10869,13,1
4,Delivery,1764751487.413620,32259,2,1
1,NewOrder,1764751487.413704,21674,12,1
1,NewOrder,1764751487.415891,20063,5,1
2,Payment,1764751487.415896,14245,1,1
1,NewOrder,1764751487.416084,22854,3,1
1,NewOrder,1764751487.418874,44143,11,1
5,StockLevel,1764751487.421217,14716,0,1
1,NewOrder,1764751487.421313,43005,13,1
1,NewOrder,1764751487.421428,26648,14,1
2,Payment,1764751487.421779,21497,6,1
2,Payment,1764751487.426193,36848,7,1
1,NewOrder,1764751487.428632,39975,4,1
1,NewOrder,1764751487.428634,34344,9,1
1,NewOrder,1764751487.430148,34314,1,1
1,NewOrder,1764751487.435385,28026,12,1
1,NewOrder,1764751487.435783,34411,15,1
1,NewOrder,1764751487.435939,28398,10,1
1,NewOrder,1764751487.435956,34123,0,1
1,NewOrder,1764751487.435958,28194,5,1
2,Payment,1764751487.438947,16173,3,1
1,NewOrder,1764751487.443288,37378,6,1
2,Payment,1764751487.445890,17279,2,1
2,Payment,1764751487.445991,17046,8,1
1,NewOrder,1764751487.448083,34925,14,1
4,Delivery,1764751487.455133,68195,3,1
1,NewOrder,1764751487.462993,25997,9,1
1,NewOrder,1764751487.463027,25548,11,1
1,NewOrder,1764751487.463043,60311,7,1
1,NewOrder,1764751487.463046,31301,8,1
1,NewOrder,1764751487.463179,23340,2,1
1,NewOrder,1764751487.463417,25698,12,1
1,NewOrder,1764751487.464160,59095,5,1
1,NewOrder,1764751487.464326,36347,13,1
1,NewOrder,1764751487.464344,58958,10,1
1,NewOrder,1764751487.464467,53020,1,1
2,Payment,1764751487.468617,34222,4,1
1,NewOrder,1764751487.470086,53236,0,1
1,NewOrder,1764751487.470196,53512,15,1
2,Payment,1764751487.480685,8203,6,1
1,NewOrder,1764751487.483019,34463,14,1
2,Payment,1764751487.486529,16266,2,1
2,Payment,1764751487.488584,28898,11,1
1,NewOrder,1764751487.488895,57706,6,1
1,NewOrder,1764751487.488998,34457,9,1
1,NewOrder,1764751487.489121,34273,12,1
2,Payment,1764751487.494357,23141,8,1
2,Payment,1764751487.500687,22602,13,1
2,Payment,1764751487.502808,20721,2,1
1,NewOrder,1764751487.502848,33707,4,1
2,Payment,1764751487.517499,19057,11,1
2,Payment,1764751487.517499,19051,14,1
2,Payment,1764751487.517499,45013,1,1
2,Payment,1764751487.517505,19044,8,1
1,NewOrder,1764751487.523263,37127,5,1
2,Payment,1764751487.523296,17121,13,1
1,NewOrder,1764751487.523303,36898,10,1
2,Payment,1764751487.523332,17538,0,1
2,Payment,1764751487.523332,17209,3,1
2,Payment,1764751487.523361,17035,7,1
1,NewOrder,1764751487.523401,24484,12,1
5,StockLevel,1764751487.523532,16980,9,1
2,Payment,1764751487.523532,16822,2,1
2,Payment,1764751487.523714,26664,15,1
5,StockLevel,1764751487.536567,11595,14,1
1,NewOrder,1764751487.536567,19607,11,1
2,Payment,1764751487.536567,11869,8,1
1,NewOrder,1764751487.536569,309634,4,1
2,Payment,1764751487.540363,10329,2,1
3,OrderStatus,1764751487.540412,1640,7,1
1,NewOrder,1764751487.540420,22123,13,1
1,NewOrder,1764751487.540521,307436,9,1
1,NewOrder,1764751487.540545,305794,3,1
5,StockLevel,1764751487.540876,13192,0,1
1,NewOrder,1764751487.542058,136242,7,1
2,Payment,1764751487.546612,13606,6,1
1,NewOrder,1764751487.547891,130355,12,1
1,NewOrder,1764751487.548165,298131,14,1
2,Payment,1764751487.548441,129829,8,1
2,Payment,1764751487.550385,127899,15,1
2,Payment,1764751487.550700,295939,2,1
2,Payment,1764751487.554075,292161,0,1
1,NewOrder,1764751487.556180,295811,11,1
2,Payment,1764751487.560208,287944,10,1
1,NewOrder,1764751487.560225,291480,6,1
3,OrderStatus,1764751487.560393,286419,5,1
2,Payment,1764751487.562521,313188,1,1
1,NewOrder,1764751487.562551,285361,13,1
2,Payment,1764751487.678265,173429,12,1
2,Payment,1764751487.678279,173696,8,1
1,NewOrder,1764751487.678290,173713,15,1
2,Payment,1764751487.678310,173346,7,1
1,NewOrder,1764751487.846220,29807,4,1
3,OrderStatus,1764751487.846244,3451,0,1
2,Payment,1764751487.846300,29427,14,1
1,NewOrder,1764751487.846344,135187,3,1
4,Delivery,1764751487.846643,134887,2,1
1,NewOrder,1764751487.846817,29254,5,1
1,NewOrder,1764751487.847916,133633,13,1
2,Payment,1764751487.847962,27909,9,1
2,Payment,1764751487.848155,142395,10,1
2,Payment,1764751487.849701,26093,0,1
1,NewOrder,1764751487.851661,129917,7,1
2,Payment,1764751487.851710,24473,6,1
2,Payment,1764751487.851726,25845,12,1
5,StockLevel,1764751487.851980,23841,8,1
2,Payment,1764751487.851997,25188,11,1
1,NewOrder,1764751487.852005,138247,15,1
1,NewOrder,1764751487.875726,121155,1,1
2,Payment,1764751487.875735,114391,14,1
1,NewOrder,1764751487.875799,114368,0,1
1,NewOrder,1764751487.875822,114707,8,1
1,NewOrder,1764751487.875880,114936,9,1
2,Payment,1764751487.876030,114137,4,1
5,StockLevel,1764751487.876074,114006,5,1
2,Payment,1764751487.876186,114018,6,1
2,Payment,1764751487.877190,113042,11,1
2,Payment,1764751487.877576,112735,12,1
1,NewOrder,1764751487.981547,32121,3,1
2,Payment,1764751487.981547,13895,2,1
2,Payment,1764751487.981555,32127,13,1
5,StockLevel,1764751487.981584,13845,7,1
3,OrderStatus,1764751487.990087,26158,5,1
2,Payment,1764751487.990131,24055,14,1
4,Delivery,1764751487.990173,30136,4,1
2,Payment,1764751487.990173,23706,0,1
2,Payment,1764751487.990210,23895,6,1
5,StockLevel,1764751487.990235,26088,11,1
2,Payment,1764751487.990253,128168,15,1
2,Payment,1764751487.990314,128407,12,1
2,Payment,1764751487.990535,23171,8,1
1,NewOrder,1764751487.990555,25742,10,1
1,NewOrder,1764751487.990822,52167,9,1
4,Delivery,1764751487.995437,123221,7,1
3,OrderStatus,1764751487.995448,12163,2,1
1,NewOrder,1764751487.996887,24001,1,1
1,NewOrder,1764751488.007626,110791,2,1
1,NewOrder,1764751488.013677,228730,3,1
2,Payment,1764751488.013689,230762,13,1
2,Payment,1764751488.013711,104770,8,1
1,NewOrder,1764751488.013885,8555,0,1
3,OrderStatus,1764751488.014110,104281,6,1
1,NewOrder,1764751488.014190,222747,14,1
5,StockLevel,1764751488.016258,1693,5,1
1,NewOrder,1764751488.016302,226043,10,1
1,NewOrder,1764751488.016328,220579,11,1
1,NewOrder,1764751488.017956,218924,5,1
2,Payment,1764751488.020315,216617,4,1
1,NewOrder,1764751488.020904,221478,1,1
2,Payment,1764751488.022445,214501,0,1
1,NewOrder,1764751488.043003,201364,9,1
1,NewOrder,1764751488.118408,186202,6,1
2,Payment,1764751488.118428,126079,15,1
2,Payment,1764751488.118430,125960,2,1
1,NewOrder,1764751488.118486,120537,8,1
1,NewOrder,1764751488.118691,125721,7,1
1,NewOrder,1764751488.118725,125810,12,1
4,Delivery,1764751488.236896,160448,5,1
2,Payment,1764751488.236916,15850,11,1
2,Payment,1764751488.236936,15848,4,1
2,Payment,1764751488.236943,124410,14,1
2,Payment,1764751488.236950,15813,0,1
1,NewOrder,1764751488.239028,125380,8,1
2,Payment,1764751488.242353,62267,10,1
2,Payment,1764751488.242385,184599,1,1
1,NewOrder,1764751488.242409,121910,3,1
2,Payment,1764751488.244374,152885,9,1
2,Payment,1764751488.244396,116903,2,1
2,Payment,1764751488.244414,116915,7,1
2,Payment,1764751488.244452,116830,13,1
2,Payment,1764751488.244512,153044,15,1
2,Payment,1764751488.244540,152920,12,1
1,NewOrder,1764751488.252777,144615,0,1
1,NewOrder,1764751488.252777,144478,11,1
1,NewOrder,1764751488.252790,113456,4,1
1,NewOrder,1764751488.304625,109421,6,1
1,NewOrder,1764751488.304628,92826,10,1
1,NewOrder,1764751488.361299,39372,13,1
2,Payment,1764751488.361308,36474,2,1
2,Payment,1764751488.361331,39120,7,1
1,NewOrder,1764751488.361354,74500,14,1
1,NewOrder,1764751488.364327,49038,3,1
1,NewOrder,1764751488.364414,48555,8,1
2,Payment,1764751488.366252,34218,4,1
1,NewOrder,1764751488.397274,29593,9,1
2,Payment,1764751488.397274,29686,11,1
5,StockLevel,1764751488.397350,29432,5,1
2,Payment,1764751488.397395,29474,0,1
1,NewOrder,1764751488.397459,29403,10,1
3,OrderStatus,1764751488.397462,20472,12,1
1,NewOrder,1764751488.397574,29794,15,1
2,Payment,1764751488.397787,98361,2,1
1,NewOrder,1764751488.400457,35308,7,1
2,Payment,1764751488.400475,26318,4,1
1,NewOrder,1764751488.400675,30495,13,1
1,NewOrder,1764751488.412981,83182,8,1
2,Payment,1764751488.413374,22474,3,1
1,NewOrder,1764751488.414051,82199,6,1
1,NewOrder,1764751488.417942,24106,12,1
1,NewOrder,1764751488.426795,81364,5,1
2,Payment,1764751488.426801,69461,4,1
2,Payment,1764751488.426867,69395,10,1
1,NewOrder,1764751488.426871,81552,9,1
1,NewOrder,1764751488.426876,81287,0,1
1,NewOrder,1764751488.426963,72162,11,1
1,NewOrder,1764751488.426986,81262,1,1
1,NewOrder,1764751488.427373,81017,15,1
3,OrderStatus,1764751488.431176,869,13,1
1,NewOrder,1764751488.432051,76117,13,1
2,Payment,1764751488.435772,64379,7,1
1,NewOrder,1764751488.435854,72453,3,1
1,NewOrder,1764751488.435859,72530,14,1
2,Payment,1764751488.442059,66278,12,1
2,Payment,1764751488.496164,77181,2,1
1,NewOrder,1764751488.496171,98515,8,1
1,NewOrder,1764751488.496260,98432,6,1
2,Payment,1764751488.496267,77112,4,1
2,Payment,1764751488.496270,77092,10,1
1,NewOrder,1764751488.499131,95556,11,1
2,Payment,1764751488.500158,87210,7,1
2,Payment,1764751488.508167,88823,5,1
1,NewOrder,1764751488.508169,86653,0,1
2,Payment,1764751488.508174,86930,13,1
1,NewOrder,1764751488.508262,93086,1,1
1,NewOrder,1764751488.508308,86398,3,1
3,OrderStatus,1764751488.508340,7634,12,1
1,NewOrder,1764751488.508395,170254,14,1
2,Payment,1764751488.508395,86352,15,1
1,NewOrder,1764751488.508424,88351,9,1
1,NewOrder,1764751488.515987,162648,12,1
2,Payment,1764751488.573370,23456,2,1
2,Payment,1764751488.573374,23556,10,1
4,Delivery,1764751488.573384,23566,4,1
2,Payment,1764751488.587377,14040,7,1
2,Payment,1764751488.594699,26660,8,1
2,Payment,1764751488.594699,26844,11,1
2,Payment,1764751488.594699,83937,6,1
2,Payment,1764751488.594712,26663,3,1
1,NewOrder,1764751488.594750,83907,15,1
2,Payment,1764751488.594827,26542,0,1
2,Payment,1764751488.595109,26257,13,1
2,Payment,1764751488.596781,24701,9,1
2,Payment,1764751488.596831,24625,2,1
1,NewOrder,1764751488.596935,86634,10,1
2,Payment,1764751488.596955,24523,4,1
1,NewOrder,1764751488.596995,86734,5,1
5,StockLevel,1764751488.601355,77278,1,1
1,NewOrder,1764751488.601423,77472,7,1
1,NewOrder,1764751488.621374,80735,13,1
2,Payment,1764751488.621374,76988,8,1
2,Payment,1764751488.621375,76835,0,1
2,Payment,1764751488.621380,76858,3,1
1,NewOrder,1764751488.621461,80648,2,1
2,Payment,1764751488.621481,76799,4,1
1,NewOrder,1764751488.621487,80657,9,1
2,Payment,1764751488.621549,76622,11,1
3,OrderStatus,1764751488.678650,896,12,1
2,Payment,1764751488.678650,23518,1,1
1,NewOrder,1764751488.678650,6250,6,1
5,StockLevel,1764751488.678654,23785,14,1
1,NewOrder,1764751488.678662,28276,15,1
4,Delivery,1764751488.678898,32133,7,1
2,Payment,1764751488.679551,22704,12,1
2,Payment,1764751488.683576,23110,10,1
1,NewOrder,1764751488.683734,43801,5,1
2,Payment,1764751488.684904,21783,6,1
1,NewOrder,1764751488.698183,29371,11,1
2,Payment,1764751488.698218,18388,0,1
1,NewOrder,1764751488.698243,20742,3,1
2,Payment,1764751488.698282,18345,4,1
2,Payment,1764751488.698367,18196,8,1
1,NewOrder,1764751488.702115,27825,13,1
2,Payment,1764751488.702116,16743,2,1
1,NewOrder,1764751488.702146,33545,9,1
1,NewOrder,1764751488.702174,22387,1,1
3,OrderStatus,1764751488.702257,14339,12,1
2,Payment,1764751488.702445,16483,14,1
3,OrderStatus,1764751488.706693,12168,10,1
2,Payment,1764751488.706694,12263,6,1
1,NewOrder,1764751488.706943,42743,15,1
1,NewOrder,1764751488.711037,33766,7,1
1,NewOrder,1764751488.716577,28138,8,1
2,Payment,1764751488.716603,13237,12,1
2,Payment,1764751488.716608,13254,0,1
2,Payment,1764751488.716628,13287,4,1
5,StockLevel,1764751488.718865,17219,2,1
1,NewOrder,1764751488.718867,25848,10,1
2,Payment,1764751488.718934,13410,14,1
2,Payment,1764751488.718962,13595,6,1
2,Payment,1764751488.718987,13344,3,1
5,StockLevel,1764751488.724571,11536,1,1
1,NewOrder,1764751488.727541,24379,5,1
1,NewOrder,1764751488.727560,24388,11,1
1,NewOrder,1764751488.729845,22122,12,1
1,NewOrder,1764751488.729868,22199,0,1
1,NewOrder,1764751488.729918,48643,4,1
1,NewOrder,1764751488.729945,21994,13,1
2,Payment,1764751488.732336,17157,3,1
1,NewOrder,1764751488.732348,17172,14,1
1,NewOrder,1764751488.732560,46011,6,1
2,Payment,1764751488.735697,13821,9,1
1,NewOrder,1764751488.736090,48092,2,1
1,NewOrder,1764751488.736112,15935,1,1
1,NewOrder,1764751488.744728,53113,10,1
2,Payment,1764751488.744728,33830,8,1
2,Payment,1764751488.744806,39427,7,1
1,NewOrder,1764751488.749504,48350,3,1
2,Payment,1764751488.749524,34723,9,1
1,NewOrder,1764751488.749526,48746,14,1
1,NewOrder,1764751488.749690,48205,15,1
2,Payment,1764751488.751926,40407,5,1
1,NewOrder,1764751488.751945,46792,13,1
1,NewOrder,1764751488.751966,45919,11,1
1,NewOrder,1764751488.751969,45854,12,1
1,NewOrder,1764751488.752052,46246,1,1
2,Payment,1764751488.752067,40183,0,1
2,Payment,1764751488.778580,33876,8,1
2,Payment,1764751488.778580,38876,6,1
1,NewOrder,1764751488.778582,42855,4,1
1,NewOrder,1764751488.784189,33432,2,1
1,NewOrder,1764751488.784238,33420,7,1
1,NewOrder,1764751488.784268,33204,9,1
2,Payment,1764751488.792271,25400,0,1
2,Payment,1764751488.792338,25122,5,1
1,NewOrder,1764751488.797832,23570,12,1
2,Payment,1764751488.797847,23571,10,1
4,Delivery,1764751488.797862,88291,3,1
1,NewOrder,1764751488.797887,23617,11,1
3,OrderStatus,1764751488.797898,23479,15,1
1,NewOrder,1764751488.798278,23289,14,1
1,NewOrder,1764751488.798304,81351,1,1
1,NewOrder,1764751488.798743,22716,13,1
1,NewOrder,1764751488.812468,79633,8,1
2,Payment,1764751488.817464,68671,6,1
2,Payment,1764751488.817467,68789,5,1
2,Payment,1764751488.817478,74237,9,1
2,Payment,1764751488.817624,68571,2,1
1,NewOrder,1764751488.817662,74247,7,1
2,Payment,1764751488.817674,68602,0,1
2,Payment,1764751488.821382,70836,15,1
1,NewOrder,1764751488.821408,70640,12,1
1,NewOrder,1764751488.821420,70950,10,1
2,Payment,1764751488.821438,103274,4,1
2,Payment,1764751488.821461,70500,13,1
1,NewOrder,1764751488.821508,84463,11,1
2,Payment,1764751488.821571,92844,14,1
2,Payment,1764751488.879670,27246,1,1
2,Payment,1764751488.886146,20811,6,1
3,OrderStatus,1764751488.886159,5203,3,1
1,NewOrder,1764751488.886198,28242,2,1
2,Payment,1764751488.886258,20597,5,1
1,NewOrder,1764751488.886278,28140,0,1
1,NewOrder,1764751488.891370,32242,3,1
2,Payment,1764751488.891720,22702,9,1
1,NewOrder,1764751488.891915,45126,7,1
1,NewOrder,1764751488.891966,27231,13,1
2,Payment,1764751488.892052,22366,12,1
1,NewOrder,1764751488.892103,31529,8,1
2,Payment,1764751488.892227,32541,15,1
1,NewOrder,1764751488.892375,32433,10,1
2,Payment,1764751488.905984,18829,11,1
1,NewOrder,1764751488.906862,29985,5,1
2,Payment,1764751488.906923,17822,1,1
2,Payment,1764751488.906962,18120,6,1
1,NewOrder,1764751488.914424,28722,14,1
2,Payment,1764751488.914425,10338,0,1
3,OrderStatus,1764751488.914425,11041,12,1
1,NewOrder,1764751488.914429,28669,9,1
1,NewOrder,1764751488.914445,16358,2,1
2,Payment,1764751488.919203,17689,13,1
2,Payment,1764751488.923620,19445,3,1
2,Payment,1764751488.923637,19425,8,1
1,NewOrder,1764751488.924717,29592,4,1
1,NewOrder,1764751488.924750,21900,1,1
1,NewOrder,1764751488.924768,34160,0,1
1,NewOrder,1764751488.924769,38148,15,1
1,NewOrder,1764751488.924810,29320,10,1
2,Payment,1764751488.924818,18268,11,1
1,NewOrder,1764751488.925086,28996,6,1
1,NewOrder,1764751488.925472,42517,12,1
2,Payment,1764751488.930811,15810,2,1
5,StockLevel,1764751488.936860,17405,5,1
1,NewOrder,1764751488.936899,31080,13,1
2,Payment,1764751488.937045,17251,7,1
2,Payment,1764751488.943070,15900,3,1
1,NewOrder,1764751488.943081,25855,8,1
1,NewOrder,1764751488.943089,24929,11,1
5,StockLevel,1764751488.943100,15941,9,1
2,Payment,1764751488.943150,15807,14,1
1,NewOrder,1764751488.946630,26648,2,1
1,NewOrder,1764751488.946689,21300,1,1
2,Payment,1764751488.954095,14890,6,1
4,Delivery,1764751488.954133,30308,10,1
2,Payment,1764751488.954271,29168,5,1
1,NewOrder,1764751488.954302,29659,7,1
2,Payment,1764751488.954314,14615,4,1
1,NewOrder,1764751488.958939,20597,0,1
2,Payment,1764751488.958964,14295,14,1
1,NewOrder,1764751488.958976,20550,3,1
2,Payment,1764751488.959045,14230,9,1
1,NewOrder,1764751488.962923,33211,15,1
2,Payment,1764751488.967985,16336,13,1
2,Payment,1764751488.967995,80803,12,1
1,NewOrder,1764751488.967996,24643,1,1
2,Payment,1764751488.968023,15478,11,1
1,NewOrder,1764751488.968934,20412,4,1
2,Payment,1764751488.968942,15670,8,1
3,OrderStatus,1764751488.968990,10546,6,1
1,NewOrder,1764751488.973265,22880,14,1
1,NewOrder,1764751488.973281,75634,9,1
1,NewOrder,1764751488.973284,19355,2,1
1,NewOrder,1764751488.979533,69261,3,1
2,Payment,1764751488.979542,69323,0,1
1,NewOrder,1764751488.979543,78169,6,1
2,Payment,1764751488.983448,65457,5,1
1,NewOrder,1764751488.983507,74321,11,1
2,Payment,1764751488.983966,64827,7,1
2,Payment,1764751488.984327,81346,13,1
1,NewOrder,1764751488.984446,77091,10,1
1,NewOrder,1764751488.984640,77195,8,1
2,Payment,1764751488.989358,76631,4,1
3,OrderStatus,1764751488.992649,65111,2,1
2,Payment,1764751488.992650,65066,1,1
1,NewOrder,1764751488.996143,65460,15,1
2,Payment,1764751488.996162,65849,14,1
2,Payment,1764751489.048810,20927,3,1
1,NewOrder,1764751489.048810,21926,7,1
2,Payment,1764751489.048810,49189,12,1
1,NewOrder,1764751489.048869,40144,0,1
1,NewOrder,1764751489.048908,48470,5,1
1,NewOrder,1764751489.048921,48999,9,1
1,NewOrder,1764751489.057724,42556,6,1
3,OrderStatus,1764751489.057724,13097,1,1
2,Payment,1764751489.057762,20892,2,1
2,Payment,1764751489.057833,20736,11,1
2,Payment,1764751489.061545,27548,10,1
1,NewOrder,1764751489.061608,35923,15,1
1,NewOrder,1764751489.061841,36459,8,1
3,OrderStatus,1764751489.062016,1082,14,1
2,Payment,1764751489.063103,34224,14,1
2,Payment,1764751489.065687,65796,13,1
1,NewOrder,1764751489.065995,46732,4,1
2,Payment,1764751489.069759,27634,3,1
1,NewOrder,1764751489.070763,41197,7,1
2,Payment,1764751489.070824,41147,1,1
1,NewOrder,1764751489.078585,34176,11,1
1,NewOrder,1764751489.078663,34075,2,1
1,NewOrder,1764751489.089028,42378,0,1
1,NewOrder,1764751489.089103,30433,10,1
1,NewOrder,1764751489.097342,34371,14,1
2,Payment,1764751489.097379,34096,5,1
2,Payment,1764751489.097401,34017,3,1
2,Payment,1764751489.097541,33918,15,1
2,Payment,1764751489.097925,33559,9,1
2,Payment,1764751489.098006,80651,12,1
1,NewOrder,1764751489.098305,74255,8,1
1,NewOrder,1764751489.100286,72306,6,1
2,Payment,1764751489.111974,25664,7,1
2,Payment,1764751489.111981,25743,1,1
2,Payment,1764751489.112732,246186,4,1
1,NewOrder,1764751489.112744,59768,2,1
1,NewOrder,1764751489.112767,59781,11,1
2,Payment,1764751489.119559,424223,10,1
2,Payment,1764751489.131421,47194,0,1
1,NewOrder,1764751489.131427,52061,3,1
1,NewOrder,1764751489.131462,78104,15,1
2,Payment,1764751489.131481,51836,5,1
4,Delivery,1764751489.131488,51903,13,1
2,Payment,1764751489.131492,49032,9,1
2,Payment,1764751489.131717,48555,14,1
3,OrderStatus,1764751489.137664,45650,7,1
1,NewOrder,1764751489.137732,45582,1,1
1,NewOrder,1764751489.172528,37958,2,1
2,Payment,1764751489.172557,18820,11,1
1,NewOrder,1764751489.172566,37020,8,1
1,NewOrder,1764751489.172598,186295,6,1
2,Payment,1764751489.178627,30902,0,1
4,Delivery,1764751489.178666,180251,12,1
2,Payment,1764751489.180278,30208,14,1
2,Payment,1764751489.180529,29965,9,1
5,StockLevel,1764751489.183322,31140,7,1
2,Payment,1764751489.183323,31150,1,1
1,NewOrder,1764751489.183323,353721,5,1
2,Payment,1764751489.183396,31071,13,1
1,NewOrder,1764751489.183491,175537,3,1
2,Payment,1764751489.191398,167528,11,1
2,Payment,1764751489.209545,334248,0,1
1,NewOrder,1764751489.209575,336636,15,1
5,StockLevel,1764751489.209591,327417,8,1
1,NewOrder,1764751489.210491,335848,14,1
2,Payment,1764751489.210499,334976,2,1
1,NewOrder,1764751489.210501,333389,9,1
2,Payment,1764751489.214473,329450,7,1
1,NewOrder,1764751489.214473,331142,13,1
1,NewOrder,1764751489.214479,329623,1,1
1,NewOrder,1764751489.358910,374074,6,1
2,Payment,1764751489.358925,188689,12,1
1,NewOrder,1764751489.358925,195300,4,1
1,NewOrder,1764751489.358932,188527,11,1
2,Payment,1764751489.359031,188402,3,1
1,NewOrder,1764751489.537025,31381,8,1
1,NewOrder,1764751489.537051,27961,5,1
5,StockLevel,1764751489.543788,21218,10,1
2,Payment,1764751489.543798,21106,0,1
1,NewOrder,1764751489.543893,202220,9,1
1,NewOrder,1764751489.543928,24665,7,1
5,StockLevel,1764751489.544106,20798,1,1
1,NewOrder,1764751489.545480,187455,2,1
2,Payment,1764751489.545618,22928,13,1
4,Delivery,1764751489.546216,200343,15,1
1,NewOrder,1764751489.546344,186534,14,1
1,NewOrder,1764751489.547437,192029,3,1
1,NewOrder,1764751489.547463,185339,11,1
1,NewOrder,1764751489.547619,198661,12,1
2,Payment,1764751489.554236,178678,4,1
1,NewOrder,1764751489.564917,187203,1,1
1,NewOrder,1764751489.564917,181332,0,1
1,NewOrder,1764751489.565008,181581,10,1
1,NewOrder,1764751489.565017,217281,5,1
2,Payment,1764751489.568413,177688,8,1
5,StockLevel,1764751489.568552,213819,13,1
2,Payment,1764751489.568595,177938,7,1
1,NewOrder,1764751489.732818,49203,11,1
2,Payment,1764751489.732881,19274,14,1
2,Payment,1764751489.732922,19185,4,1
2,Payment,1764751489.732940,49036,2,1
2,Payment,1764751489.732987,103875,6,1
2,Payment,1764751489.739475,42918,3,1
1,NewOrder,1764751489.746108,99320,8,1
1,NewOrder,1764751489.746119,105991,9,1
2,Payment,1764751489.746253,90592,0,1
2,Payment,1764751489.746283,36308,12,1
2,Payment,1764751489.746537,129849,7,1
1,NewOrder,1764751489.746565,105443,15,1
1,NewOrder,1764751489.746590,98850,10,1
1,NewOrder,1764751489.752116,99967,4,1
1,NewOrder,1764751489.752127,100064,1,1
5,StockLevel,1764751489.752160,93344,14,1
2,Payment,1764751489.781996,70005,2,1
2,Payment,1764751489.782028,70246,11,1
1,NewOrder,1764751489.782303,70051,5,1
2,Payment,1764751489.782377,69985,13,1
2,Payment,1764751489.782398,69612,3,1
2,Payment,1764751489.782596,106827,12,1
2,Payment,1764751489.836860,39609,0,1
1,NewOrder,1764751489.836880,39503,6,1
1,NewOrder,1764751489.845434,49485,8,1
3,OrderStatus,1764751489.845446,929,10,1
2,Payment,1764751489.845509,30874,14,1
2,Payment,1764751489.846379,30050,10,1
2,Payment,1764751489.852010,43256,2,1
2,Payment,1764751489.852014,549174,15,1
2,Payment,1764751489.852015,42876,3,1
2,Payment,1764751489.852087,37317,4,1
2,Payment,1764751489.852115,42997,9,1
1,NewOrder,1764751489.852194,42693,1,1
1,NewOrder,1764751489.852278,42779,11,1
1,NewOrder,1764751489.852357,44928,5,1
1,NewOrder,1764751489.852365,44567,13,1
2,Payment,1764751489.876400,20662,14,1
1,NewOrder,1764751489.876400,18557,6,1
1,NewOrder,1764751489.876400,74348,7,1
1,NewOrder,1764751489.876434,524167,10,1
2,Payment,1764751489.876474,18959,0,1
1,NewOrder,1764751489.889417,510373,4,1
1,NewOrder,1764751489.889431,517952,12,1
2,Payment,1764751489.894897,505570,1,1
2,Payment,1764751489.894898,505800,3,1
2,Payment,1764751489.894924,505963,8,1
2,Payment,1764751489.894958,506176,6,1
2,Payment,1764751489.895062,504737,11,1
1,NewOrder,1764751489.895116,512371,9,1
1,NewOrder,1764751489.895271,512106,2,1
2,Payment,1764751489.895440,505414,0,1
1,NewOrder,1764751489.896938,510690,13,1
2,Payment,1764751489.897065,683450,14,1
2,Payment,1764751489.897291,512403,5,1
2,Payment,1764751489.950770,629959,7,1
3,OrderStatus,1764751490.399813,10293,4,1
1,NewOrder,1764751490.399813,180676,11,1
1,NewOrder,1764751490.400472,195561,1,1
3,OrderStatus,1764751490.400604,2945,10,1
1,NewOrder,1764751490.400703,193828,3,1
2,Payment,1764751490.400858,179597,0,1
1,NewOrder,1764751490.400891,193645,8,1
2,Payment,1764751490.401139,213314,6,1
1,NewOrder,1764751490.401193,193376,15,1
2,Payment,1764751490.403554,176931,10,1
2,Payment,1764751490.407382,187173,2,1
2,Payment,1764751490.407388,173579,12,1
5,StockLevel,1764751490.407493,173421,9,1
2,Payment,1764751490.407631,206814,13,1
5,StockLevel,1764751490.409700,185070,5,1
5,StockLevel,1764751490.410111,184447,4,1
1,NewOrder,1764751490.580472,33974,0,1
4,Delivery,1764751490.580494,89284,10,1
1,NewOrder,1764751490.580494,89240,11,1
2,Payment,1764751490.580518,33956,14,1
5,StockLevel,1764751490.580732,33695,7,1
1,NewOrder,1764751490.580918,33537,9,1
1,NewOrder,1764751490.580971,34412,12,1
5,StockLevel,1764751490.594544,19973,3,1
1,NewOrder,1764751490.594545,79305,8,1
1,NewOrder,1764751490.594561,75174,2,1
1,NewOrder,1764751490.594563,75171,4,1
1,NewOrder,1764751490.594574,91630,15,1
1,NewOrder,1764751490.594775,74959,5,1
1,NewOrder,1764751490.596038,73843,1,1
2,Payment,1764751490.614442,71732,7,1
1,NewOrder,1764751490.614453,71770,13,1
1,NewOrder,1764751490.614453,78067,0,1
1,NewOrder,1764751490.614458,85505,6,1
1,NewOrder,1764751490.614466,78034,9,1
1,NewOrder,1764751490.614479,71750,14,1
2,Payment,1764751490.614521,71636,3,1
1,NewOrder,1764751490.615388,70844,12,1
1,NewOrder,1764751490.669750,25697,4,1
2,Payment,1764751490.669750,22765,11,1
1,NewOrder,1764751490.669750,22745,2,1
1,NewOrder,1764751490.669750,30102,5,1
1,NewOrder,1764751490.669792,22696,10,1
4,Delivery,1764751490.669884,29967,1,1
1,NewOrder,1764751490.673857,26033,8,1
4,Delivery,1764751490.686166,79501,3,1
2,Payment,1764751490.686179,13673,7,1
1,NewOrder,1764751490.686207,104438,15,1
2,Payment,1764751490.686227,13759,13,1
1,NewOrder,1764751490.686235,68586,14,1
2,Payment,1764751490.686236,80804,12,1
2,Payment,1764751490.692500,62336,10,1
1,NewOrder,1764751490.692502,4806,2,1
1,NewOrder,1764751490.692505,67820,9,1
2,Payment,1764751490.692519,62232,11,1
2,Payment,1764751490.692525,62261,0,1
2,Payment,1764751490.695453,64883,4,1
1,NewOrder,1764751490.697312,69892,2,1
2,Payment,1764751490.699857,90728,5,1
2,Payment,1764751490.699857,65750,1,1
1,NewOrder,1764751490.699859,67331,7,1
2,Payment,1764751490.699894,66768,8,1
1,NewOrder,1764751490.699968,66793,6,1
2,Payment,1764751490.699989,220481,13,1
1,NewOrder,1764751490.754767,30114,11,1
2,Payment,1764751490.754795,18543,0,1
2,Payment,1764751490.754824,18462,14,1
1,NewOrder,1764751490.754838,165485,10,1
1,NewOrder,1764751490.760334,159986,9,1
5,StockLevel,1764751490.760342,24558,4,1
1,NewOrder,1764751490.765615,154910,1,1
2,Payment,1764751490.765679,152829,3,1
2,Payment,1764751490.766667,151841,8,1
2,Payment,1764751490.766767,151841,6,1
1,NewOrder,1764751490.767045,153375,12,1
2,Payment,1764751490.767195,196487,7,1
1,NewOrder,1764751490.767208,151479,2,1
1,NewOrder,1764751490.773294,148103,14,1
3,OrderStatus,1764751490.773345,9536,0,1
2,Payment,1764751490.782891,138556,0,1
2,Payment,1764751490.784888,136580,11,1
1,NewOrder,1764751490.784907,167693,4,1
1,NewOrder,1764751490.790590,161990,5,1
5,StockLevel,1764751490.790650,142820,15,1
1,NewOrder,1764751490.918525,48360,8,1
2,Payment,1764751490.918525,34089,3,1
1,NewOrder,1764751490.918613,48282,6,1
2,Payment,1764751490.918692,34024,2,1
2,Payment,1764751490.920325,43357,9,1
1,NewOrder,1764751490.920328,46582,10,1
2,Payment,1764751490.920425,43256,12,1
1,NewOrder,1764751490.920473,46571,13,1
2,Payment,1764751490.920530,51741,1,1
1,NewOrder,1764751490.921403,45694,14,1
2,Payment,1764751490.921466,42216,0,1
1,NewOrder,1764751490.921473,49448,11,1
2,Payment,1764751490.933484,33422,15,1
4,Delivery,1764751490.952594,69454,5,1
4,Delivery,1764751490.952608,70108,4,1
2,Payment,1764751490.952618,18338,3,1
1,NewOrder,1764751490.952724,34376,2,1
1,NewOrder,1764751490.963693,51778,7,1
1,NewOrder,1764751490.963693,58236,0,1
1,NewOrder,1764751490.963693,58270,12,1
2,Payment,1764751490.963693,25651,9,1
1,NewOrder,1764751490.966891,82702,8,1
1,NewOrder,1764751490.966900,86567,6,1
4,Delivery,1764751490.966911,55003,15,1
1,NewOrder,1764751490.966916,86562,10,1
1,NewOrder,1764751490.967047,54952,13,1
2,Payment,1764751490.967101,54788,14,1
2,Payment,1764751490.970929,51173,11,1
2,Payment,1764751490.970962,50914,3,1
1,NewOrder,1764751490.972276,49653,1,1
1,NewOrder,1764751490.987110,66371,2,1
2,Payment,1764751490.989351,64115,9,1
1,NewOrder,1764751491.015485,60378,7,1
2,Payment,1764751491.021888,34780,3,1
1,NewOrder,1764751491.021896,54016,14,1
2,Payment,1764751491.021919,34889,15,1
2,Payment,1764751491.021933,53961,1,1
3,OrderStatus,1764751491.021945,34734,0,1
1,NewOrder,1764751491.021966,53927,12,1
2,Payment,1764751491.022002,53833,13,1
2,Payment,1764751491.022053,34613,5,1
1,NewOrder,1764751491.022111,65972,11,1
1,NewOrder,1764751491.022721,53138,4,1
1,NewOrder,1764751491.049609,38225,8,1
1,NewOrder,1764751491.053478,34600,6,1
2,Payment,1764751491.053479,26793,9,1
1,NewOrder,1764751491.053484,47286,10,1
2,Payment,1764751491.053486,50359,2,1
2,Payment,1764751491.056677,23599,3,1
1,NewOrder,1764751491.056677,31158,5,1
1,NewOrder,1764751491.056684,44110,0,1
2,Payment,1764751491.056814,23579,15,1
1,NewOrder,1764751491.075871,31775,4,1
1,NewOrder,1764751491.075871,39272,7,1
1,NewOrder,1764751491.075871,31828,13,1
1,NewOrder,1764751491.075898,34320,12,1
5,StockLevel,1764751491.075898,24876,1,1
1,NewOrder,1764751491.075918,39051,14,1
1,NewOrder,1764751491.080279,35041,9,1
2,Payment,1764751491.080282,27335,3,1
4,Delivery,1764751491.080398,34810,15,1
2,Payment,1764751491.087850,26949,5,1
1,NewOrder,1764751491.087864,26991,8,1
4,Delivery,1764751491.088083,26718,6,1
2,Payment,1764751491.088087,26797,11,1
1,NewOrder,1764751491.100787,75555,1,1
2,Payment,1764751491.100787,14073,10,1
2,Payment,1764751491.100800,14107,0,1
4,Delivery,1764751491.103880,153708,2,1
1,NewOrder,1764751491.107625,68107,3,1
2,Payment,1764751491.107656,68718,4,1
1,NewOrder,1764751491.107702,68570,13,1
1,NewOrder,1764751491.110225,66610,12,1
1,NewOrder,1764751491.114811,60971,6,1
1,NewOrder,1764751491.114811,61011,5,1
1,NewOrder,1764751491.114858,61139,8,1
4,Delivery,1764751491.114866,142723,10,1
1,NewOrder,1764751491.114890,61354,11,1
1,NewOrder,1764751491.114914,15029,0,1
1,NewOrder,1764751491.114971,66391,14,1
2,Payment,1764751491.115148,60527,7,1
2,Payment,1764751491.115212,60478,15,1
2,Payment,1764751491.115322,61089,9,1
2,Payment,1764751491.129952,51369,0,1
2,Payment,1764751491.175696,91278,7,1
2,Payment,1764751491.175697,91849,15,1
1,NewOrder,1764751491.175734,91371,3,1
4,Delivery,1764751491.175784,91315,6,1
3,OrderStatus,1764751491.175828,1536,5,1
2,Payment,1764751491.176000,91040,8,1
3,OrderStatus,1764751491.176252,2335,11,1
3,OrderStatus,1764751491.176276,2865,13,1
2,Payment,1764751491.176345,90760,1,1
2,Payment,1764751491.176377,90647,4,1
1,NewOrder,1764751491.176413,90615,9,1
2,Payment,1764751491.176840,90126,12,1
2,Payment,1764751491.177368,109748,5,1
1,NewOrder,1764751491.178592,88532,11,1
1,NewOrder,1764751491.179146,108295,13,1
1,NewOrder,1764751491.181326,97097,0,1
2,Payment,1764751491.181365,106224,14,1
2,Payment,1764751491.257604,29841,2,1
5,StockLevel,1764751491.257604,24033,10,1
5,StockLevel,1764751491.266981,19044,12,1
2,Payment,1764751491.266981,34444,7,1
1,NewOrder,1764751491.267026,24751,4,1
2,Payment,1764751491.267032,20072,9,1
1,NewOrder,1764751491.267045,33472,8,1
2,Payment,1764751491.267104,18874,6,1
1,NewOrder,1764751491.267107,20082,1,1
4,Delivery,1764751491.267108,37019,3,1
1,NewOrder,1764751491.267126,20433,11,1
1,NewOrder,1764751491.267549,33023,15,1
1,NewOrder,1764751491.278438,22227,0,1
2,Payment,1764751491.281662,20206,10,1
2,Payment,1764751491.285992,99135,6,1
1,NewOrder,1764751491.286033,18089,12,1
3,OrderStatus,1764751491.287109,1251,9,1
1,NewOrder,1764751491.287121,36370,5,1
5,StockLevel,1764751491.287194,13720,1,1
2,Payment,1764751491.287446,13394,13,1
4,Delivery,1764751491.287450,65048,2,1
2,Payment,1764751491.287565,13179,11,1
2,Payment,1764751491.287597,13882,14,1
2,Payment,1764751491.288366,58802,9,1
1,NewOrder,1764751491.291787,55381,4,1
2,Payment,1764751491.300535,46999,8,1
5,StockLevel,1764751491.300580,46588,15,1
2,Payment,1764751491.300671,46603,0,1
2,Payment,1764751491.300747,46830,11,1
2,Payment,1764751491.300846,46349,13,1
2,Payment,1764751491.300919,46559,1,1
2,Payment,1764751491.301430,46207,7,1
1,NewOrder,1764751491.301484,45900,14,1
1,NewOrder,1764751491.301873,45319,10,1
2,Payment,1764751491.304128,76665,12,1
1,NewOrder,1764751491.304140,48301,3,1
2,Payment,1764751491.323505,28937,5,1
1,NewOrder,1764751491.347186,64851,15,1
2,Payment,1764751491.347186,33587,9,1
5,StockLevel,1764751491.347186,33677,4,1
1,NewOrder,1764751491.347197,69335,10,1
1,NewOrder,1764751491.347201,37733,13,1
4,Delivery,1764751491.347287,86916,0,1
1,NewOrder,1764751491.347397,37568,14,1
2,Payment,1764751491.347482,37264,1,1
2,Payment,1764751491.347538,37397,8,1
2,Payment,1764751491.347596,37137,11,1
1,NewOrder,1764751491.347642,37277,7,1
2,Payment,1764751491.352452,33117,3,1
2,Payment,1764751491.352456,59555,5,1
2,Payment,1764751491.352503,86334,2,1
2,Payment,1764751491.380789,53406,9,1
1,NewOrder,1764751491.380801,75415,12,1
2,Payment,1764751491.380866,75201,4,1
1,NewOrder,1764751491.384746,54369,11,1
1,NewOrder,1764751491.384753,54152,1,1
5,StockLevel,1764751491.384923,54021,7,1
1,NewOrder,1764751491.384939,54151,13,1
2,Payment,1764751491.384940,54116,8,1
3,OrderStatus,1764751491.384967,1783,14,1
2,Payment,1764751491.385132,53766,6,1
5,StockLevel,1764751491.385574,53295,3,1
3,OrderStatus,1764751491.386758,1118,14,1
2,Payment,1764751491.387880,51218,14,1
3,OrderStatus,1764751491.412034,27015,5,1
3,OrderStatus,1764751491.412045,26931,15,1
1,NewOrder,1764751491.416539,43619,10,1
3,OrderStatus,1764751491.434212,22958,9,1
5,StockLevel,1764751491.434213,22972,0,1
2,Payment,1764751491.438847,20938,2,1
1,NewOrder,1764751491.438878,32009,3,1
1,NewOrder,1764751491.438903,20444,6,1
2,Payment,1764751491.438910,49285,1,1
2,Payment,1764751491.438946,20327,7,1
1,NewOrder,1764751491.438981,20210,15,1
2,Payment,1764751491.439052,58072,5,1
1,NewOrder,1764751491.439061,37850,8,1
1,NewOrder,1764751491.439094,20478,13,1
2,Payment,1764751491.439103,21121,14,1
1,NewOrder,1764751491.439117,37737,11,1
2,Payment,1764751491.456082,20991,4,1
2,Payment,1764751491.456226,20810,12,1
1,NewOrder,1764751491.457176,24848,9,1
1,NewOrder,1764751491.457191,25072,0,1
5,StockLevel,1764751491.459199,22527,15,1
3,OrderStatus,1764751491.459279,1110,7,1
1,NewOrder,1764751491.459353,22677,6,1
1,NewOrder,1764751491.459577,47519,13,1
2,Payment,1764751491.459791,47335,2,1
1,NewOrder,1764751491.460163,28208,10,1
1,NewOrder,1764751491.460230,28270,14,1
1,NewOrder,1764751491.460394,27887,7,1
1,NewOrder,1764751491.470901,26216,3,1
1,NewOrder,1764751491.476868,21461,11,1
1,NewOrder,1764751491.476919,30209,8,1
1,NewOrder,1764751491.477044,24043,12,1
1,NewOrder,1764751491.477078,30022,4,1
1,NewOrder,1764751491.481739,19399,15,1
1,NewOrder,1764751491.482031,17546,9,1
2,Payment,1764751491.482036,17531,6,1
2,Payment,1764751491.482268,14913,0,1
1,NewOrder,1764751491.488207,22763,1,1
1,NewOrder,1764751491.488289,31495,7,1
1,NewOrder,1764751491.488376,25266,10,1
1,NewOrder,1764751491.488504,22032,14,1
2,Payment,1764751491.497128,16338,3,1
2,Payment,1764751491.497131,13415,5,1
1,NewOrder,1764751491.497184,19701,0,1
2,Payment,1764751491.498334,15030,11,1
2,Payment,1764751491.499572,13796,6,1
2,Payment,1764751491.499583,13947,9,1
2,Payment,1764751491.501092,12439,12,1
1,NewOrder,1764751491.501143,20373,15,1
2,Payment,1764751491.507107,37208,13,1
1,NewOrder,1764751491.507108,29172,4,1
2,Payment,1764751491.507131,14407,2,1
2,Payment,1764751491.507133,12724,8,1
2,Payment,1764751491.510546,10905,14,1
2,Payment,1764751491.510553,13134,5,1
2,Payment,1764751491.510975,25574,1,1
2,Payment,1764751491.513375,14026,11,1
2,Payment,1764751491.513377,8133,6,1
4,Delivery,1764751491.513471,41990,3,1
2,Payment,1764751491.513534,13871,12,1
2,Payment,1764751491.513539,13869,9,1
1,NewOrder,1764751491.513647,22460,10,1
5,StockLevel,1764751491.516899,1725,0,1
1,NewOrder,1764751491.518634,30658,0,1
1,NewOrder,1764751491.519792,52145,7,1
2,Payment,1764751491.519863,11369,8,1
2,Payment,1764751491.521457,14577,14,1
1,NewOrder,1764751491.521515,28721,6,1
2,Payment,1764751491.521519,30179,15,1
2,Payment,1764751491.521543,30232,2,1
5,StockLevel,1764751491.523693,12584,5,1
2,Payment,1764751491.527408,12290,11,1
2,Payment,1764751491.527411,28322,12,1
2,Payment,1764751491.527412,16896,9,1
2,Payment,1764751491.531238,18050,8,1
2,Payment,1764751491.536042,33150,14,1
2,Payment,1764751491.536111,35888,10,1
2,Payment,1764751491.536284,15612,5,1
1,NewOrder,1764751491.536286,19145,4,1
1,NewOrder,1764751491.536554,26288,1,1
1,NewOrder,1764751491.539705,23113,11,1
2,Payment,1764751491.544321,11202,9,1
1,NewOrder,1764751491.544323,24853,13,1
3,OrderStatus,1764751491.549298,1084,8,1
1,NewOrder,1764751491.549299,26342,0,1
2,Payment,1764751491.550241,18936,6,1
1,NewOrder,1764751491.550387,21604,8,1
3,OrderStatus,1764751491.551704,1302,15,1
1,NewOrder,1764751491.551781,24031,2,1
1,NewOrder,1764751491.551899,32395,5,1
5,StockLevel,1764751491.553011,16437,15,1
2,Payment,1764751491.555438,16457,4,1
3,OrderStatus,1764751491.555466,3210,3,1
2,Payment,1764751491.555524,55389,9,1
3,OrderStatus,1764751491.555738,16182,12,1
1,NewOrder,1764751491.558683,49361,3,1
1,NewOrder,1764751491.562825,49160,11,1
1,NewOrder,1764751491.562844,47810,1,1
1,NewOrder,1764751491.569190,40205,13,1
2,Payment,1764751491.569190,39825,6,1
1,NewOrder,1764751491.569199,42041,14,1
1,NewOrder,1764751491.569454,42724,15,1
2,Payment,1764751491.571902,36604,4,1
2,Payment,1764751491.571921,36460,12,1
1,NewOrder,1764751491.571943,52837,7,1
2,Payment,1764751491.571993,36227,8,1
2,Payment,1764751491.572004,52712,10,1
2,Payment,1764751491.575655,33911,0,1
1,NewOrder,1764751491.575818,35117,2,1
5,StockLevel,1764751491.584303,25567,5,1
1,NewOrder,1764751491.608064,37051,3,1
1,NewOrder,1764751491.608227,21496,8,1
2,Payment,1764751491.608390,21304,12,1
4,Delivery,1764751491.608512,21420,4,1
1,NewOrder,1764751491.609019,30415,6,1
1,NewOrder,1764751491.609401,30327,13,1
2,Payment,1764751491.609572,15139,0,1
2,Payment,1764751491.609875,19809,5,1
4,Delivery,1764751491.610663,28899,1,1
2,Payment,1764751491.610917,40093,9,1
2,Payment,1764751491.610937,25846,2,1
2,Payment,1764751491.611245,33722,14,1
2,Payment,1764751491.611991,18575,11,1
2,Payment,1764751491.612182,17536,15,1
2,Payment,1764751491.624725,14722,10,1
1,NewOrder,1764751491.624726,22471,0,1
2,Payment,1764751491.624785,14684,7,1
1,NewOrder,1764751491.629691,15278,5,1
1,NewOrder,1764751491.629700,28919,12,1
1,NewOrder,1764751491.629723,21301,15,1
1,NewOrder,1764751491.629729,21582,8,1
2,Payment,1764751491.629935,15011,4,1
1,NewOrder,1764751491.630571,20452,11,1
3,OrderStatus,1764751491.636793,10381,2,1
1,NewOrder,1764751491.639442,19191,6,1
1,NewOrder,1764751491.639453,23071,10,1
1,NewOrder,1764751491.639474,22933,7,1
2,Payment,1764751491.639568,16034,1,1
2,Payment,1764751491.639732,13616,13,1
4,Delivery,1764751491.644957,21265,4,1
1,NewOrder,1764751491.644972,21227,14,1
2,Payment,1764751491.644974,17407,5,1
1,NewOrder,1764751491.645117,23522,3,1
2,Payment,1764751491.647180,21389,2,1
2,Payment,1764751491.647202,16971,0,1
2,Payment,1764751491.651017,15166,9,1
1,NewOrder,1764751491.651028,23471,11,1
2,Payment,1764751491.651030,15198,15,1
1,NewOrder,1764751491.651315,23733,8,1
2,Payment,1764751491.653354,12975,13,1
1,NewOrder,1764751491.655608,19389,1,1
1,NewOrder,1764751491.658624,32828,12,1
2,Payment,1764751491.658638,10019,6,1
1,NewOrder,1764751491.662408,33394,5,1
1,NewOrder,1764751491.662413,37041,7,1
2,Payment,1764751491.662527,28688,10,1
4,Delivery,1764751491.664180,37750,0,1
2,Payment,1764751491.666188,9909,9,1
1,NewOrder,1764751491.666205,25045,14,1
1,NewOrder,1764751491.666227,32323,4,1
2,Payment,1764751491.666232,9895,15,1
2,Payment,1764751491.666334,11363,13,1
1,NewOrder,1764751491.668576,22639,2,1
1,NewOrder,1764751491.668644,27048,3,1
4,Delivery,1764751491.668662,22606,6,1
2,Payment,1764751491.674509,17737,11,1
4,Delivery,1764751491.675003,20690,1,1
1,NewOrder,1764751491.675054,23615,8,1
4,Delivery,1764751491.676101,19660,9,1
1,NewOrder,1764751491.676132,19560,15,1
2,Payment,1764751491.677702,17996,13,1
1,NewOrder,1764751491.691231,32259,2,1
2,Payment,1764751491.691231,12664,10,1
2,Payment,1764751491.691255,14845,14,1
1,NewOrder,1764751491.691273,23684,6,1
1,NewOrder,1764751491.691460,32255,12,1
1,NewOrder,1764751491.692265,31310,11,1
4,Delivery,1764751491.695700,38246,3,1
1,NewOrder,1764751491.695701,23969,1,1
1,NewOrder,1764751491.695701,39242,15,1
1,NewOrder,1764751491.695704,10480,13,1
5,StockLevel,1764751491.695767,16121,9,1
4,Delivery,1764751491.695804,34299,5,1
1,NewOrder,1764751491.698557,29062,4,1
1,NewOrder,1764751491.698674,28944,8,1
2,Payment,1764751491.699461,15505,7,1
2,Payment,1764751491.702051,17482,0,1
2,Payment,1764751491.703901,15688,10,1
1,NewOrder,1764751491.706105,21539,14,1
4,Delivery,1764751491.706188,32046,13,1
2,Payment,1764751491.711895,22125,9,1
4,Delivery,1764751491.714965,22275,6,1
1,NewOrder,1764751491.714972,20258,7,1
1,NewOrder,1764751491.719539,18568,0,1
2,Payment,1764751491.719594,32584,10,1
2,Payment,1764751491.719677,15245,1,1
1,NewOrder,1764751491.723501,35472,2,1
1,NewOrder,1764751491.723582,30787,11,1
1,NewOrder,1764751491.723721,20389,12,1
2,Payment,1764751491.727623,14308,8,1
2,Payment,1764751491.727626,14354,4,1
1,NewOrder,1764751491.727650,16467,14,1
1,NewOrder,1764751491.730109,31930,5,1
1,NewOrder,1764751491.733957,27117,3,1
5,StockLevel,1764751491.734025,10135,9,1
1,NewOrder,1764751491.734927,24944,1,1
2,Payment,1764751491.734948,17219,15,1
1,NewOrder,1764751491.735235,19166,7,1
2,Payment,1764751491.737245,15026,6,1
2,Payment,1764751491.738117,16409,0,1
3,OrderStatus,1764751491.738240,13931,13,1
3,OrderStatus,1764751491.741936,17027,8,1
4,Delivery,1764751491.741985,19979,4,1
2,Payment,1764751491.744115,15703,12,1
1,NewOrder,1764751491.744122,26946,14,1
1,NewOrder,1764751491.744161,26886,9,1
2,Payment,1764751491.752173,14398,15,1
2,Payment,1764751491.752178,18896,13,1
1,NewOrder,1764751491.752183,18918,10,1
2,Payment,1764751491.752276,9696,6,1
2,Payment,1764751491.754375,13931,11,1
1,NewOrder,1764751491.754403,23865,7,1
1,NewOrder,1764751491.754531,23592,0,1
1,NewOrder,1764751491.758974,19153,8,1
2,Payment,1764751491.758981,12089,2,1
1,NewOrder,1764751491.759824,21376,12,1
2,Payment,1764751491.759876,21713,1,1
1,NewOrder,1764751491.761079,18594,3,1
1,NewOrder,1764751491.761969,19563,4,1
2,Payment,1764751491.761976,13706,6,1
2,Payment,1764751491.762045,13601,5,1
2,Payment,1764751491.766578,13066,15,1
1,NewOrder,1764751491.768312,20610,11,1
2,Payment,1764751491.771053,10218,9,1
1,NewOrder,1764751491.771074,31691,14,1
5,StockLevel,1764751491.771076,10348,2,1
2,Payment,1764751491.771077,10305,13,1
2,Payment,1764751491.771106,25608,10,1
1,NewOrder,1764751491.775657,21104,5,1
1,NewOrder,1764751491.775689,20976,6,1
1,NewOrder,1764751491.778132,24597,0,1
1,NewOrder,1764751491.778133,18035,8,1
1,NewOrder,1764751491.778274,24577,7,1
2,Payment,1764751491.779648,13045,15,1
1,NewOrder,1764751491.779678,23028,3,1
1,NewOrder,1764751491.781205,20392,12,1
1,NewOrder,1764751491.781276,25201,9,1
2,Payment,1764751491.781387,14781,13,1
1,NewOrder,1764751491.781429,20516,2,1
2,Payment,1764751491.781535,15063,4,1
1,NewOrder,1764751491.781594,19992,1,1
1,NewOrder,1764751491.788935,17545,11,1
1,NewOrder,1764751491.792704,25443,15,1
1,NewOrder,1764751491.796176,22096,13,1
2,Payment,1764751491.796178,14353,8,1
1,NewOrder,1764751491.796603,29940,4,1
1,NewOrder,1764751491.796670,21411,6,1
1,NewOrder,1764751491.796720,24481,10,1
1,NewOrder,1764751491.796766,24250,5,1
2,Payment,1764751491.801593,16545,1,1
2,Payment,1764751491.801602,16480,12,1
1,NewOrder,1764751491.801951,24578,2,1
2,Payment,1764751491.802712,16057,3,1
1,NewOrder,1764751491.802734,32247,0,1
1,NewOrder,1764751491.802771,23847,14,1
2,Payment,1764751491.802853,18297,7,1
2,Payment,1764751491.806487,14715,9,1
1,NewOrder,1764751491.806488,30967,11,1
1,NewOrder,1764751491.810540,24428,8,1
2,Payment,1764751491.818094,14762,12,1
1,NewOrder,1764751491.818094,21630,6,1
1,NewOrder,1764751491.818144,19338,1,1
1,NewOrder,1764751491.818152,36295,15,1
2,Payment,1764751491.818280,28246,13,1
1,NewOrder,1764751491.818775,18780,3,1
2,Payment,1764751491.821023,13985,5,1
2,Payment,1764751491.821156,13857,7,1
1,NewOrder,1764751491.821206,26048,10,1
2,Payment,1764751491.821208,15617,9,1
2,Payment,1764751491.826541,12945,2,1
1,NewOrder,1764751491.826550,33214,4,1
1,NewOrder,1764751491.826623,27819,14,1
2,Payment,1764751491.832863,29832,12,1
1,NewOrder,1764751491.834975,24729,8,1
2,Payment,1764751491.834988,15791,0,1
1,NewOrder,1764751491.835010,27544,5,1
4,Delivery,1764751491.835019,36130,7,1
1,NewOrder,1764751491.836832,29816,9,1
1,NewOrder,1764751491.837462,25221,11,1
1,NewOrder,1764751491.837488,25019,1,1
1,NewOrder,1764751491.837560,24938,3,1
2,Payment,1764751491.839492,20225,2,1
2,Payment,1764751491.839729,19985,6,1
1,NewOrder,1764751491.846535,30414,13,1
1,NewOrder,1764751491.847262,19459,10,1
1,NewOrder,1764751491.850806,29871,0,1
2,Payment,1764751491.854450,12327,14,1
1,NewOrder,1764751491.854455,30734,15,1
2,Payment,1764751491.859712,11405,8,1
1,NewOrder,1764751491.859721,32269,6,1
2,Payment,1764751491.859724,11459,2,1
2,Payment,1764751491.859771,17106,4,1
2,Payment,1764751491.862506,14381,3,1
2,Payment,1764751491.862514,25947,1,1
4,Delivery,1764751491.862557,40315,5,1
5,StockLevel,1764751491.862690,14416,11,1
1,NewOrder,1764751491.862699,25881,12,1
2,Payment,1764751491.866655,18580,9,1
2,Payment,1764751491.866727,34406,10,1
1,NewOrder,1764751491.866782,25340,14,1
2,Payment,1764751491.871125,14506,8,1
1,NewOrder,1764751491.871156,27678,7,1
4,Delivery,1764751491.871188,31520,2,1
2,Payment,1764751491.876884,15173,4,1
1,NewOrder,1764751491.876893,26129,3,1
1,NewOrder,1764751491.876955,25967,13,1
4,Delivery,1764751491.877112,39223,11,1
2,Payment,1764751491.880687,18140,0,1
5,StockLevel,1764751491.885200,15540,15,1
2,Payment,1764751491.885243,35822,9,1
1,NewOrder,1764751491.885637,35404,8,1
2,Payment,1764751491.888468,14296,1,1
1,NewOrder,1764751491.888586,22615,12,1
2,Payment,1764751491.891997,14265,6,1
2,Payment,1764751491.892063,13807,4,1
1,NewOrder,1764751491.892125,24515,14,1
2,Payment,1764751491.898838,18098,0,1
1,NewOrder,1764751491.898841,28190,7,1
1,NewOrder,1764751491.900748,22572,15,1
2,Payment,1764751491.901139,35405,10,1
1,NewOrder,1764751491.902716,24321,2,1
2,Payment,1764751491.902770,18263,1,1
1,NewOrder,1764751491.902877,33699,5,1
1,NewOrder,1764751491.902928,24114,13,1
1,NewOrder,1764751491.903026,26397,3,1
1,NewOrder,1764751491.905880,23850,4,1
1,NewOrder,1764751491.906269,20785,6,1
1,NewOrder,1764751491.911212,29653,12,1
2,Payment,1764751491.916347,10717,11,1
2,Payment,1764751491.916650,12816,14,1
5,StockLevel,1764751491.916943,12681,0,1
1,NewOrder,1764751491.921041,26694,1,1
1,NewOrder,1764751491.921049,25866,8,1
4,Delivery,1764751491.921070,23497,9,1
5,StockLevel,1764751491.923326,2721,15,1
2,Payment,1764751491.926076,20694,15,1
2,Payment,1764751491.927038,16696,7,1
1,NewOrder,1764751491.927044,19735,2,1
2,Payment,1764751491.927048,16681,13,1
1,NewOrder,1764751491.927061,28481,6,1
3,OrderStatus,1764751491.927069,13874,11,1
2,Payment,1764751491.929429,14319,3,1
1,NewOrder,1764751491.929472,21101,14,1
1,NewOrder,1764751491.929631,25828,0,1
1,NewOrder,1764751491.929736,17030,4,1
1,NewOrder,1764751491.936553,21984,10,1
2,Payment,1764751491.936584,11115,5,1
2,Payment,1764751491.940875,17714,12,1
1,NewOrder,1764751491.940953,23876,11,1
1,NewOrder,1764751491.943739,21026,13,1
2,Payment,1764751491.943741,12200,7,1
3,OrderStatus,1764751491.943754,9672,3,1
2,Payment,1764751491.944574,14006,9,1
1,NewOrder,1764751491.946773,27768,4,1
1,NewOrder,1764751491.946777,35454,15,1
1,NewOrder,1764751491.946785,30833,2,1
1,NewOrder,1764751491.946919,30697,8,1
2,Payment,1764751491.947705,14489,5,1
1,NewOrder,1764751491.947741,30610,1,1
1,NewOrder,1764751491.950580,23351,14,1
2,Payment,1764751491.953433,11412,3,1
1,NewOrder,1764751491.955466,26094,0,1
2,Payment,1764751491.955549,22067,6,1
3,OrderStatus,1764751491.955950,17817,7,1
1,NewOrder,1764751491.958543,22978,10,1
1,NewOrder,1764751491.958586,33029,9,1
1,NewOrder,1764751491.958592,22830,12,1
1,NewOrder,1764751491.962201,22418,5,1
4,Delivery,1764751491.964771,38707,13,1
2,Payment,1764751491.964831,17453,11,1
1,NewOrder,1764751491.964852,30458,3,1
1,NewOrder,1764751491.973781,32784,7,1
1,NewOrder,1764751491.973935,32820,14,1
2,Payment,1764751491.974548,17081,4,1
1,NewOrder,1764751491.977622,25870,8,1
2,Payment,1764751491.977624,14925,6,1
1,NewOrder,1764751491.977625,29240,2,1
1,NewOrder,1764751491.978357,25185,1,1
2,Payment,1764751491.981429,15127,12,1
1,NewOrder,1764751491.981527,25106,10,1
2,Payment,1764751491.981566,13765,0,1
1,NewOrder,1764751491.982236,24303,15,1
1,NewOrder,1764751491.982287,27613,11,1
2,Payment,1764751491.984626,21974,5,1
2,Payment,1764751491.991625,14944,9,1
2,Payment,1764751491.991637,29466,4,1
2,Payment,1764751491.992556,14125,6,1
1,NewOrder,1764751491.995318,21711,3,1
1,NewOrder,1764751491.995340,21724,0,1
1,NewOrder,1764751491.996563,20631,12,1
2,Payment,1764751492.003488,13762,13,1
2,Payment,1764751492.003500,13537,8,1
1,NewOrder,1764751492.003545,32200,1,1
4,Delivery,1764751492.006550,36026,15,1
1,NewOrder,1764751492.006573,24752,7,1
2,Payment,1764751492.006576,14466,9,1
2,Payment,1764751492.006607,33645,5,1
5,StockLevel,1764751492.006639,14284,10,1
2,Payment,1764751492.006687,19043,6,1
1,NewOrder,1764751492.006759,33418,14,1
5,StockLevel,1764751492.006871,14081,2,1
2,Payment,1764751492.009907,15866,11,1
2,Payment,1764751492.017036,18229,3,1
1,NewOrder,1764751492.017043,575509,8,1
1,NewOrder,1764751492.017066,575594,0,1
4,Delivery,1764751492.017200,25457,12,1
1,NewOrder,1764751492.017256,575418,13,1
1,NewOrder,1764751492.020930,247535,10,1
1,NewOrder,1764751492.020958,247761,2,1
1,NewOrder,1764751492.021049,21658,9,1
1,NewOrder,1764751492.021109,247358,4,1
1,NewOrder,1764751492.025739,679333,6,1
2,Payment,1764751492.025775,16700,11,1
1,NewOrder,1764751492.031336,237338,7,1
1,NewOrder,1764751492.035276,669760,3,1
2,Payment,1764751492.035754,556861,1,1
2,Payment,1764751492.040189,664829,14,1
2,Payment,1764751492.040263,664756,5,1
2,Payment,1764751492.042486,662533,11,1
2,Payment,1764751492.042583,737540,15,1
5,StockLevel,1764751492.042663,662355,12,1
1,NewOrder,1764751492.042713,662505,9,1
3,OrderStatus,1764751492.268482,440677,10,1
1,NewOrder,1764751492.268482,530117,4,1
2,Payment,1764751492.268678,440436,7,1
1,NewOrder,1764751492.268724,443777,2,1
1,NewOrder,1764751492.592567,120125,8,1
2,Payment,1764751492.592617,119761,1,1
1,NewOrder,1764751492.592661,119878,0,1
2,Payment,1764751492.592682,120068,13,1
2,Payment,1764751492.705035,75109,5,1
1,NewOrder,1764751492.705035,89721,14,1
1,NewOrder,1764751492.705035,93476,11,1
1,NewOrder,1764751492.705038,93512,12,1
1,NewOrder,1764751492.705043,93524,3,1
2,Payment,1764751492.705074,89670,6,1
2,Payment,1764751492.705223,74873,9,1
1,NewOrder,1764751492.709122,89632,7,1
1,NewOrder,1764751492.709164,154627,10,1
1,NewOrder,1764751492.712385,86452,1,1
2,Payment,1764751492.712507,82303,2,1
1,NewOrder,1764751492.712542,85999,0,1
2,Payment,1764751492.712697,82106,8,1
1,NewOrder,1764751492.712755,85910,13,1
1,NewOrder,1764751492.780113,83855,9,1
1,NewOrder,1764751492.780131,83671,15,1
1,NewOrder,1764751492.780149,83647,5,1
1,NewOrder,1764751492.794756,78568,6,1
2,Payment,1764751492.794764,74352,14,1
1,NewOrder,1764751492.794815,75660,8,1
2,Payment,1764751492.794816,73310,2,1
1,NewOrder,1764751492.798520,70555,11,1
1,NewOrder,1764751492.798547,74196,0,1
2,Payment,1764751492.798555,69651,12,1
4,Delivery,1764751492.798572,83173,3,1
2,Payment,1764751492.798604,69522,4,1
1,NewOrder,1764751492.798667,70293,13,1
1,NewOrder,1764751492.798759,69583,7,1
2,Payment,1764751492.798841,104640,1,1
1,NewOrder,1764751492.863807,46078,10,1
2,Payment,1764751492.863807,39669,5,1
2,Payment,1764751492.863807,39726,15,1
1,NewOrder,1764751492.863973,45838,9,1
1,NewOrder,1764751492.868132,42645,2,1
1,NewOrder,1764751492.868133,41725,4,1
2,Payment,1764751492.868211,35492,12,1
1,NewOrder,1764751492.868345,41572,7,1
2,Payment,1764751492.868965,115307,13,1
5,StockLevel,1764751492.869078,34321,11,1
1,NewOrder,1764751492.869126,34521,14,1
3,OrderStatus,1764751492.870480,625,8,1
2,Payment,1764751492.871110,32278,8,1
1,NewOrder,1764751492.872748,37121,0,1
5,StockLevel,1764751492.873329,30369,6,1
2,Payment,1764751492.881761,28272,3,1
1,NewOrder,1764751492.903404,80790,8,1
3,OrderStatus,1764751492.903406,1432,11,1
2,Payment,1764751492.903479,80644,5,1
1,NewOrder,1764751492.903487,94307,1,1
1,NewOrder,1764751492.903539,91807,15,1
2,Payment,1764751492.903662,80538,14,1
1,NewOrder,1764751492.903705,94134,6,1
1,NewOrder,1764751492.903707,94070,12,1
4,Delivery,1764751492.904842,90826,11,1
2,Payment,1764751492.909817,85558,9,1
5,StockLevel,1764751492.909863,85526,4,1
1,NewOrder,1764751492.909874,97341,0,1
2,Payment,1764751492.909891,110271,10,1
4,Delivery,1764751492.909919,83527,7,1
1,NewOrder,1764751492.910036,83409,3,1
2,Payment,1764751492.910782,87837,2,1
3,OrderStatus,1764751492.984138,18657,5,1
2,Payment,1764751492.984203,22650,8,1
2,Payment,1764751492.984206,22607,14,1
1,NewOrder,1764751492.984276,29099,13,1
5,StockLevel,1764751492.993455,19907,3,1
1,NewOrder,1764751492.993456,26729,7,1
1,NewOrder,1764751492.995351,49897,15,1
1,NewOrder,1764751492.995376,27736,9,1
3,OrderStatus,1764751492.995395,18001,4,1
1,NewOrder,1764751492.995673,24295,11,1
5,StockLevel,1764751492.997783,15540,12,1
5,StockLevel,1764751492.997799,15574,1,1
2,Payment,1764751492.997840,22557,6,1
1,NewOrder,1764751492.998625,29463,2,1
1,NewOrder,1764751493.002801,33477,5,1
2,Payment,1764751493.006820,16432,14,1
1,NewOrder,1764751493.006859,36344,8,1
5,StockLevel,1764751493.007220,15979,0,1
5,StockLevel,1764751493.013334,14716,12,1
1,NewOrder,1764751493.013363,22900,3,1
1,NewOrder,1764751493.013381,29894,1,1
1,NewOrder,1764751493.013381,31596,13,1
1,NewOrder,1764751493.013398,23028,4,1
5,StockLevel,1764751493.019979,18011,11,1
1,NewOrder,1764751493.020168,24639,10,1
1,NewOrder,1764751493.020190,22382,7,1
2,Payment,1764751493.020401,22141,6,1
3,OrderStatus,1764751493.023119,1865,9,1
2,Payment,1764751493.023205,19338,0,1
1,NewOrder,1764751493.023254,31114,14,1
2,Payment,1764751493.024989,17679,9,1
1,NewOrder,1764751493.028056,29791,12,1
2,Payment,1764751493.028094,17116,2,1
1,NewOrder,1764751493.036270,104275,3,1
2,Payment,1764751493.036284,18039,5,1
3,OrderStatus,1764751493.036431,4261,4,1
1,NewOrder,1764751493.037996,19924,11,1
1,NewOrder,1764751493.040701,105460,4,1
2,Payment,1764751493.042549,15322,0,1
1,NewOrder,1764751493.042550,97978,6,1
2,Payment,1764751493.042578,15303,7,1
1,NewOrder,1764751493.042672,18541,9,1
2,Payment,1764751493.043207,14947,8,1
2,Payment,1764751493.043280,102772,1,1
1,NewOrder,1764751493.044813,95725,10,1
1,NewOrder,1764751493.044982,97411,13,1
2,Payment,1764751493.045215,12971,2,1
1,NewOrder,1764751493.045254,97132,15,1
2,Payment,1764751493.054332,88052,5,1
1,NewOrder,1764751493.054375,91799,14,1
2,Payment,1764751493.057856,88184,12,1
3,OrderStatus,1764751493.057877,84519,0,1
2,Payment,1764751493.057886,88233,7,1
1,NewOrder,1764751493.057926,93710,11,1
1,NewOrder,1764751493.058158,101350,8,1
2,Payment,1764751493.058189,105957,2,1
1,NewOrder,1764751493.061235,85081,9,1
2,Payment,1764751493.140544,162011,6,1
5,StockLevel,1764751493.140549,18910,10,1
1,NewOrder,1764751493.140550,143824,3,1
1,NewOrder,1764751493.142391,141968,5,1
2,Payment,1764751493.142392,17109,15,1
4,Delivery,1764751493.142399,160042,13,1
1,NewOrder,1764751493.142401,25171,0,1
1,NewOrder,1764751493.146061,152951,1,1
1,NewOrder,1764751493.146064,152959,12,1
2,Payment,1764751493.146124,18018,7,1
2,Payment,1764751493.146164,17983,4,1
5,StockLevel,1764751493.146178,17973,14,1
2,Payment,1764751493.146320,21253,9,1
4,Delivery,1764751493.151643,152571,11,1
1,NewOrder,1764751493.159466,155407,10,1
2,Payment,1764751493.159504,139522,15,1
1,NewOrder,1764751493.159514,154873,8,1
1,NewOrder,1764751493.164147,140146,7,1
2,Payment,1764751493.164151,138578,2,1
2,Payment,1764751493.164153,138270,4,1
2,Payment,1764751493.164156,663101,14,1
1,NewOrder,1764751493.167579,136085,9,1
5,StockLevel,1764751493.167581,135998,0,1
1,NewOrder,1764751493.284377,489253,5,1
4,Delivery,1764751493.284383,485337,3,1
1,NewOrder,1764751493.299023,470877,1,1
2,Payment,1764751493.299029,186334,12,1
2,Payment,1764751493.299032,186360,15,1
2,Payment,1764751493.302429,467350,4,1
2,Payment,1764751493.302446,524756,13,1
1,NewOrder,1764751493.302557,524657,6,1
2,Payment,1764751493.302734,467027,2,1
2,Payment,1764751493.303584,466357,0,1
1,NewOrder,1764751493.303670,470153,9,1
1,NewOrder,1764751493.304220,466128,11,1
1,NewOrder,1764751493.304295,466181,7,1
1,NewOrder,1764751493.314402,512773,8,1
2,Payment,1764751493.315085,458688,10,1
1,NewOrder,1764751493.485380,342004,12,1
1,NewOrder,1764751493.485400,341814,15,1
4,Delivery,1764751493.769736,151104,3,1
1,NewOrder,1764751493.769769,120325,2,1
3,OrderStatus,1764751493.769782,79999,4,1
2,Payment,1764751493.769905,119940,1,1
2,Payment,1764751493.769947,119742,0,1
2,Payment,1764751493.770352,79427,11,1
1,NewOrder,1764751493.770481,132581,7,1
2,Payment,1764751493.773636,116343,5,1
1,NewOrder,1764751493.773777,116484,10,1
2,Payment,1764751493.773827,115883,9,1
1,NewOrder,1764751493.827190,62782,8,1
1,NewOrder,1764751493.827211,62482,13,1
5,StockLevel,1764751493.827220,62679,15,1
1,NewOrder,1764751493.827221,17523,6,1
2,Payment,1764751493.827262,62485,14,1
2,Payment,1764751493.827389,62409,12,1
1,NewOrder,1764751493.844750,76134,6,1
2,Payment,1764751493.849793,80658,4,1
1,NewOrder,1764751493.849793,71068,11,1
2,Payment,1764751493.889705,40697,0,1
4,Delivery,1764751493.889705,232122,13,1
2,Payment,1764751493.889715,40688,9,1
1,NewOrder,1764751493.889748,231658,14,1
5,StockLevel,1764751493.889803,40531,12,1
1,NewOrder,1764751493.889850,231452,1,1
1,NewOrder,1764751493.889901,231476,15,1
1,NewOrder,1764751493.889975,231371,8,1
1,NewOrder,1764751493.889984,295160,5,1
2,Payment,1764751493.890097,40232,2,1
2,Payment,1764751493.890266,317952,10,1
1,NewOrder,1764751493.903075,282060,7,1
2,Payment,1764751493.920855,287468,3,1
1,NewOrder,1764751493.920868,287640,11,1
2,Payment,1764751493.920890,287324,6,1
1,NewOrder,1764751493.930340,294841,2,1
2,Payment,1764751493.930341,277877,12,1
4,Delivery,1764751493.930408,295010,0,1
1,NewOrder,1764751493.930409,294755,9,1
2,Payment,1764751493.930454,278340,4,1
4,Delivery,1764751494.121319,109808,1,1
1,NewOrder,1764751494.121354,103864,8,1
2,Payment,1764751494.121381,104139,15,1
1,NewOrder,1764751494.121410,105120,14,1
2,Payment,1764751494.121832,195120,13,1
1,NewOrder,1764751494.185152,65069,7,1
2,Payment,1764751494.185153,65118,5,1
2,Payment,1764751494.208229,42269,10,1
2,Payment,1764751494.208229,42137,12,1
1,NewOrder,1764751494.208229,101856,6,1
4,Delivery,1764751494.208328,104438,3,1
3,OrderStatus,1764751494.208513,41789,11,1
1,NewOrder,1764751494.208808,41835,4,1
2,Payment,1764751494.225179,91563,9,1
1,NewOrder,1764751494.225189,84931,2,1
2,Payment,1764751494.225223,84843,8,1
1,NewOrder,1764751494.225422,91396,0,1
1,NewOrder,1764751494.225523,84609,15,1
1,NewOrder,1764751494.226536,83570,14,1
1,NewOrder,1764751494.231135,81422,1,1
2,Payment,1764751494.250235,66737,7,1
4,Delivery,1764751494.250279,83282,5,1
2,Payment,1764751494.250307,66434,11,1
2,Payment,1764751494.250371,83291,12,1
1,NewOrder,1764751494.250503,78491,10,1
1,NewOrder,1764751494.250649,78396,4,1
1,NewOrder,1764751494.310083,23505,8,1
5,StockLevel,1764751494.310094,23477,6,1
1,NewOrder,1764751494.310112,23484,14,1
2,Payment,1764751494.310126,23422,2,1
2,Payment,1764751494.310135,23421,15,1
4,Delivery,1764751494.312563,26380,1,1
1,NewOrder,1764751494.312773,26104,3,1
1,NewOrder,1764751494.316751,29213,9,1
1,NewOrder,1764751494.316751,29369,11,1
1,NewOrder,1764751494.316824,22246,0,1
1,NewOrder,1764751494.316956,29431,13,1
2,Payment,1764751494.316977,16623,7,1
1,NewOrder,1764751494.329008,134761,10,1
5,StockLevel,1764751494.329052,75345,4,1
2,Payment,1764751494.333554,70842,2,1
3,OrderStatus,1764751494.333562,791,15,1
3,OrderStatus,1764751494.333566,3308,5,1
1,NewOrder,1764751494.333577,131752,6,1
2,Payment,1764751494.333590,90569,8,1
1,NewOrder,1764751494.333601,129977,14,1
2,Payment,1764751494.333605,70943,7,1
2,Payment,1764751494.333665,70785,12,1
1,NewOrder,1764751494.334358,129334,15,1
1,NewOrder,1764751494.336884,128673,5,1
1,NewOrder,1764751494.338882,126517,3,1
2,Payment,1764751494.338946,138191,1,1
2,Payment,1764751494.339076,126198,0,1
1,NewOrder,1764751494.345978,117794,9,1
2,Payment,1764751494.346129,117525,11,1
2,Payment,1764751494.346392,131211,13,1
2,Payment,1764751494.404412,118979,2,1
1,NewOrder,1764751494.404412,73862,4,1
1,NewOrder,1764751494.404455,73762,12,1
2,Payment,1764751494.404562,73954,7,1
2,Payment,1764751494.424347,53393,8,1
2,Payment,1764751494.463595,60159,14,1
1,NewOrder,1764751494.463662,40909,11,1
2,Payment,1764751494.463697,18323,15,1
1,NewOrder,1764751494.463772,59612,10,1
1,NewOrder,1764751494.463777,40801,9,1
2,Payment,1764751494.465279,16974,0,1
2,Payment,1764751494.465332,58430,6,1
3,OrderStatus,1764751494.465404,16895,3,1
4,Delivery,1764751494.465561,67493,5,1
2,Payment,1764751494.477148,64413,1,1
2,Payment,1764751494.477610,45771,13,1
2,Payment,1764751494.477744,46329,8,1
2,Payment,1764751494.478222,63397,12,1
2,Payment,1764751494.478276,45109,4,1
2,Payment,1764751494.478522,63445,7,1
1,NewOrder,1764751494.482028,50982,15,1
2,Payment,1764751494.482259,41688,0,1
1,NewOrder,1764751494.482302,55681,3,1
1,NewOrder,1764751494.504590,37383,11,1
2,Payment,1764751494.504590,33540,9,1
2,Payment,1764751494.523399,46174,13,1
2,Payment,1764751494.523399,18298,4,1
4,Delivery,1764751494.523399,46345,10,1
1,NewOrder,1764751494.523399,39446,2,1
2,Payment,1764751494.523759,17810,14,1
2,Payment,1764751494.523767,45893,6,1
1,NewOrder,1764751494.523952,35261,0,1
1,NewOrder,1764751494.524076,38815,8,1
1,NewOrder,1764751494.533021,36765,15,1
1,NewOrder,1764751494.533061,36598,5,1
1,NewOrder,1764751494.537994,31799,3,1
1,NewOrder,1764751494.538134,7182,9,1
1,NewOrder,1764751494.541572,35288,1,1
2,Payment,1764751494.541576,27995,14,1
1,NewOrder,1764751494.541623,27976,12,1
1,NewOrder,1764751494.541700,35238,4,1
1,NewOrder,1764751494.541972,34846,7,1
1,NewOrder,1764751494.541978,34704,11,1
1,NewOrder,1764751494.545322,24598,9,1
5,StockLevel,1764751494.559228,18654,0,1
1,NewOrder,1764751494.562858,25583,2,1
1,NewOrder,1764751494.562897,25556,8,1
1,NewOrder,1764751494.569583,29012,14,1
2,Payment,1764751494.569583,18851,13,1
1,NewOrder,1764751494.569604,47823,12,1
4,Delivery,1764751494.569665,51662,5,1
2,Payment,1764751494.569666,22150,6,1
3,OrderStatus,1764751494.569747,11183,10,1
1,NewOrder,1764751494.569790,47487,15,1
3,OrderStatus,1764751494.569798,1965,3,1
3,OrderStatus,1764751494.569924,1061,9,1
2,Payment,1764751494.570990,20802,9,1
1,NewOrder,1764751494.571769,26824,3,1
2,Payment,1764751494.576693,21760,11,1
5,StockLevel,1764751494.576824,21888,7,1
1,NewOrder,1764751494.576866,40467,1,1
2,Payment,1764751494.576941,21757,4,1
2,Payment,1764751494.577887,20667,0,1
1,NewOrder,1764751494.580939,61962,10,1
2,Payment,1764751494.588445,28910,13,1
2,Payment,1764751494.588448,28972,2,1
1,NewOrder,1764751494.588458,32863,8,1
2,Payment,1764751494.591799,29466,9,1
2,Payment,1764751494.591821,29426,6,1
2,Payment,1764751494.598469,40156,11,1
1,NewOrder,1764751494.598562,44575,0,1
2,Payment,1764751494.598598,40088,14,1
2,Payment,1764751494.598598,39968,3,1
2,Payment,1764751494.598702,39864,4,1
5,StockLevel,1764751494.598717,39899,7,1
1,NewOrder,1764751494.617291,54265,15,1
1,NewOrder,1764751494.617342,49535,1,1
1,NewOrder,1764751494.617360,49376,13,1
2,Payment,1764751494.617424,45750,2,1
2,Payment,1764751494.617437,45750,12,1
2,Payment,1764751494.621255,41928,6,1
1,NewOrder,1764751494.621270,45527,9,1
2,Payment,1764751494.621326,41862,8,1
5,StockLevel,1764751494.621330,41846,5,1
1,NewOrder,1764751494.638579,111179,4,1
2,Payment,1764751494.638580,28799,3,1
1,NewOrder,1764751494.638621,160888,7,1
1,NewOrder,1764751494.638630,111279,11,1
1,NewOrder,1764751494.638688,111070,14,1
1,NewOrder,1764751494.642907,106880,10,1
1,NewOrder,1764751494.643143,143567,0,1
2,Payment,1764751494.663189,123493,2,1
2,Payment,1764751494.663189,129653,5,1
2,Payment,1764751494.663189,123508,6,1
1,NewOrder,1764751494.663193,129902,12,1
1,NewOrder,1764751494.663193,130329,8,1
4,Delivery,1764751494.666744,126217,13,1
1,NewOrder,1764751494.666803,126344,9,1
2,Payment,1764751494.666882,136849,1,1
1,NewOrder,1764751494.667384,125549,3,1
1,NewOrder,1764751494.671564,121219,15,1
1,NewOrder,1764751494.749775,53790,14,1
2,Payment,1764751494.749776,69395,4,1
2,Payment,1764751494.749799,54151,10,1
2,Payment,1764751494.749913,53660,11,1
5,StockLevel,1764751494.786697,17575,2,1
1,NewOrder,1764751494.786706,32400,6,1
1,NewOrder,1764751494.786717,10282,0,1
2,Payment,1764751494.792789,26594,15,1
1,NewOrder,1764751494.792847,31872,5,1
2,Payment,1764751494.792938,26148,3,1
2,Payment,1764751494.792966,26197,13,1
2,Payment,1764751494.793099,65907,12,1
5,StockLevel,1764751494.793152,25945,9,1
2,Payment,1764751494.793528,25787,8,1
1,NewOrder,1764751494.797004,32506,0,1
2,Payment,1764751494.799513,25330,7,1
1,NewOrder,1764751494.803579,26148,11,1
1,NewOrder,1764751494.803592,44875,14,1
1,NewOrder,1764751494.803740,32038,1,1
2,Payment,1764751494.803954,25466,10,1
1,NewOrder,1764751494.804278,25493,2,1
2,Payment,1764751494.819099,16455,3,1
3,OrderStatus,1764751494.819104,16418,9,1
1,NewOrder,1764751494.819112,34653,6,1
2,Payment,1764751494.819169,21511,13,1
4,Delivery,1764751494.819176,29258,4,1
1,NewOrder,1764751494.819318,29164,8,1
1,NewOrder,1764751494.819388,29037,15,1
1,NewOrder,1764751494.824726,23805,5,1
2,Payment,1764751494.824849,23751,7,1
1,NewOrder,1764751494.829427,24312,10,1
2,Payment,1764751494.829515,18932,0,1
2,Payment,1764751494.829733,18880,11,1
1,NewOrder,1764751494.829775,34029,2,1
1,NewOrder,1764751494.835530,28294,9,1
4,Delivery,1764751494.835556,46180,3,1
1,NewOrder,1764751494.835784,31506,1,1
1,NewOrder,1764751494.840687,28801,13,1
2,Payment,1764751494.848440,18835,15,1
2,Payment,1764751494.848442,18836,4,1
2,Payment,1764751494.848452,18852,0,1
4,Delivery,1764751494.848469,21132,14,1
2,Payment,1764751494.848483,18798,8,1
1,NewOrder,1764751494.848536,29214,5,1
1,NewOrder,1764751494.848606,23303,7,1
1,NewOrder,1764751494.848615,23297,11,1
1,NewOrder,1764751494.853747,27878,10,1
4,Delivery,1764751494.853770,24012,6,1
2,Payment,1764751494.859013,18775,12,1
1,NewOrder,1764751494.863810,96845,2,1
1,NewOrder,1764751494.863829,96757,9,1
1,NewOrder,1764751494.867286,87706,15,1
1,NewOrder,1764751494.867286,99446,4,1
1,NewOrder,1764751494.867286,98794,8,1
4,Delivery,1764751494.867295,95050,1,1
2,Payment,1764751494.867306,14320,0,1
1,NewOrder,1764751494.869494,97219,13,1
1,NewOrder,1764751494.869606,96433,14,1
1,NewOrder,1764751494.871915,94723,7,1
4,Delivery,1764751494.871919,95025,11,1
2,Payment,1764751494.877770,89432,5,1
1,NewOrder,1764751494.877792,89057,6,1
5,StockLevel,1764751494.877793,88371,12,1
1,NewOrder,1764751494.881635,84964,0,1
3,OrderStatus,1764751494.881635,84441,10,1
4,Delivery,1764751494.881742,110919,3,1
1,NewOrder,1764751494.955008,35562,15,1
2,Payment,1764751494.960596,30210,9,1
2,Payment,1764751494.960663,29916,2,1
2,Payment,1764751494.962351,114596,1,1
2,Payment,1764751494.966044,26588,14,1
1,NewOrder,1764751494.966081,131769,10,1
2,Payment,1764751494.966086,32688,8,1
2,Payment,1764751494.966170,33218,12,1
2,Payment,1764751494.966605,33666,0,1
2,Payment,1764751494.966642,31597,7,1
2,Payment,1764751494.966716,103500,13,1
4,Delivery,1764751494.966733,36633,4,1
2,Payment,1764751494.966854,103368,6,1
2,Payment,1764751494.966946,31949,11,1
1,NewOrder,1764751494.967206,36165,5,1
2,Payment,1764751494.990587,14368,15,1
2,Payment,1764751494.990587,14467,2,1
1,NewOrder,1764751494.990811,86278,9,1
3,OrderStatus,1764751494.992638,763,14,1
1,NewOrder,1764751494.992666,77621,3,1
1,NewOrder,1764751494.993405,83472,14,1
1,NewOrder,1764751494.998246,78732,7,1
1,NewOrder,1764751494.998781,78227,8,1
1,NewOrder,1764751494.998897,78127,11,1
1,NewOrder,1764751494.999394,77563,12,1
1,NewOrder,1764751495.000277,76687,0,1
2,Payment,1764751495.003378,73560,4,1
3,OrderStatus,1764751495.003379,62186,5,1
2,Payment,1764751495.004961,72093,15,1
2,Payment,1764751495.005057,92792,2,1
1,NewOrder,1764751495.065580,45620,5,1
5,StockLevel,1764751495.070226,19855,13,1
2,Payment,1764751495.070229,19897,6,1
1,NewOrder,1764751495.070292,32222,3,1
1,NewOrder,1764751495.076884,20970,14,1
1,NewOrder,1764751495.076944,20901,4,1
1,NewOrder,1764751495.076953,25563,1,1
4,Delivery,1764751495.076962,30534,12,1
1,NewOrder,1764751495.076969,25616,0,1
2,Payment,1764751495.076984,44805,7,1
2,Payment,1764751495.077013,17440,8,1
1,NewOrder,1764751495.077026,25484,11,1
1,NewOrder,1764751495.077056,20815,15,1
1,NewOrder,1764751495.077092,25526,9,1
1,NewOrder,1764751495.090096,32191,13,1
2,Payment,1764751495.090135,17388,6,1
2,Payment,1764751495.094461,16722,8,1
1,NewOrder,1764751495.097852,23710,4,1
1,NewOrder,1764751495.097855,24392,2,1
1,NewOrder,1764751495.097858,23703,10,1
2,Payment,1764751495.097859,20640,14,1
2,Payment,1764751495.097876,38776,15,1
1,NewOrder,1764751495.102516,19167,11,1
1,NewOrder,1764751495.102520,29261,3,1
2,Payment,1764751495.102522,19108,1,1
1,NewOrder,1764751495.102591,19085,0,1
1,NewOrder,1764751495.102622,23439,9,1
2,Payment,1764751495.107503,14234,12,1
1,NewOrder,1764751495.107529,18524,6,1
1,NewOrder,1764751495.111190,29547,8,1
1,NewOrder,1764751495.111205,25342,5,1
5,StockLevel,1764751495.118509,18009,14,1
2,Payment,1764751495.121572,19309,4,1
2,Payment,1764751495.121573,19157,10,1
2,Payment,1764751495.121635,19318,1,1
1,NewOrder,1764751495.121678,21499,0,1
1,NewOrder,1764751495.121688,19641,11,1
2,Payment,1764751495.121741,40675,12,1
1,NewOrder,1764751495.121791,30352,7,1
5,StockLevel,1764751495.122253,18543,2,1
2,Payment,1764751495.122289,18954,13,1
1,NewOrder,1764751495.126064,31213,6,1
1,NewOrder,1764751495.126068,46809,9,1
1,NewOrder,1764751495.131790,6838,3,1
2,Payment,1764751495.136526,20740,14,1
1,NewOrder,1764751495.136552,35865,5,1
1,NewOrder,1764751495.136658,25695,15,1
1,NewOrder,1764751495.138631,23907,3,1
1,NewOrder,1764751495.140736,31683,10,1
2,Payment,1764751495.140742,21742,8,1
2,Payment,1764751495.140798,21569,2,1
1,NewOrder,1764751495.140884,31557,4,1
2,Payment,1764751495.140958,44127,1,1
2,Payment,1764751495.141246,43701,13,1
2,Payment,1764751495.141334,21073,11,1
1,NewOrder,1764751495.143186,29427,0,1
5,StockLevel,1764751495.152160,20322,7,1
3,OrderStatus,1764751495.157280,15271,14,1
1,NewOrder,1764751495.157285,43364,6,1
1,NewOrder,1764751495.162361,38344,15,1
2,Payment,1764751495.162374,60740,2,1
1,NewOrder,1764751495.162412,38572,11,1
1,NewOrder,1764751495.162421,38264,12,1
5,StockLevel,1764751495.162486,22469,8,1
1,NewOrder,1764751495.162543,38104,3,1
4,Delivery,1764751495.172435,50663,10,1
2,Payment,1764751495.172435,28326,5,1
3,OrderStatus,1764751495.172446,28196,4,1
1,NewOrder,1764751495.172487,50607,7,1
2,Payment,1764751495.172554,28470,14,1
1,NewOrder,1764751495.172617,50495,0,1
2,Payment,1764751495.172882,27760,9,1
2,Payment,1764751495.184965,38370,13,1
1,NewOrder,1764751495.184967,46121,8,1
2,Payment,1764751495.185087,52481,1,1
1,NewOrder,1764751495.200659,30488,3,1
2,Payment,1764751495.200659,30613,4,1
5,StockLevel,1764751495.200659,30406,6,1
1,NewOrder,1764751495.200659,36842,9,1
1,NewOrder,1764751495.200687,44659,12,1
1,NewOrder,1764751495.200710,30572,15,1
2,Payment,1764751495.200764,44439,5,1
1,NewOrder,1764751495.200988,30240,11,1
1,NewOrder,1764751495.201026,30131,14,1
5,StockLevel,1764751495.223110,14273,7,1
2,Payment,1764751495.223110,14293,10,1
2,Payment,1764751495.223117,18868,0,1
1,NewOrder,1764751495.223121,18861,2,1
2,Payment,1764751495.223341,14055,13,1
1,NewOrder,1764751495.231076,23904,6,1
2,Payment,1764751495.231094,21203,8,1
2,Payment,1764751495.231150,23816,3,1
2,Payment,1764751495.231160,29909,14,1
2,Payment,1764751495.231232,14021,11,1
1,NewOrder,1764751495.231278,23691,4,1
2,Payment,1764751495.231286,13933,15,1
1,NewOrder,1764751495.237394,17908,7,1
2,Payment,1764751495.237402,17543,13,1
2,Payment,1764751495.237408,29679,10,1
2,Payment,1764751495.237504,14819,9,1
2,Payment,1764751495.237572,17411,1,1
2,Payment,1764751495.241990,36032,2,1
2,Payment,1764751495.241992,13178,0,1
3,OrderStatus,1764751495.245224,3251,5,1
2,Payment,1764751495.245225,32873,15,1
4,Delivery,1764751495.245258,32771,11,1
1,NewOrder,1764751495.245385,33172,12,1
2,Payment,1764751495.248484,12586,5,1
2,Payment,1764751495.252305,13352,8,1
2,Payment,1764751495.252329,29502,9,1
2,Payment,1764751495.254951,19444,13,1
2,Payment,1764751495.254971,19595,3,1
5,StockLevel,1764751495.254974,19350,4,1
2,Payment,1764751495.254986,19381,6,1
1,NewOrder,1764751495.254988,26837,1,1
4,Delivery,1764751495.255173,35379,0,1
2,Payment,1764751495.255307,31022,7,1
1,NewOrder,1764751495.261082,25256,5,1
1,NewOrder,1764751495.261082,25217,14,1
1,NewOrder,1764751495.265665,20692,8,1
2,Payment,1764751495.267094,26791,10,1
1,NewOrder,1764751495.274338,26362,4,1
1,NewOrder,1764751495.274374,22964,6,1
1,NewOrder,1764751495.274400,23264,13,1
3,OrderStatus,1764751495.274572,2505,3,1
2,Payment,1764751495.277086,17911,3,1
2,Payment,1764751495.278034,14722,2,1
2,Payment,1764751495.278036,14750,11,1
2,Payment,1764751495.278110,14643,15,1
2,Payment,1764751495.278562,15055,12,1
1,NewOrder,1764751495.281839,28848,9,1
1,NewOrder,1764751495.281844,78204,1,1
1,NewOrder,1764751495.286308,54975,14,1
2,Payment,1764751495.286335,14708,7,1
1,NewOrder,1764751495.286340,29845,5,1
1,NewOrder,1764751495.286358,29830,8,1
2,Payment,1764751495.290562,10538,0,1
1,NewOrder,1764751495.292761,40682,15,1
1,NewOrder,1764751495.292762,44668,2,1
1,NewOrder,1764751495.292787,44557,11,1
1,NewOrder,1764751495.293622,47706,12,1
1,NewOrder,1764751495.293891,47402,10,1
2,Payment,1764751495.295003,21188,3,1
2,Payment,1764751495.297344,40006,6,1
1,NewOrder,1764751495.297669,39708,13,1
2,Payment,1764751495.300710,33050,4,1
1,NewOrder,1764751495.301048,40291,7,1
2,Payment,1764751495.301107,32739,0,1
1,NewOrder,1764751495.310702,39435,9,1
1,NewOrder,1764751495.316199,26688,3,1
2,Payment,1764751495.316199,29897,5,1
1,NewOrder,1764751495.316200,29883,8,1
1,NewOrder,1764751495.333456,26483,15,1
1,NewOrder,1764751495.333767,26259,4,1
2,Payment,1764751495.333851,12181,0,1
2,Payment,1764751495.337354,15892,11,1
2,Payment,1764751495.337357,15929,6,1
2,Payment,1764751495.337383,15891,13,1
2,Payment,1764751495.337436,15840,2,1
1,NewOrder,1764751495.341293,21268,14,1
2,Payment,1764751495.341298,18640,10,1
2,Payment,1764751495.341330,29207,12,1
1,NewOrder,1764751495.341344,40687,7,1
1,NewOrder,1764751495.342892,23039,3,1
2,Payment,1764751495.346038,16559,0,1
1,NewOrder,1764751495.346088,24540,8,1
5,StockLevel,1764751495.346101,15175,5,1
2,Payment,1764751495.350143,24873,9,1
2,Payment,1764751495.353258,17423,11,1
2,Payment,1764751495.353280,28784,13,1
1,NewOrder,1764751495.353281,9374,2,1
2,Payment,1764751495.353291,17224,6,1
2,Payment,1764751495.359950,24969,10,1
1,NewOrder,1764751495.359950,22006,15,1
1,NewOrder,1764751495.360029,17316,4,1
2,Payment,1764751495.360066,15223,1,1
2,Payment,1764751495.361281,14839,5,1
2,Payment,1764751495.362567,14806,14,1
4,Delivery,1764751495.362603,34891,0,1
2,Payment,1764751495.362659,26738,2,1
1,NewOrder,1764751495.365945,23347,3,1
1,NewOrder,1764751495.370527,18619,6,1
2,Payment,1764751495.370544,26894,12,1
1,NewOrder,1764751495.370634,23223,8,1
2,Payment,1764751495.370683,14150,11,1
1,NewOrder,1764751495.375251,23326,9,1
1,NewOrder,1764751495.375292,24095,1,1
1,NewOrder,1764751495.376126,24044,5,1
1,NewOrder,1764751495.377350,38067,4,1
2,Payment,1764751495.377375,16489,14,1
2,Payment,1764751495.381965,36896,15,1
1,NewOrder,1764751495.382037,25672,7,1
1,NewOrder,1764751495.382066,34480,13,1
2,Payment,1764751495.384840,14285,11,1
1,NewOrder,1764751495.384924,18415,10,1
2,Payment,1764751495.389157,9972,6,1
2,Payment,1764751495.389299,14706,3,1
1,NewOrder,1764751495.389409,22935,2,1
1,NewOrder,1764751495.393867,24992,8,1
2,Payment,1764751495.393871,15224,14,1
3,OrderStatus,1764751495.397448,11613,12,1
1,NewOrder,1764751495.397497,21431,0,1
1,NewOrder,1764751495.398585,30829,9,1
1,NewOrder,1764751495.399131,33990,11,1
2,Payment,1764751495.399136,16209,6,1
1,NewOrder,1764751495.399392,33731,1,1
2,Payment,1764751495.400176,15192,5,1
1,NewOrder,1764751495.403345,29781,10,1
1,NewOrder,1764751495.404012,30671,3,1
1,NewOrder,1764751495.407718,40283,7,1
1,NewOrder,1764751495.409067,25881,12,1
2,Payment,1764751495.409097,27713,14,1
2,Payment,1764751495.412351,20770,2,1
2,Payment,1764751495.415355,19316,6,1
1,NewOrder,1764751495.415373,21535,5,1
1,NewOrder,1764751495.415420,21607,4,1
2,Payment,1764751495.416551,18168,13,1
2,Payment,1764751495.418865,17932,8,1
1,NewOrder,1764751495.418867,29129,15,1
2,Payment,1764751495.418933,17966,0,1
2,Payment,1764751495.429429,18562,9,1
2,Payment,1764751495.433133,14894,2,1
1,NewOrder,1764751495.433133,26408,11,1
1,NewOrder,1764751495.433133,42421,10,1
2,Payment,1764751495.433134,29609,1,1
1,NewOrder,1764751495.434677,24809,6,1
1,NewOrder,1764751495.434689,21676,3,1
2,Payment,1764751495.434725,13521,13,1
2,Payment,1764751495.434954,27866,12,1
1,NewOrder,1764751495.436803,25922,8,1
2,Payment,1764751495.436815,11217,14,1
1,NewOrder,1764751495.436902,19675,0,1
2,Payment,1764751495.436914,19516,5,1
1,NewOrder,1764751495.437033,22646,4,1
2,Payment,1764751495.448005,30066,15,1
1,NewOrder,1764751495.448005,23357,9,1
1,NewOrder,1764751495.448007,30091,7,1
2,Payment,1764751495.448029,29481,2,1
2,Payment,1764751495.448034,14670,14,1
2,Payment,1764751495.448261,28707,13,1
2,Payment,1764751495.456385,11624,3,1
1,NewOrder,1764751495.456438,36349,5,1
4,Delivery,1764751495.456582,30517,0,1
1,NewOrder,1764751495.459501,17540,6,1
1,NewOrder,1764751495.459547,33647,11,1
1,NewOrder,1764751495.459687,23597,4,1
2,Payment,1764751495.462714,30564,14,1
1,NewOrder,1764751495.462732,30988,8,1
1,NewOrder,1764751495.462745,30040,1,1
4,Delivery,1764751495.462826,24337,12,1
2,Payment,1764751495.468018,12010,3,1
2,Payment,1764751495.471370,15728,9,1
2,Payment,1764751495.475563,28007,10,1
5,StockLevel,1764751495.476980,16833,13,1
1,NewOrder,1764751495.477047,21534,6,1
1,NewOrder,1764751495.477516,21182,2,1
1,NewOrder,1764751495.478076,34050,15,1
1,NewOrder,1764751495.478099,25599,7,1
1,NewOrder,1764751495.480034,18666,3,1
1,NewOrder,1764751495.483293,23972,4,1
1,NewOrder,1764751495.487108,38132,0,1
1,NewOrder,1764751495.487110,19924,9,1
4,Delivery,1764751495.487168,41115,12,1
1,NewOrder,1764751495.492800,32739,5,1
2,Payment,1764751495.492801,14279,1,1
2,Payment,1764751495.493199,14152,11,1
1,NewOrder,1764751495.493284,38128,14,1
2,Payment,1764751495.493728,17789,8,1
2,Payment,1764751495.493818,17657,13,1
1,NewOrder,1764751495.498592,26836,6,1
1,NewOrder,1764751495.498705,44685,2,1
3,OrderStatus,1764751495.498706,1077,3,1
2,Payment,1764751495.499790,18583,3,1
2,Payment,1764751495.503577,21779,10,1
2,Payment,1764751495.503702,21549,7,1
2,Payment,1764751495.507043,52192,9,1
1,NewOrder,1764751495.507090,24394,1,1
4,Delivery,1764751495.507269,36294,4,1
2,Payment,1764751495.507356,18225,11,1
2,Payment,1764751495.511483,19942,13,1
1,NewOrder,1764751495.511524,31433,8,1
1,NewOrder,1764751495.512130,31035,15,1
2,Payment,1764751495.518385,18816,3,1
1,NewOrder,1764751495.525256,20694,0,1
1,NewOrder,1764751495.525260,31992,7,1
2,Payment,1764751495.525358,17901,10,1
2,Payment,1764751495.525435,17765,6,1
1,NewOrder,1764751495.525543,20435,5,1
1,NewOrder,1764751495.525587,35851,11,1
2,Payment,1764751495.528292,15074,12,1
1,NewOrder,1764751495.531422,27193,14,1
1,NewOrder,1764751495.531433,18031,13,1
5,StockLevel,1764751495.531491,11482,1,1
2,Payment,1764751495.537209,17115,3,1
2,Payment,1764751495.542966,14309,8,1
1,NewOrder,1764751495.542980,32369,1,1
3,OrderStatus,1764751495.543172,3368,15,1
1,NewOrder,1764751495.543209,58562,6,1
1,NewOrder,1764751495.543263,47503,10,1
2,Payment,1764751495.543373,16156,12,1
2,Payment,1764751495.543396,16057,2,1
4,Delivery,1764751495.543570,31732,4,1
4,Delivery,1764751495.545958,55698,0,1
2,Payment,1764751495.545980,13619,5,1
4,Delivery,1764751495.546547,55143,15,1
2,Payment,1764751495.549471,41274,13,1
1,NewOrder,1764751495.554336,50436,3,1
2,Payment,1764751495.557263,18078,7,1
5,StockLevel,1764751495.557283,37182,8,1
2,Payment,1764751495.558621,35658,14,1
2,Payment,1764751495.559241,31388,9,1
2,Payment,1764751495.559459,31113,2,1
1,NewOrder,1764751495.559532,42191,12,1
2,Payment,1764751495.559601,34642,5,1
2,Payment,1764751495.561447,29215,11,1
2,Payment,1764751495.575319,51090,4,1
1,NewOrder,1764751495.575351,46079,7,1
1,NewOrder,1764751495.575357,62949,1,1
1,NewOrder,1764751495.590585,47545,2,1
2,Payment,1764751495.590638,30864,9,1
1,NewOrder,1764751495.590669,47354,11,1
4,Delivery,1764751495.590752,47687,13,1
2,Payment,1764751495.590774,53836,10,1
1,NewOrder,1764751495.594250,43715,5,1
1,NewOrder,1764751495.594286,43652,14,1
5,StockLevel,1764751495.594470,31907,8,1
2,Payment,1764751495.601670,36397,0,1
1,NewOrder,1764751495.601699,39781,15,1
2,Payment,1764751495.601725,36325,12,1
2,Payment,1764751495.601777,36236,6,1
2,Payment,1764751495.604778,33171,3,1
1,NewOrder,1764751495.621444,60967,7,1
2,Payment,1764751495.621512,51905,9,1
2,Payment,1764751495.626383,37732,8,1
1,NewOrder,1764751495.626415,46778,4,1
1,NewOrder,1764751495.637947,35146,14,1
1,NewOrder,1764751495.637956,35292,3,1
1,NewOrder,1764751495.637971,35241,5,1
2,Payment,1764751495.638019,34249,6,1
1,NewOrder,1764751495.638030,44572,11,1
2,Payment,1764751495.638053,35062,12,1
2,Payment,1764751495.638070,34203,0,1
2,Payment,1764751495.638133,35018,2,1
4,Delivery,1764751495.638310,44407,1,1
2,Payment,1764751495.638448,51880,13,1
1,NewOrder,1764751495.641488,31717,15,1
1,NewOrder,1764751495.644618,28938,10,1
1,NewOrder,1764751495.664128,26003,8,1
1,NewOrder,1764751495.672280,23583,6,1
1,NewOrder,1764751495.672282,23582,0,1
2,Payment,1764751495.673099,13150,14,1
1,NewOrder,1764751495.673121,24014,12,1
2,Payment,1764751495.673157,13139,2,1
1,NewOrder,1764751495.673199,27629,4,1
2,Payment,1764751495.673211,27687,15,1
2,Payment,1764751495.673215,13040,5,1
2,Payment,1764751495.673254,13168,3,1
1,NewOrder,1764751495.673420,22459,9,1
1,NewOrder,1764751495.673561,27298,10,1
1,NewOrder,1764751495.682426,26062,7,1
1,NewOrder,1764751495.682612,22435,11,1
2,Payment,1764751495.682720,22361,1,1
3,OrderStatus,1764751495.686258,14610,14,1
1,NewOrder,1764751495.686263,30239,5,1
5,StockLevel,1764751495.686302,14550,2,1
3,OrderStatus,1764751495.686426,2060,3,1
1,NewOrder,1764751495.688491,33942,3,1
2,Payment,1764751495.690138,15312,8,1
2,Payment,1764751495.690335,14712,13,1
1,NewOrder,1764751495.695872,23675,0,1
1,NewOrder,1764751495.695872,26832,6,1
2,Payment,1764751495.695885,12576,9,1
2,Payment,1764751495.697141,25314,12,1
1,NewOrder,1764751495.700840,12396,4,1
1,NewOrder,1764751495.700860,31022,2,1
1,NewOrder,1764751495.700865,31483,10,1
1,NewOrder,1764751495.700875,26626,14,1
2,Payment,1764751495.700901,18612,15,1
1,NewOrder,1764751495.705062,22449,13,1
1,NewOrder,1764751495.705063,22512,11,1
2,Payment,1764751495.705087,17450,1,1
1,NewOrder,1764751495.705459,22232,8,1
2,Payment,1764751495.708470,15039,9,1
1,NewOrder,1764751495.708495,23553,7,1
2,Payment,1764751495.713244,14223,4,1
1,NewOrder,1764751495.716512,33885,5,1
2,Payment,1764751495.719520,12636,15,1
1,NewOrder,1764751495.719555,22603,0,1
1,NewOrder,1764751495.722441,26833,3,1
1,NewOrder,1764751495.722462,28285,12,1
1,NewOrder,1764751495.722543,21859,1,1
2,Payment,1764751495.722713,15752,6,1
2,Payment,1764751495.723516,14912,9,1
1,NewOrder,1764751495.727479,25172,4,1
3,OrderStatus,1764751495.727508,1442,14,1
2,Payment,1764751495.727517,14621,13,1
1,NewOrder,1764751495.727582,21697,11,1
2,Payment,1764751495.727695,14448,8,1
4,Delivery,1764751495.728957,21350,14,1
3,OrderStatus,1764751495.731890,12478,2,1
5,StockLevel,1764751495.732057,12324,7,1
2,Payment,1764751495.732162,17126,15,1
2,Payment,1764751495.732354,33898,10,1
2,Payment,1764751495.738462,12070,9,1
2,Payment,1764751495.738476,12014,6,1
2,Payment,1764751495.742148,10433,13,1
3,OrderStatus,1764751495.742151,10378,8,1
2,Payment,1764751495.742164,13778,0,1
2,Payment,1764751495.744375,15358,2,1
1,NewOrder,1764751495.744387,35064,7,1
1,NewOrder,1764751495.744408,26160,1,1
2,Payment,1764751495.749280,15146,3,1
1,NewOrder,1764751495.749285,34373,11,1
2,Payment,1764751495.749294,14789,15,1
1,NewOrder,1764751495.750313,20265,14,1
2,Payment,1764751495.750403,15886,5,1
5,StockLevel,1764751495.750493,13703,6,1
5,StockLevel,1764751495.750538,13693,9,1
1,NewOrder,1764751495.750753,23723,12,1
1,NewOrder,1764751495.752535,20171,8,1
1,NewOrder,1764751495.752587,26706,13,1
2,Payment,1764751495.752656,26522,4,1
1,NewOrder,1764751495.755950,23313,0,1
1,NewOrder,1764751495.759742,24024,2,1
4,Delivery,1764751495.764092,31519,15,1
1,NewOrder,1764751495.764200,24825,6,1
2,Payment,1764751495.764238,15112,9,1
2,Payment,1764751495.764432,14943,3,1
5,StockLevel,1764751495.766259,12979,10,1
1,NewOrder,1764751495.766291,25934,5,1
4,Delivery,1764751495.770582,21451,1,1
2,Payment,1764751495.770587,13177,14,1
2,Payment,1764751495.772713,16317,8,1
2,Payment,1764751495.774483,14545,12,1
1,NewOrder,1764751495.779186,22975,4,1
1,NewOrder,1764751495.779240,22852,10,1
2,Payment,1764751495.779269,13101,0,1
2,Payment,1764751495.779299,28716,13,1
1,NewOrder,1764751495.779356,18336,9,1
2,Payment,1764751495.779377,12719,3,1
2,Payment,1764751495.779454,12834,7,1
3,OrderStatus,1764751495.783665,8907,11,1
2,Payment,1764751495.783771,11960,14,1
1,NewOrder,1764751495.783773,24171,2,1
1,NewOrder,1764751495.789033,33924,6,1
1,NewOrder,1764751495.789038,26954,8,1
1,NewOrder,1764751495.789040,19723,12,1
2,Payment,1764751495.792041,16133,1,1
2,Payment,1764751495.792098,15835,3,1
1,NewOrder,1764751495.792233,35485,5,1
1,NewOrder,1764751495.792294,24738,7,1
4,Delivery,1764751495.792375,38769,0,1
2,Payment,1764751495.792581,15419,11,1
1,NewOrder,1764751495.795618,23512,15,1
1,NewOrder,1764751495.795738,32062,14,1
3,OrderStatus,1764751495.797700,1526,9,1
1,NewOrder,1764751495.799233,28477,9,1
1,NewOrder,1764751495.802100,25632,10,1
1,NewOrder,1764751495.802163,17244,4,1
2,Payment,1764751495.807943,15059,3,1
1,NewOrder,1764751495.807951,31926,2,1
4,Delivery,1764751495.808007,40485,11,1
1,NewOrder,1764751495.808022,23160,13,1
2,Payment,1764751495.808178,15120,1,1
3,OrderStatus,1764751495.808770,8442,12,1
2,Payment,1764751495.816001,16349,8,1
2,Payment,1764751495.817040,14141,7,1
1,NewOrder,1764751495.817222,18123,12,1
1,NewOrder,1764751495.819138,16089,15,1
1,NewOrder,1764751495.819414,29288,4,1
2,Payment,1764751495.822965,23641,6,1
2,Payment,1764751495.823009,12250,3,1
2,Payment,1764751495.823303,11925,1,1
2,Payment,1764751495.827718,16603,9,1
1,NewOrder,1764751495.827724,31898,5,1
1,NewOrder,1764751495.827740,20901,10,1
2,Payment,1764751495.827806,16519,14,1
2,Payment,1764751495.831156,15473,0,1
1,NewOrder,1764751495.831189,32775,7,1
2,Payment,1764751495.831190,17317,13,1
1,NewOrder,1764751495.832358,18132,8,1
2,Payment,1764751495.835237,13308,1,1
2,Payment,1764751495.835238,24299,15,1
2,Payment,1764751495.835265,13772,3,1
1,NewOrder,1764751495.835352,24196,12,1
1,NewOrder,1764751495.839885,31910,2,1
2,Payment,1764751495.844328,15304,9,1
4,Delivery,1764751495.844332,24544,14,1
1,NewOrder,1764751495.846612,22245,6,1
2,Payment,1764751495.846635,17312,0,1
1,NewOrder,1764751495.848498,26067,11,1
2,Payment,1764751495.848514,15580,13,1
1,NewOrder,1764751495.848551,23233,1,1
1,NewOrder,1764751495.848647,43669,10,1
2,Payment,1764751495.848704,15384,4,1
2,Payment,1764751495.849043,19806,3,1
2,Payment,1764751495.850496,18396,8,1
2,Payment,1764751495.859549,12254,15,1
4,Delivery,1764751495.859555,24583,12,1
2,Payment,1764751495.859631,32743,5,1
1,NewOrder,1764751495.859636,24494,9,1
3,OrderStatus,1764751495.863958,1135,0,1
2,Payment,1764751495.863973,10466,7,1
2,Payment,1764751495.864096,10364,4,1
2,Payment,1764751495.864101,14771,13,1
2,Payment,1764751495.865100,10304,0,1
2,Payment,1764751495.868858,15262,3,1
2,Payment,1764751495.868865,23263,6,1
4,Delivery,1764751495.868884,23247,14,1
1,NewOrder,1764751495.868894,27018,8,1
2,Payment,1764751495.871790,15158,1,1
2,Payment,1764751495.871802,26316,2,1
2,Payment,1764751495.871810,12333,15,1
2,Payment,1764751495.874445,34470,7,1
2,Payment,1764751495.874467,34481,4,1
2,Payment,1764751495.874572,17519,11,1
2,Payment,1764751495.875410,16929,0,1
1,NewOrder,1764751495.878878,30067,13,1
2,Payment,1764751495.884127,12455,3,1
1,NewOrder,1764751495.884137,24758,9,1
1,NewOrder,1764751495.884147,17748,12,1
2,Payment,1764751495.884150,12598,15,1
1,NewOrder,1764751495.886956,25510,1,1
1,NewOrder,1764751495.892099,21042,11,1
1,NewOrder,1764751495.892135,28461,6,1
1,NewOrder,1764751495.892137,28514,14,1
4,Delivery,1764751495.892319,36405,10,1
1,NewOrder,1764751495.892340,28325,0,1
1,NewOrder,1764751495.892381,25306,5,1
1,NewOrder,1764751495.895922,26348,8,1
2,Payment,1764751495.896592,16871,3,1
2,Payment,1764751495.896755,16062,15,1
2,Payment,1764751495.898125,14331,2,1
1,NewOrder,1764751495.901903,20044,12,1
1,NewOrder,1764751495.908902,19964,9,1
1,NewOrder,1764751495.908922,25454,7,1
1,NewOrder,1764751495.908951,21976,13,1
2,Payment,1764751495.908954,11650,4,1
1,NewOrder,1764751495.912463,21768,2,1
1,NewOrder,1764751495.912473,16337,1,1
1,NewOrder,1764751495.912820,32194,15,1
2,Payment,1764751495.913148,15777,11,1
1,NewOrder,1764751495.913470,27561,3,1
1,NewOrder,1764751495.917696,39473,5,1
2,Payment,1764751495.920604,13711,6,1
2,Payment,1764751495.920612,13629,4,1
1,NewOrder,1764751495.920657,24303,14,1
2,Payment,1764751495.920672,16597,0,1
1,NewOrder,1764751495.921955,31315,12,1
3,OrderStatus,1764751495.922276,2019,8,1
1,NewOrder,1764751495.924319,28943,8,1
1,NewOrder,1764751495.928736,20956,10,1
2,Payment,1764751495.928818,16180,1,1
1,NewOrder,1764751495.928873,24422,9,1
1,NewOrder,1764751495.928931,34512,11,1
1,NewOrder,1764751495.930936,24757,13,1
2,Payment,1764751495.934239,22825,2,1
1,NewOrder,1764751495.934247,22889,4,1
1,NewOrder,1764751495.934318,22843,6,1
2,Payment,1764751495.934382,18885,7,1
1,NewOrder,1764751495.937275,26682,0,1
5,StockLevel,1764751495.941039,14697,3,1
3,OrderStatus,1764751495.944969,10722,14,1
2,Payment,1764751495.945021,12061,15,1
1,NewOrder,1764751495.945025,28677,1,1
1,NewOrder,1764751495.949702,20919,10,1
2,Payment,1764751495.953270,12765,8,1
2,Payment,1764751495.953275,12486,7,1
1,NewOrder,1764751495.953277,25538,12,1
2,Payment,1764751495.953304,12603,9,1
1,NewOrder,1764751495.955701,26500,14,1
2,Payment,1764751495.955702,14839,13,1
1,NewOrder,1764751495.955742,23031,3,1
3,OrderStatus,1764751495.957072,696,2,1
1,NewOrder,1764751495.957089,21713,15,1
2,Payment,1764751495.957142,16551,4,1
1,NewOrder,1764751495.957163,28494,6,1
4,Delivery,1764751495.957171,34596,5,1
1,NewOrder,1764751495.957773,27909,2,1
1,NewOrder,1764751495.963455,25808,11,1
2,Payment,1764751495.963967,14809,0,1
2,Payment,1764751495.965770,16455,7,1
2,Payment,1764751495.965915,16302,9,1
1,NewOrder,1764751495.966038,23296,8,1
1,NewOrder,1764751495.970549,18775,13,1
2,Payment,1764751495.970627,35777,10,1
2,Payment,1764751495.973701,15717,4,1
1,NewOrder,1764751495.973709,24062,1,1
2,Payment,1764751495.978781,13398,3,1
1,NewOrder,1764751495.978782,23648,0,1
4,Delivery,1764751495.978804,33567,15,1
2,Payment,1764751495.978822,12621,12,1
1,NewOrder,1764751495.982208,20236,14,1
2,Payment,1764751495.982226,13221,9,1
1,NewOrder,1764751495.982231,24142,7,1
2,Payment,1764751495.985668,12132,6,1
1,NewOrder,1764751495.985690,16695,2,1
2,Payment,1764751495.989272,13268,11,1
2,Payment,1764751495.989331,26207,13,1
2,Payment,1764751495.989342,13000,8,1
1,NewOrder,1764751495.989420,21266,4,1
2,Payment,1764751495.991449,11037,12,1
2,Payment,1764751495.991774,10604,5,1
1,NewOrder,1764751495.992186,24992,3,1
1,NewOrder,1764751495.995454,20083,9,1
2,Payment,1764751495.997778,14507,1,1
2,Payment,1764751495.997807,14463,6,1
2,Payment,1764751496.002349,13148,8,1
2,Payment,1764751496.002385,13159,5,1
1,NewOrder,1764751496.002392,32155,2,1
2,Payment,1764751496.002439,13071,0,1
2,Payment,1764751496.002451,13269,14,1
2,Payment,1764751496.002488,27437,12,1
2,Payment,1764751496.002548,13311,11,1
2,Payment,1764751496.006381,20541,7,1
2,Payment,1764751496.006411,10751,10,1
2,Payment,1764751496.010693,23765,4,1
1,NewOrder,1764751496.012276,27930,6,1
2,Payment,1764751496.012291,14644,1,1
1,NewOrder,1764751496.012375,27727,15,1
4,Delivery,1764751496.015506,34405,8,1
2,Payment,1764751496.015518,18884,0,1
1,NewOrder,1764751496.015544,28425,9,1
2,Payment,1764751496.015547,28416,13,1
1,NewOrder,1764751496.015549,34371,5,1
1,NewOrder,1764751496.015726,24483,14,1
2,Payment,1764751496.015867,18762,11,1
1,NewOrder,1764751496.017169,17267,10,1
1,NewOrder,1764751496.017184,26854,3,1
1,NewOrder,1764751496.026937,22929,7,1
1,NewOrder,1764751496.026944,26092,1,1
1,NewOrder,1764751496.029932,19975,12,1
1,NewOrder,1764751496.034410,26658,0,1
2,Payment,1764751496.034442,18596,10,1
1,NewOrder,1764751496.034461,31022,4,1
5,StockLevel,1764751496.034554,15393,2,1
1,NewOrder,1764751496.034633,21594,11,1
1,NewOrder,1764751496.040110,25309,15,1
5,StockLevel,1764751496.040212,13779,14,1
3,OrderStatus,1764751496.040214,12886,6,1
2,Payment,1764751496.043969,12357,13,1
3,OrderStatus,1764751496.044000,963,9,1
3,OrderStatus,1764751496.044044,3733,3,1
1,NewOrder,1764751496.044969,37535,9,1
2,Payment,1764751496.047785,13257,3,1
1,NewOrder,1764751496.049874,27342,7,1
3,OrderStatus,1764751496.049915,1068,12,1
4,Delivery,1764751496.049917,32746,8,1
2,Payment,1764751496.049928,11307,5,1
3,OrderStatus,1764751496.049949,11138,2,1
5,StockLevel,1764751496.050989,14501,12,1
1,NewOrder,1764751496.053043,21093,1,1
2,Payment,1764751496.053046,12414,10,1
2,Payment,1764751496.053109,12355,6,1
1,NewOrder,1764751496.053997,23146,14,1
1,NewOrder,1764751496.056234,21043,11,1
2,Payment,1764751496.056333,17757,13,1
1,NewOrder,1764751496.061051,29545,3,1
1,NewOrder,1764751496.061075,21510,0,1
3,OrderStatus,1764751496.061093,5620,2,1
1,NewOrder,1764751496.061241,21122,5,1
2,Payment,1764751496.065426,14972,15,1
2,Payment,1764751496.065461,11654,10,1
2,Payment,1764751496.065470,15014,6,1
2,Payment,1764751496.065489,14934,4,1
2,Payment,1764751496.065496,22152,12,1
2,Payment,1764751496.066722,15874,2,1
1,NewOrder,1764751496.074105,31910,13,1
1,NewOrder,1764751496.074146,41460,1,1
1,NewOrder,1764751496.077121,28893,10,1
1,NewOrder,1764751496.077144,21598,14,1
2,Payment,1764751496.077223,38742,7,1
4,Delivery,1764751496.077283,31373,11,1
1,NewOrder,1764751496.080408,20116,15,1
2,Payment,1764751496.080430,18198,4,1
2,Payment,1764751496.080488,18133,6,1
1,NewOrder,1764751496.082373,33262,5,1
2,Payment,1764751496.082511,16330,9,1
2,Payment,1764751496.082594,16037,0,1
2,Payment,1764751496.082605,16104,2,1
2,Payment,1764751496.082673,16468,8,1
2,Payment,1764751496.087667,18340,12,1
4,Delivery,1764751496.090603,37031,3,1
1,NewOrder,1764751496.098629,24950,6,1
1,NewOrder,1764751496.098635,13964,4,1
1,NewOrder,1764751496.098638,29001,0,1
2,Payment,1764751496.098716,16963,2,1
1,NewOrder,1764751496.098749,16872,14,1
2,Payment,1764751496.098845,17094,9,1
2,Payment,1764751496.099148,16458,8,1
5,StockLevel,1764751496.100531,15067,15,1
2,Payment,1764751496.106015,13714,12,1
2,Payment,1764751496.106022,21638,10,1
1,NewOrder,1764751496.106024,29378,13,1
2,Payment,1764751496.108666,15062,11,1
2,Payment,1764751496.112605,15157,4,1
1,NewOrder,1764751496.115607,23305,15,1
2,Payment,1764751496.115614,15682,1,1
5,StockLevel,1764751496.115615,12016,8,1
2,Payment,1764751496.115629,15633,14,1
2,Payment,1764751496.115642,23241,5,1
2,Payment,1764751496.115686,28609,2,1
5,StockLevel,1764751496.115943,15319,9,1
1,NewOrder,1764751496.115967,22902,7,1
1,NewOrder,1764751496.119738,19375,12,1
5,StockLevel,1764751496.123586,11760,6,1
2,Payment,1764751496.123735,13876,11,1
1,NewOrder,1764751496.127638,16575,8,1
1,NewOrder,1764751496.127641,16974,3,1
1,NewOrder,1764751496.127646,25857,0,1
2,Payment,1764751496.127662,11187,10,1
2,Payment,1764751496.127769,31405,4,1
2,Payment,1764751496.131272,13038,14,1
2,Payment,1764751496.131272,26872,9,1
1,NewOrder,1764751496.131297,26893,1,1
1,NewOrder,1764751496.135354,23501,6,1
1,NewOrder,1764751496.135409,23476,13,1
5,StockLevel,1764751496.137618,15879,11,1
1,NewOrder,1764751496.138857,35243,10,1
1,NewOrder,1764751496.138876,20081,7,1
1,NewOrder,1764751496.138896,34679,5,1
1,NewOrder,1764751496.138921,23229,15,1
1,NewOrder,1764751496.139118,19664,12,1
1,NewOrder,1764751496.144226,32058,8,1
1,NewOrder,1764751496.144303,31915,2,1
2,Payment,1764751496.144313,14660,14,1
2,Payment,1764751496.144621,14309,3,1
1,NewOrder,1764751496.153507,28326,11,1
1,NewOrder,1764751496.153511,31615,0,1
1,NewOrder,1764751496.158151,26973,9,1
2,Payment,1764751496.158194,15941,1,1
1,NewOrder,1764751496.158789,26314,12,1
2,Payment,1764751496.158862,15371,6,1
1,NewOrder,1764751496.158898,26002,13,1
1,NewOrder,1764751496.158932,28929,3,1
3,OrderStatus,1764751496.158964,14630,7,1
1,NewOrder,1764751496.158979,22819,14,1
2,Payment,1764751496.159180,17739,4,1
5,StockLevel,1764751496.162159,14693,15,1
2,Payment,1764751496.173591,17877,5,1
2,Payment,1764751496.173604,24674,7,1
2,Payment,1764751496.174106,10985,10,1
5,StockLevel,1764751496.174142,11036,1,1
2,Payment,1764751496.174240,10867,6,1
1,NewOrder,1764751496.176225,25608,2,1
2,Payment,1764751496.176291,15223,8,1
2,Payment,1764751496.176858,14674,15,1
3,OrderStatus,1764751496.176926,8292,4,1
1,NewOrder,1764751496.181808,43451,14,1
2,Payment,1764751496.181840,13669,11,1
1,NewOrder,1764751496.184907,17307,13,1
4,Delivery,1764751496.185097,36665,10,1
2,Payment,1764751496.185110,14637,12,1
5,StockLevel,1764751496.185115,13062,6,1
2,Payment,1764751496.185128,14652,0,1
2,Payment,1764751496.185130,16912,9,1
2,Payment,1764751496.185180,13108,1,1
1,NewOrder,1764751496.185222,36596,4,1
5,StockLevel,1764751496.187868,12756,3,1
1,NewOrder,1764751496.191477,24484,5,1
2,Payment,1764751496.191521,10596,8,1
1,NewOrder,1764751496.191538,30386,15,1
1,NewOrder,1764751496.195518,20483,11,1
1,NewOrder,1764751496.198186,34468,6,1
3,OrderStatus,1764751496.198284,12109,7,1
2,Payment,1764751496.198291,17637,1,1
2,Payment,1764751496.199754,22009,12,1
2,Payment,1764751496.199782,21962,0,1
2,Payment,1764751496.200632,15374,3,1
2,Payment,1764751496.201840,48907,2,1
1,NewOrder,1764751496.202048,23176,9,1
2,Payment,1764751496.202122,19649,8,1
2,Payment,1764751496.202221,34171,13,1
2,Payment,1764751496.210409,11516,7,1
2,Payment,1764751496.215943,20426,1,1
2,Payment,1764751496.215971,20419,5,1
3,OrderStatus,1764751496.216010,1192,11,1
2,Payment,1764751496.216012,20358,3,1
2,Payment,1764751496.217208,19378,11,1
1,NewOrder,1764751496.221753,24723,0,1
1,NewOrder,1764751496.221769,24709,10,1
2,Payment,1764751496.221771,32237,12,1
2,Payment,1764751496.221777,21845,8,1
3,OrderStatus,1764751496.221821,3398,4,1
2,Payment,1764751496.221928,14624,15,1
1,NewOrder,1764751496.221928,24530,7,1
2,Payment,1764751496.225229,28784,4,1
1,NewOrder,1764751496.225231,25538,9,1
2,Payment,1764751496.225266,28703,14,1
2,Payment,1764751496.232670,13810,6,1
5,StockLevel,1764751496.236378,17646,1,1
2,Payment,1764751496.236378,14357,3,1
1,NewOrder,1764751496.236396,24062,5,1
1,NewOrder,1764751496.236398,24781,13,1
2,Payment,1764751496.236557,32335,15,1
2,Payment,1764751496.236588,17309,11,1
1,NewOrder,1764751496.243638,25517,8,1
2,Payment,1764751496.246466,14647,7,1
4,Delivery,1764751496.246486,28208,10,1
2,Payment,1764751496.246486,14549,0,1
2,Payment,1764751496.246488,29033,6,1
2,Payment,1764751496.250744,12739,3,1
1,NewOrder,1764751496.250755,20021,2,1
1,NewOrder,1764751496.250775,24067,9,1
3,OrderStatus,1764751496.253904,9622,11,1
2,Payment,1764751496.253975,27430,14,1
1,NewOrder,1764751496.254012,25240,12,1
1,NewOrder,1764751496.254019,32201,4,1
2,Payment,1764751496.254027,14854,1,1
2,Payment,1764751496.260468,14219,5,1
2,Payment,1764751496.261043,16891,0,1
2,Payment,1764751496.261120,28327,7,1
2,Payment,1764751496.261182,13504,13,1
1,NewOrder,1764751496.263492,17920,3,1
2,Payment,1764751496.263533,14506,11,1
4,Delivery,1764751496.268892,41778,1,1
3,OrderStatus,1764751496.268899,797,15,1
1,NewOrder,1764751496.269161,50951,8,1
1,NewOrder,1764751496.269702,35381,15,1
2,Payment,1764751496.270786,15436,2,1
4,Delivery,1764751496.274700,53627,5,1
4,Delivery,1764751496.274700,40320,13,1
1,NewOrder,1764751496.274701,36018,10,1
2,Payment,1764751496.274848,14537,9,1
1,NewOrder,1764751496.275528,39277,6,1
1,NewOrder,1764751496.277943,48731,0,1
2,Payment,1764751496.278042,27099,11,1
2,Payment,1764751496.279259,25796,12,1
1,NewOrder,1764751496.281414,33259,14,1
3,OrderStatus,1764751496.281419,3897,3,1
5,StockLevel,1764751496.285326,25341,3,1
2,Payment,1764751496.286227,24441,4,1
1,NewOrder,1764751496.286228,28414,2,1
1,NewOrder,1764751496.289393,25335,9,1
1,NewOrder,1764751496.289454,25053,7,1
2,Payment,1764751496.305072,14847,12,1
1,NewOrder,1764751496.305093,25082,15,1
2,Payment,1764751496.305145,14789,11,1
1,NewOrder,1764751496.310681,24686,3,1
2,Payment,1764751496.310682,17161,4,1
1,NewOrder,1764751496.310682,29966,1,1
1,NewOrder,1764751496.310722,24646,10,1
2,Payment,1764751496.314520,29467,7,1
2,Payment,1764751496.314647,13191,2,1
1,NewOrder,1764751496.314676,29307,14,1
2,Payment,1764751496.314733,13825,9,1
2,Payment,1764751496.314814,15383,6,1
1,NewOrder,1764751496.315027,29258,13,1
1,NewOrder,1764751496.319931,24055,12,1
1,NewOrder,1764751496.319948,136430,11,1
2,Payment,1764751496.320115,15257,8,1
2,Payment,1764751496.326690,17547,0,1
3,OrderStatus,1764751496.327851,12802,2,1
1,NewOrder,1764751496.327851,195626,4,1
5,StockLevel,1764751496.328333,15663,5,1
1,NewOrder,1764751496.328565,195007,9,1
2,Payment,1764751496.330183,13949,15,1
4,Delivery,1764751496.330204,126281,6,1
1,NewOrder,1764751496.335384,188783,10,1
1,NewOrder,1764751496.335385,188232,8,1
4,Delivery,1764751496.335385,188223,3,1
2,Payment,1764751496.340664,115714,1,1
1,NewOrder,1764751496.340666,183150,2,1
2,Payment,1764751496.343995,112400,12,1
3,OrderStatus,1764751496.343995,2157,7,1
4,Delivery,1764751496.343995,180204,14,1
1,NewOrder,1764751496.344002,179713,5,1
2,Payment,1764751496.344141,179328,15,1
1,NewOrder,1764751496.344242,179229,0,1
2,Payment,1764751496.344287,179426,13,1
3,OrderStatus,1764751496.346162,1255,7,1
3,OrderStatus,1764751496.347425,108928,7,1
1,NewOrder,1764751496.456369,67349,7,1
1,NewOrder,1764751496.456388,67144,1,1
2,Payment,1764751496.456389,67236,11,1
1,NewOrder,1764751496.456400,67385,12,1
1,NewOrder,1764751496.456491,79133,6,1
2,Payment,1764751496.523488,19130,0,1
4,Delivery,1764751496.523488,24533,4,1
1,NewOrder,1764751496.523488,19103,15,1
1,NewOrder,1764751496.523537,24437,1,1
2,Payment,1764751496.523577,18995,9,1
1,NewOrder,1764751496.523614,27771,3,1
2,Payment,1764751496.523619,18914,8,1
2,Payment,1764751496.523630,19019,11,1
1,NewOrder,1764751496.523716,18902,13,1
2,Payment,1764751496.523718,18874,5,1
1,NewOrder,1764751496.523723,25402,7,1
3,OrderStatus,1764751496.523788,18773,12,1
2,Payment,1764751496.523819,18711,2,1
1,NewOrder,1764751496.524172,29105,10,1
2,Payment,1764751496.524200,18383,14,1
2,Payment,1764751496.535635,13741,6,1
3,OrderStatus,1764751496.542542,3318,2,1
1,NewOrder,1764751496.542543,24164,8,1
2,Payment,1764751496.542567,12388,12,1
1,NewOrder,1764751496.542578,24177,9,1
1,NewOrder,1764751496.542586,24186,14,1
2,Payment,1764751496.542593,11295,15,1
1,NewOrder,1764751496.542599,24317,5,1
1,NewOrder,1764751496.542623,18719,13,1
1,NewOrder,1764751496.542625,18381,0,1
2,Payment,1764751496.542653,13225,11,1
2,Payment,1764751496.545886,11380,2,1
2,Payment,1764751496.547982,24010,1,1
2,Payment,1764751496.548027,13009,4,1
2,Payment,1764751496.549132,11873,7,1
1,NewOrder,1764751496.549380,33924,6,1
1,NewOrder,1764751496.551393,15311,3,1
2,Payment,1764751496.553284,10116,10,1
2,Payment,1764751496.553893,9476,15,1
1,NewOrder,1764751496.554961,25030,12,1
1,NewOrder,1764751496.555891,24060,11,1
1,NewOrder,1764751496.557272,6173,2,1
2,Payment,1764751496.561013,19024,0,1
1,NewOrder,1764751496.561014,26142,7,1
1,NewOrder,1764751496.561041,25836,4,1
2,Payment,1764751496.561348,11246,13,1
1,NewOrder,1764751496.563376,23617,15,1
1,NewOrder,1764751496.563407,23956,10,1
1,NewOrder,1764751496.563450,37257,2,1
2,Payment,1764751496.566714,16649,3,1
2,Payment,1764751496.566716,16753,8,1
1,NewOrder,1764751496.566760,29157,9,1
2,Payment,1764751496.566774,16546,14,1
4,Delivery,1764751496.566920,43868,5,1
1,NewOrder,1764751496.572002,28717,1,1
1,NewOrder,1764751496.572600,28118,13,1
2,Payment,1764751496.579960,20755,11,1
1,NewOrder,1764751496.579999,30789,12,1
1,NewOrder,1764751496.580044,27823,0,1
1,NewOrder,1764751496.583311,27479,6,1
1,NewOrder,1764751496.583327,21372,14,1
1,NewOrder,1764751496.583369,21011,3,1
4,Delivery,1764751496.583475,37662,8,1
5,StockLevel,1764751496.586885,17415,4,1
1,NewOrder,1764751496.586999,17348,15,1
3,OrderStatus,1764751496.587168,17133,7,1
2,Payment,1764751496.587368,16939,10,1
2,Payment,1764751496.595931,23096,9,1
1,NewOrder,1764751496.600724,23232,2,1
1,NewOrder,1764751496.600727,20041,13,1
3,OrderStatus,1764751496.600727,10119,1,1
2,Payment,1764751496.600738,15038,11,1
2,Payment,1764751496.604307,14713,4,1
2,Payment,1764751496.604308,15018,7,1
1,NewOrder,1764751496.604314,22729,10,1
2,Payment,1764751496.604354,14660,15,1
2,Payment,1764751496.604383,14609,3,1
2,Payment,1764751496.604706,32391,14,1
2,Payment,1764751496.607874,12743,0,1
1,NewOrder,1764751496.610796,25838,12,1
2,Payment,1764751496.610797,25797,6,1
2,Payment,1764751496.610798,25763,5,1
1,NewOrder,1764751496.610849,20807,1,1
1,NewOrder,1764751496.615786,27058,11,1
2,Payment,1764751496.619000,12767,3,1
4,Delivery,1764751496.619021,37067,15,1
1,NewOrder,1764751496.619027,23434,4,1
1,NewOrder,1764751496.619036,27926,9,1
1,NewOrder,1764751496.619331,39712,7,1
2,Payment,1764751496.620624,16499,0,1
1,NewOrder,1764751496.620774,28185,13,1
5,StockLevel,1764751496.621143,15947,8,1
1,NewOrder,1764751496.623967,18703,2,1
1,NewOrder,1764751496.627058,21898,10,1
2,Payment,1764751496.631667,10912,1,1
2,Payment,1764751496.631777,14394,3,1
1,NewOrder,1764751496.636567,46966,5,1
2,Payment,1764751496.636601,16226,6,1
3,OrderStatus,1764751496.636638,3639,12,1
1,NewOrder,1764751496.637096,22153,8,1
2,Payment,1764751496.637102,16012,14,1
5,StockLevel,1764751496.637130,11899,0,1
1,NewOrder,1764751496.640285,34994,12,1
2,Payment,1764751496.642469,13820,4,1
1,NewOrder,1764751496.642588,40922,1,1
2,Payment,1764751496.642679,13594,2,1
1,NewOrder,1764751496.642851,33425,11,1
1,NewOrder,1764751496.646179,21923,3,1
2,Payment,1764751496.646969,15202,9,1
1,NewOrder,1764751496.648965,28772,10,1
1,NewOrder,1764751496.648967,34207,13,1
1,NewOrder,1764751496.649037,29957,0,1
1,NewOrder,1764751496.652839,32433,6,1
1,NewOrder,1764751496.653120,36547,14,1
1,NewOrder,1764751496.656097,29104,15,1
2,Payment,1764751496.656281,18940,2,1
2,Payment,1764751496.656296,18940,4,1
1,NewOrder,1764751496.659051,31327,7,1
2,Payment,1764751496.659256,18501,8,1
1,NewOrder,1764751496.662178,27491,9,1
2,Payment,1764751496.668110,15032,3,1
2,Payment,1764751496.675231,14440,2,1
2,Payment,1764751496.675245,14454,4,1
1,NewOrder,1764751496.675286,26293,12,1
1,NewOrder,1764751496.676283,39102,11,1
1,NewOrder,1764751496.677745,23778,10,1
2,Payment,1764751496.677762,16103,8,1
3,OrderStatus,1764751496.679001,1138,0,1
1,NewOrder,1764751496.680146,32155,0,1
4,Delivery,1764751496.683150,40886,3,1
1,NewOrder,1764751496.683181,18287,13,1
2,Payment,1764751496.683516,22252,1,1
2,Payment,1764751496.683540,22131,5,1
1,NewOrder,1764751496.685208,19969,15,1
2,Payment,1764751496.685279,16192,6,1
1,NewOrder,1764751496.689674,31874,14,1
1,NewOrder,1764751496.689676,21949,9,1
1,NewOrder,1764751496.689678,22050,2,1
1,NewOrder,1764751496.689706,25768,4,1
5,StockLevel,1764751496.690384,15356,7,1
1,NewOrder,1764751496.693873,26931,8,1
1,NewOrder,1764751496.701478,19401,13,1
1,NewOrder,1764751496.701480,25335,6,1
1,NewOrder,1764751496.701530,19491,10,1
1,NewOrder,1764751496.701583,25272,12,1
1,NewOrder,1764751496.705189,21504,15,1
2,Payment,1764751496.705677,15551,5,1
2,Payment,1764751496.705748,14741,7,1
1,NewOrder,1764751496.705775,31649,1,1
1,NewOrder,1764751496.711636,32430,9,1
1,NewOrder,1764751496.711732,32334,2,1
4,Delivery,1764751496.712311,40849,0,1
1,NewOrder,1764751496.715394,28956,11,1
1,NewOrder,1764751496.715481,35364,4,1
2,Payment,1764751496.720499,16951,7,1
2,Payment,1764751496.720815,16462,8,1
3,OrderStatus,1764751496.720888,9299,13,1
2,Payment,1764751496.721028,16284,10,1
1,NewOrder,1764751496.721249,20247,5,1
1,NewOrder,1764751496.721555,22570,14,1
2,Payment,1764751496.724051,13340,3,1
3,OrderStatus,1764751496.726701,1997,15,1
2,Payment,1764751496.726823,52554,6,1
1,NewOrder,1764751496.726862,35039,12,1
1,NewOrder,1764751496.728707,24425,15,1
1,NewOrder,1764751496.730195,31773,13,1
2,Payment,1764751496.737288,15838,8,1
1,NewOrder,1764751496.737320,24445,10,1
1,NewOrder,1764751496.737394,47306,3,1
1,NewOrder,1764751496.737427,41943,1,1
2,Payment,1764751496.737452,13384,7,1
1,NewOrder,1764751496.741510,30224,5,1
2,Payment,1764751496.744076,17735,2,1
1,NewOrder,1764751496.744076,35152,9,1
1,NewOrder,1764751496.744134,22472,14,1
5,StockLevel,1764751496.744355,14759,11,1
2,Payment,1764751496.750845,15845,7,1
1,NewOrder,1764751496.750853,28068,4,1
4,Delivery,1764751496.753132,51953,8,1
1,NewOrder,1764751496.753139,32010,15,1
1,NewOrder,1764751496.753167,22061,0,1
1,NewOrder,1764751496.759122,32579,11,1
2,Payment,1764751496.761772,17017,10,1
2,Payment,1764751496.761818,22796,2,1
1,NewOrder,1764751496.761907,25879,12,1
2,Payment,1764751496.761977,22617,13,1
3,OrderStatus,1764751496.766616,3123,14,1
1,NewOrder,1764751496.766697,20977,7,1
1,NewOrder,1764751496.769747,21960,14,1
1,NewOrder,1764751496.771742,23958,5,1
2,Payment,1764751496.775239,16542,0,1
2,Payment,1764751496.778800,12852,10,1
3,OrderStatus,1764751496.778929,12736,4,1
4,Delivery,1764751496.779234,24861,9,1
2,Payment,1764751496.779376,24713,1,1
1,NewOrder,1764751496.779384,29315,6,1
1,NewOrder,1764751496.784602,19591,13,1
5,StockLevel,1764751496.784622,11142,2,1
2,Payment,1764751496.784706,15229,3,1
2,Payment,1764751496.785155,14775,15,1
3,OrderStatus,1764751496.787681,1160,7,1
2,Payment,1764751496.787792,16365,12,1
1,NewOrder,1764751496.788848,30607,7,1
2,Payment,1764751496.791659,12654,10,1
3,OrderStatus,1764751496.791672,1359,4,1
1,NewOrder,1764751496.791707,27735,11,1
1,NewOrder,1764751496.791710,31250,14,1
1,NewOrder,1764751496.791785,28827,0,1
2,Payment,1764751496.793037,11706,4,1
2,Payment,1764751496.795707,24926,5,1
1,NewOrder,1764751496.795770,32320,2,1
3,OrderStatus,1764751496.799938,1206,15,1
1,NewOrder,1764751496.799941,28330,3,1
1,NewOrder,1764751496.801151,31639,15,1
2,Payment,1764751496.804097,15397,1,1
2,Payment,1764751496.804102,15353,9,1
2,Payment,1764751496.804163,15593,12,1
3,OrderStatus,1764751496.804196,10117,13,1
1,NewOrder,1764751496.804316,24256,10,1
4,Delivery,1764751496.804749,30115,4,1
1,NewOrder,1764751496.805094,23535,8,1
2,Payment,1764751496.808706,14253,6,1
1,NewOrder,1764751496.814330,32181,13,1
1,NewOrder,1764751496.819452,24509,11,1
1,NewOrder,1764751496.819464,20940,9,1
1,NewOrder,1764751496.819464,37030,7,1
1,NewOrder,1764751496.819497,29111,1,1
2,Payment,1764751496.819763,13278,12,1
1,NewOrder,1764751496.820618,25790,0,1
3,OrderStatus,1764751496.820639,12095,5,1
1,NewOrder,1764751496.822966,23449,6,1
2,Payment,1764751496.822967,17450,14,1
3,OrderStatus,1764751496.828097,3070,2,1
1,NewOrder,1764751496.828277,23339,3,1
1,NewOrder,1764751496.828577,39105,10,1
2,Payment,1764751496.828637,15265,8,1
2,Payment,1764751496.831174,12866,2,1
2,Payment,1764751496.832741,13828,5,1
5,StockLevel,1764751496.832799,11260,15,1
2,Payment,1764751496.833046,18672,12,1
1,NewOrder,1764751496.834871,28179,4,1
1,NewOrder,1764751496.840413,27451,9,1
2,Payment,1764751496.840425,11180,14,1
1,NewOrder,1764751496.843912,28862,8,1
2,Payment,1764751496.843969,15046,11,1
1,NewOrder,1764751496.844043,32318,2,1
1,NewOrder,1764751496.844065,34672,15,1
1,NewOrder,1764751496.846417,26520,0,1
1,NewOrder,1764751496.846423,22840,6,1
2,Payment,1764751496.846517,32155,13,1
2,Payment,1764751496.846575,12498,5,1
1,NewOrder,1764751496.848618,27750,1,1
1,NewOrder,1764751496.851613,24751,14,1
1,NewOrder,1764751496.851623,21173,3,1
2,Payment,1764751496.851723,15790,12,1
1,NewOrder,1764751496.856502,32094,7,1
2,Payment,1764751496.859023,13826,11,1
1,NewOrder,1764751496.859080,25402,5,1
1,NewOrder,1764751496.863057,15616,4,1
2,Payment,1764751496.867521,28098,12,1
1,NewOrder,1764751496.867691,16618,10,1
2,Payment,1764751496.867871,10866,9,1
2,Payment,1764751496.869270,12099,6,1
2,Payment,1764751496.872801,11566,8,1
1,NewOrder,1764751496.872804,22770,3,1
2,Payment,1764751496.872873,11793,11,1
1,NewOrder,1764751496.872946,22732,0,1
2,Payment,1764751496.876370,25579,2,1
2,Payment,1764751496.876371,11017,14,1
2,Payment,1764751496.876375,11057,1,1
2,Payment,1764751496.878680,31537,13,1
1,NewOrder,1764751496.878682,29146,4,1
1,NewOrder,1764751496.878744,21916,9,1
4,Delivery,1764751496.878770,39582,15,1
1,NewOrder,1764751496.881382,22480,6,1
1,NewOrder,1764751496.884317,23459,10,1
2,Payment,1764751496.884369,16337,8,1
3,OrderStatus,1764751496.884490,11070,5,1
1,NewOrder,1764751496.884672,25648,11,1
2,Payment,1764751496.887395,13206,14,1
2,Payment,1764751496.887438,26080,1,1
1,NewOrder,1764751496.888603,34234,7,1
1,NewOrder,1764751496.895569,27302,5,1
2,Payment,1764751496.895581,14622,3,1
3,OrderStatus,1764751496.895626,12219,12,1
1,NewOrder,1764751496.895681,17740,0,1
3,OrderStatus,1764751496.900609,9615,14,1
2,Payment,1764751496.900667,12985,9,1
2,Payment,1764751496.900709,12716,8,1
2,Payment,1764751496.901974,29514,2,1
2,Payment,1764751496.903870,14563,6,1
2,Payment,1764751496.907791,23659,10,1
1,NewOrder,1764751496.907837,23584,4,1
1,NewOrder,1764751496.907852,31474,12,1
2,Payment,1764751496.910211,12616,3,1
1,NewOrder,1764751496.910223,28716,13,1
2,Payment,1764751496.910231,12596,14,1
1,NewOrder,1764751496.910324,29114,11,1
2,Payment,1764751496.913438,18040,0,1
1,NewOrder,1764751496.913439,22007,8,1
2,Payment,1764751496.913525,32958,1,1
1,NewOrder,1764751496.913657,25298,9,1
1,NewOrder,1764751496.918361,34474,15,1
2,Payment,1764751496.918440,16927,6,1
2,Payment,1764751496.922835,16068,14,1
2,Payment,1764751496.922843,25921,7,1
2,Payment,1764751496.922844,16076,3,1
2,Payment,1764751496.922874,16057,5,1
4,Delivery,1764751496.931430,28898,4,1
2,Payment,1764751496.931472,15057,10,1
1,NewOrder,1764751496.931485,28911,0,1
2,Payment,1764751496.931495,31954,2,1
1,NewOrder,1764751496.935377,19645,6,1
2,Payment,1764751496.935448,13330,8,1
1,NewOrder,1764751496.938914,15987,14,1
2,Payment,1764751496.938928,13913,3,1
4,Delivery,1764751496.938937,22167,5,1
3,OrderStatus,1764751496.938946,1555,13,1
2,Payment,1764751496.938957,37901,9,1
1,NewOrder,1764751496.939332,24096,12,1
2,Payment,1764751496.939444,13427,11,1
1,NewOrder,1764751496.940508,23791,13,1
1,NewOrder,1764751496.946493,24074,1,1
2,Payment,1764751496.946532,16892,10,1
2,Payment,1764751496.948771,14600,7,1
1,NewOrder,1764751496.948788,28123,8,1
1,NewOrder,1764751496.952842,17705,15,1
1,NewOrder,1764751496.952847,21790,3,1
2,Payment,1764751496.952878,11134,11,1
2,Payment,1764751496.954908,13021,14,1
1,NewOrder,1764751496.955028,32407,6,1
2,Payment,1764751496.960338,10198,4,1
1,NewOrder,1764751496.960407,18916,0,1
2,Payment,1764751496.961109,24128,5,1
1,NewOrder,1764751496.963378,24167,7,1
1,NewOrder,1764751496.963431,23934,10,1
3,OrderStatus,1764751496.963437,1204,12,1
2,Payment,1764751496.963455,13639,2,1
2,Payment,1764751496.964019,13039,11,1
3,OrderStatus,1764751496.964308,10321,13,1
2,Payment,1764751496.964648,12194,12,1
2,Payment,1764751496.967943,11374,14,1
2,Payment,1764751496.970545,29678,4,1
1,NewOrder,1764751496.970555,29720,15,1
3,OrderStatus,1764751496.970569,8821,1,1
2,Payment,1764751496.974636,12789,13,1
1,NewOrder,1764751496.974644,29665,3,1
1,NewOrder,1764751496.976849,23375,12,1
1,NewOrder,1764751496.976865,20266,9,1
3,OrderStatus,1764751496.976917,997,8,1
1,NewOrder,1764751496.977062,27008,11,1
1,NewOrder,1764751496.977097,20083,2,1
1,NewOrder,1764751496.977921,26122,8,1
2,Payment,1764751496.979323,17884,14,1
5,StockLevel,1764751496.979330,13481,0,1
3,OrderStatus,1764751496.979397,8925,1,1
5,StockLevel,1764751496.985248,15208,5,1
1,NewOrder,1764751496.987372,27168,10,1
2,Payment,1764751496.987432,15581,13,1
1,NewOrder,1764751496.987442,30146,6,1
2,Payment,1764751496.987549,15233,7,1
2,Payment,1764751496.988328,14555,1,1
1,NewOrder,1764751496.992820,19013,0,1
2,Payment,1764751496.997145,11840,9,1
1,NewOrder,1764751496.997189,33142,2,1
1,NewOrder,1764751496.997214,26669,14,1
1,NewOrder,1764751497.000231,29885,12,1
1,NewOrder,1764751497.000232,23642,4,1
2,Payment,1764751497.000282,14422,15,1
1,NewOrder,1764751497.000463,27938,5,1
2,Payment,1764751497.002789,13545,7,1
1,NewOrder,1764751497.002909,27264,1,1
1,NewOrder,1764751497.003020,27067,13,1
2,Payment,1764751497.004050,13438,8,1
2,Payment,1764751497.004072,10833,11,1
1,NewOrder,1764751497.004315,26507,3,1
2,Payment,1764751497.008994,10423,9,1
1,NewOrder,1764751497.011841,29268,0,1
3,OrderStatus,1764751497.014547,9363,10,1
1,NewOrder,1764751497.014711,26321,15,1
1,NewOrder,1764751497.014912,35632,11,1
1,NewOrder,1764751497.016340,21491,7,1
1,NewOrder,1764751497.017495,25793,8,1
2,Payment,1764751497.017597,12779,6,1
1,NewOrder,1764751497.019438,18485,9,1
2,Payment,1764751497.023881,13881,4,1
1,NewOrder,1764751497.023890,20229,14,1
1,NewOrder,1764751497.023911,27886,10,1
1,NewOrder,1764751497.028412,32329,5,1
2,Payment,1764751497.030097,13163,13,1
1,NewOrder,1764751497.030124,23393,12,1
1,NewOrder,1764751497.030180,23100,1,1
1,NewOrder,1764751497.030340,33306,2,1
2,Payment,1764751497.030378,17552,6,1
1,NewOrder,1764751497.030827,26466,3,1
1,NewOrder,1764751497.037771,26128,4,1
2,Payment,1764751497.037841,22909,7,1
2,Payment,1764751497.037927,13560,9,1
1,NewOrder,1764751497.041039,22813,15,1
1,NewOrder,1764751497.041116,32259,0,1
2,Payment,1764751497.043267,14019,13,1
1,NewOrder,1764751497.043289,17465,8,1
2,Payment,1764751497.044126,13135,14,1
1,NewOrder,1764751497.047937,29942,6,1
2,Payment,1764751497.050557,16189,11,1
2,Payment,1764751497.051504,12134,9,1
1,NewOrder,1764751497.051805,29486,10,1
2,Payment,1764751497.053289,13563,1,1
1,NewOrder,1764751497.053525,28025,12,1
1,NewOrder,1764751497.057269,20513,14,1
2,Payment,1764751497.057293,16083,13,1
1,NewOrder,1764751497.057296,27122,3,1
2,Payment,1764751497.060750,17087,5,1
1,NewOrder,1764751497.060762,20509,8,1
2,Payment,1764751497.060763,17209,7,1
1,NewOrder,1764751497.063650,26043,9,1
2,Payment,1764751497.063670,17476,2,1
1,NewOrder,1764751497.063859,17263,15,1
2,Payment,1764751497.063906,25839,4,1
1,NewOrder,1764751497.066757,27405,11,1
1,NewOrder,1764751497.066856,27513,1,1
1,NewOrder,1764751497.073384,20826,0,1
2,Payment,1764751497.073384,16285,13,1
2,Payment,1764751497.077792,16305,14,1
2,Payment,1764751497.077844,42601,5,1
1,NewOrder,1764751497.077882,25573,6,1
1,NewOrder,1764751497.077978,28771,7,1
2,Payment,1764751497.081131,25628,15,1
1,NewOrder,1764751497.081154,22301,2,1
1,NewOrder,1764751497.081275,29900,8,1
2,Payment,1764751497.081299,12885,10,1
3,OrderStatus,1764751497.081556,12534,12,1
1,NewOrder,1764751497.084425,19013,3,1
1,NewOrder,1764751497.089680,25998,13,1
2,Payment,1764751497.089700,37743,9,1
2,Payment,1764751497.089751,14290,4,1
1,NewOrder,1764751497.094099,17072,12,1
1,NewOrder,1764751497.094104,26286,14,1
2,Payment,1764751497.094169,17008,11,1
2,Payment,1764751497.094190,17049,10,1
1,NewOrder,1764751497.094216,21459,0,1
1,NewOrder,1764751497.094374,21266,1,1
5,StockLevel,1764751497.103448,12338,3,1
2,Payment,1764751497.103463,12321,6,1
2,Payment,1764751497.103464,12239,2,1
2,Payment,1764751497.104047,29808,4,1
2,Payment,1764751497.106755,24038,7,1
1,NewOrder,1764751497.106766,21160,15,1
5,StockLevel,1764751497.111178,19581,12,1
2,Payment,1764751497.111183,16262,8,1
1,NewOrder,1764751497.111185,22675,11,1
1,NewOrder,1764751497.111248,29138,10,1
2,Payment,1764751497.115646,12264,1,1
5,StockLevel,1764751497.115682,11766,0,1
2,Payment,1764751497.115686,15103,13,1
1,NewOrder,1764751497.115710,24744,2,1
1,NewOrder,1764751497.115790,30645,6,1
2,Payment,1764751497.115790,14998,3,1
2,Payment,1764751497.120402,13775,14,1
2,Payment,1764751497.120454,29271,5,1
1,NewOrder,1764751497.127453,24563,8,1
2,Payment,1764751497.127453,12855,9,1
2,Payment,1764751497.127454,12859,0,1
2,Payment,1764751497.127918,12377,1,1
2,Payment,1764751497.127932,21751,15,1
1,NewOrder,1764751497.130765,21280,12,1
2,Payment,1764751497.130796,15633,13,1
2,Payment,1764751497.130796,9655,3,1
1,NewOrder,1764751497.130801,23148,7,1
5,StockLevel,1764751497.133862,15813,4,1
2,Payment,1764751497.133867,15806,11,1
1,NewOrder,1764751497.134183,26312,14,1
1,NewOrder,1764751497.140302,20418,1,1
1,NewOrder,1764751497.140317,33311,9,1
2,Payment,1764751497.140321,12809,0,1
2,Payment,1764751497.140389,12818,10,1
1,NewOrder,1764751497.140457,32853,3,1
5,StockLevel,1764751497.140460,11700,2,1
3,OrderStatus,1764751497.146439,11901,13,1
2,Payment,1764751497.146444,14048,6,1
1,NewOrder,1764751497.149680,23901,11,1
2,Payment,1764751497.149682,14374,4,1
1,NewOrder,1764751497.149689,33905,15,1
1,NewOrder,1764751497.149731,26543,5,1
2,Payment,1764751497.152025,17554,8,1
1,NewOrder,1764751497.152047,33259,12,1
4,Delivery,1764751497.152167,49299,2,1
2,Payment,1764751497.153137,20348,0,1
2,Payment,1764751497.153240,16349,10,1
2,Payment,1764751497.153957,19947,7,1
2,Payment,1764751497.158349,15031,13,1
1,NewOrder,1764751497.160500,30693,6,1
2,Payment,1764751497.160502,13999,14,1
1,NewOrder,1764751497.160727,30570,1,1
1,NewOrder,1764751497.164062,40839,4,1
3,OrderStatus,1764751497.169587,991,8,1
1,NewOrder,1764751497.169596,37088,10,1
1,NewOrder,1764751497.170585,34630,8,1
2,Payment,1764751497.173318,22313,3,1
5,StockLevel,1764751497.173387,17809,13,1
1,NewOrder,1764751497.173494,46933,0,1
1,NewOrder,1764751497.173589,27911,11,1
1,NewOrder,1764751497.173634,31952,9,1
2,Payment,1764751497.173910,21786,7,1
1,NewOrder,1764751497.174508,36781,14,1
4,Delivery,1764751497.176281,51524,5,1
1,NewOrder,1764751497.183610,31453,15,1
2,Payment,1764751497.185318,16271,12,1
2,Payment,1764751497.191207,28695,6,1
2,Payment,1764751497.191208,29090,13,1
2,Payment,1764751497.191304,19836,1,1
1,NewOrder,1764751497.195642,37325,3,1
1,NewOrder,1764751497.195703,31696,7,1
1,NewOrder,1764751497.201478,37549,2,1
4,Delivery,1764751497.201508,53307,11,1
1,NewOrder,1764751497.201596,42467,12,1
2,Payment,1764751497.204914,20265,4,1
3,OrderStatus,1764751497.205228,3724,8,1
1,NewOrder,1764751497.205594,29697,9,1
1,NewOrder,1764751497.206691,36810,10,1
2,Payment,1764751497.208962,15574,8,1
2,Payment,1764751497.211150,16278,1,1
2,Payment,1764751497.211297,13240,14,1
1,NewOrder,1764751497.215077,50642,15,1
2,Payment,1764751497.219920,13096,6,1
1,NewOrder,1764751497.220311,39994,13,1
2,Payment,1764751497.220436,15592,0,1
1,NewOrder,1764751497.224548,41231,14,1
1,NewOrder,1764751497.224549,30104,8,1
1,NewOrder,1764751497.225185,32268,4,1
1,NewOrder,1764751497.227408,48551,7,1
1,NewOrder,1764751497.227430,38307,1,1
2,Payment,1764751497.227813,15651,5,1
4,Delivery,1764751497.232982,36112,3,1
1,NewOrder,1764751497.233025,42959,6,1
2,Payment,1764751497.235337,22118,9,1
2,Payment,1764751497.236038,24362,0,1
2,Payment,1764751497.239039,21265,2,1
2,Payment,1764751497.243478,22249,5,1
3,OrderStatus,1764751497.243511,16780,10,1
5,StockLevel,1764751497.244070,16413,12,1
4,Delivery,1764751497.254672,56650,8,1
2,Payment,1764751497.254828,14867,11,1
3,OrderStatus,1764751497.257466,14423,9,1
1,NewOrder,1764751497.257467,39737,4,1
1,NewOrder,1764751497.260314,36191,2,1
2,Payment,1764751497.260315,15721,10,1
1,NewOrder,1764751497.260315,18478,13,1
2,Payment,1764751497.260407,15512,0,1
1,NewOrder,1764751497.260487,25400,12,1
3,OrderStatus,1764751497.265733,1819,15,1
1,NewOrder,1764751497.265736,40058,5,1
1,NewOrder,1764751497.265744,43074,1,1
2,Payment,1764751497.265786,20131,14,1
1,NewOrder,1764751497.267562,33477,15,1
1,NewOrder,1764751497.269103,39646,3,1
1,NewOrder,1764751497.269704,41531,11,1
2,Payment,1764751497.271899,40000,9,1
3,OrderStatus,1764751497.275932,8234,0,1
2,Payment,1764751497.275972,51794,7,1
2,Payment,1764751497.275991,20467,6,1
2,Payment,1764751497.276040,20507,10,1
4,Delivery,1764751497.278808,35334,13,1
1,NewOrder,1764751497.284182,21519,0,1
1,NewOrder,1764751497.285900,31875,12,1
2,Payment,1764751497.285927,19325,14,1
2,Payment,1764751497.296475,15129,6,1
1,NewOrder,1764751497.296507,32088,2,1
1,NewOrder,1764751497.296557,31585,10,1
1,NewOrder,1764751497.297211,28423,4,1
2,Payment,1764751497.301050,31478,15,1
2,Payment,1764751497.305264,14526,14,1
3,OrderStatus,1764751497.305709,3852,0,1
1,NewOrder,1764751497.305803,22093,5,1
1,NewOrder,1764751497.308756,24011,3,1
4,Delivery,1764751497.308825,23815,1,1
2,Payment,1764751497.309568,16044,0,1
2,Payment,1764751497.311243,14331,11,1
2,Payment,1764751497.311328,16365,8,1
1,NewOrder,1764751497.311611,20851,6,1
1,NewOrder,1764751497.311905,25357,9,1
2,Payment,1764751497.314148,13691,13,1
4,Delivery,1764751497.317785,29325,12,1
1,NewOrder,1764751497.319799,27324,14,1
2,Payment,1764751497.325585,11509,11,1
3,OrderStatus,1764751497.325620,10355,0,1
1,NewOrder,1764751497.325642,21742,4,1
2,Payment,1764751497.327701,17139,8,1
2,Payment,1764751497.327768,14153,7,1
2,Payment,1764751497.327848,19201,13,1
1,NewOrder,1764751497.327900,32628,5,1
2,Payment,1764751497.328149,15847,10,1
1,NewOrder,1764751497.328600,28959,2,1
2,Payment,1764751497.332482,24696,6,1
2,Payment,1764751497.332534,14597,15,1
3,OrderStatus,1764751497.332650,11749,1,1
2,Payment,1764751497.332774,14734,3,1
1,NewOrder,1764751497.335985,34119,0,1
1,NewOrder,1764751497.337103,23533,11,1
4,Delivery,1764751497.337272,23344,9,1
1,NewOrder,1764751497.341933,26749,7,1
2,Payment,1764751497.344004,13266,10,1
2,Payment,1764751497.344407,16395,1,1
2,Payment,1764751497.344847,15603,8,1
3,OrderStatus,1764751497.347057,1727,13,1
1,NewOrder,1764751497.347112,48108,12,1
2,Payment,1764751497.347132,21734,14,1
1,NewOrder,1764751497.347133,22148,15,1
1,NewOrder,1764751497.347391,51830,4,1
1,NewOrder,1764751497.347514,51683,3,1
1,NewOrder,1764751497.348791,50518,13,1
5,StockLevel,1764751497.357193,17057,6,1
2,Payment,1764751497.357278,17340,10,1
2,Payment,1764751497.357566,50830,2,1
2,Payment,1764751497.360462,14145,8,1
1,NewOrder,1764751497.360532,34738,5,1
2,Payment,1764751497.360625,44328,9,1
1,NewOrder,1764751497.360640,34605,11,1
2,Payment,1764751497.360809,19034,1,1
2,Payment,1764751497.368699,36140,7,1
4,Delivery,1764751497.368877,39551,14,1
1,NewOrder,1764751497.369289,39119,15,1
2,Payment,1764751497.370111,34759,0,1
1,NewOrder,1764751497.374265,50788,6,1
1,NewOrder,1764751497.374614,36844,8,1
3,OrderStatus,1764751497.374626,1374,10,1
1,NewOrder,1764751497.376008,32666,10,1
1,NewOrder,1764751497.379853,28581,1,1
2,Payment,1764751497.395237,16283,12,1
3,OrderStatus,1764751497.395255,13274,11,1
1,NewOrder,1764751497.395277,59997,5,1
2,Payment,1764751497.399205,25840,3,1
1,NewOrder,1764751497.399228,28797,4,1
2,Payment,1764751497.399318,43103,13,1
2,Payment,1764751497.404849,23237,7,1
1,NewOrder,1764751497.404877,38553,0,1
2,Payment,1764751497.404961,23054,9,1
2,Payment,1764751497.408406,34023,2,1
2,Payment,1764751497.408414,33996,15,1
1,NewOrder,1764751497.408435,35031,14,1
3,OrderStatus,1764751497.408441,19694,1,1
3,OrderStatus,1764751497.408535,1400,11,1
2,Payment,1764751497.408679,61742,10,1
1,NewOrder,1764751497.409944,43824,11,1
4,Delivery,1764751497.411467,44813,8,1
2,Payment,1764751497.411527,53599,12,1
1,NewOrder,1764751497.425066,39983,6,1
2,Payment,1764751497.425066,21950,3,1
2,Payment,1764751497.428022,22051,9,1
2,Payment,1764751497.428032,25810,4,1
2,Payment,1764751497.428092,21986,7,1
3,OrderStatus,1764751497.428152,4629,1,1
2,Payment,1764751497.432792,32266,1,1
3,OrderStatus,1764751497.442423,11573,15,1
2,Payment,1764751497.442429,96606,13,1
3,OrderStatus,1764751497.442435,5413,2,1
1,NewOrder,1764751497.443436,26920,0,1
2,Payment,1764751497.443469,21833,14,1
2,Payment,1764751497.447025,23402,3,1
1,NewOrder,1764751497.447855,156496,2,1
1,NewOrder,1764751497.450082,88538,9,1
1,NewOrder,1764751497.450088,153956,7,1
1,NewOrder,1764751497.453780,84979,11,1
1,NewOrder,1764751497.453851,150245,4,1
1,NewOrder,1764751497.454002,150574,15,1
2,Payment,1764751497.455280,15946,5,1
2,Payment,1764751497.456286,15813,8,1
1,NewOrder,1764751497.465059,138997,6,1
1,NewOrder,1764751497.465064,139167,1,1
1,NewOrder,1764751497.465132,138935,12,1
3,OrderStatus,1764751497.465308,2012,14,1
2,Payment,1764751497.467327,74182,14,1
2,Payment,1764751497.470364,133631,0,1
2,Payment,1764751497.470428,133628,10,1
2,Payment,1764751497.470434,133561,3,1
2,Payment,1764751497.471232,133556,5,1
5,StockLevel,1764751497.472106,69408,8,1
2,Payment,1764751497.538636,154054,9,1
1,NewOrder,1764751497.538768,130501,11,1
2,Payment,1764751497.539039,130175,13,1
1,NewOrder,1764751497.541518,127802,14,1
2,Payment,1764751497.541520,127726,8,1
1,NewOrder,1764751497.604011,93839,0,1
2,Payment,1764751497.604011,88572,3,1
1,NewOrder,1764751497.604049,111821,7,1
4,Delivery,1764751497.604061,111630,10,1
1,NewOrder,1764751497.604062,111617,6,1
1,NewOrder,1764751497.604073,118057,12,1
1,NewOrder,1764751497.604101,93761,4,1
2,Payment,1764751497.604235,88343,1,1
1,NewOrder,1764751497.604355,111332,2,1
1,NewOrder,1764751497.604582,112618,15,1
2,Payment,1764751497.604792,93058,5,1
2,Payment,1764751497.669232,46674,13,1
2,Payment,1764751497.669255,46618,8,1
1,NewOrder,1764751497.669275,52808,11,1
2,Payment,1764751497.669324,46417,14,1
2,Payment,1764751497.692592,29507,1,1
2,Payment,1764751497.692592,29527,3,1
2,Payment,1764751497.692695,105672,9,1
1,NewOrder,1764751497.697858,100442,5,1
1,NewOrder,1764751497.697868,100443,4,1
2,Payment,1764751497.697871,100429,0,1
2,Payment,1764751497.715694,102519,6,1
2,Payment,1764751497.715696,252716,2,1
1,NewOrder,1764751497.715697,236071,10,1
2,Payment,1764751497.715747,102468,14,1
5,StockLevel,1764751497.715875,82425,7,1
1,NewOrder,1764751497.715879,102347,8,1
2,Payment,1764751497.715910,82528,13,1
3,OrderStatus,1764751497.717205,81228,15,1
1,NewOrder,1764751497.722092,96226,11,1
2,Payment,1764751497.722106,96099,1,1
2,Payment,1764751497.722125,96683,3,1
2,Payment,1764751497.722132,283564,12,1
1,NewOrder,1764751497.798319,173450,7,1
1,NewOrder,1764751497.798319,153355,4,1
1,NewOrder,1764751497.798319,153362,5,1
1,NewOrder,1764751497.798319,170070,0,1
3,OrderStatus,1764751497.798369,149022,9,1
1,NewOrder,1764751497.798436,170155,15,1
2,Payment,1764751497.798442,152945,13,1
1,NewOrder,1764751497.818220,153367,1,1
1,NewOrder,1764751497.818221,153464,6,1
2,Payment,1764751497.818222,150091,14,1
1,NewOrder,1764751497.818231,150471,8,1
2,Payment,1764751497.818323,150038,11,1
1,NewOrder,1764751497.818812,149533,3,1
2,Payment,1764751497.947410,53287,9,1
1,NewOrder,1764751497.951402,107491,13,1
1,NewOrder,1764751497.951680,107215,4,1
2,Payment,1764751497.951688,54009,5,1
1,NewOrder,1764751497.951771,129579,10,1
2,Payment,1764751497.968328,90571,14,1
2,Payment,1764751497.968353,90646,3,1
1,NewOrder,1764751497.968366,90584,11,1
1,NewOrder,1764751497.968395,5694,0,1
2,Payment,1764751497.968417,90783,2,1
1,NewOrder,1764751497.968594,90651,15,1
2,Payment,1764751497.968705,90255,8,1
1,NewOrder,1764751497.971595,87476,1,1
2,Payment,1764751497.971687,87379,6,1
1,NewOrder,1764751497.971775,107326,7,1
1,NewOrder,1764751497.974093,85067,0,1
2,Payment,1764751498.000711,78416,9,1
1,NewOrder,1764751498.005702,75548,12,1
1,NewOrder,1764751498.005704,75552,5,1
1,NewOrder,1764751498.058911,50317,13,1
2,Payment,1764751498.058911,22600,14,1
1,NewOrder,1764751498.058914,50268,4,1
1,NewOrder,1764751498.058956,121341,11,1
2,Payment,1764751498.058967,22397,8,1
1,NewOrder,1764751498.059004,141687,3,1
1,NewOrder,1764751498.059069,50068,6,1
2,Payment,1764751498.059074,22220,1,1
2,Payment,1764751498.059164,22191,0,1
1,NewOrder,1764751498.059203,22475,2,1
3,OrderStatus,1764751498.059247,21989,15,1
2,Payment,1764751498.079118,121713,7,1
5,StockLevel,1764751498.079137,121505,9,1
2,Payment,1764751498.081242,119425,15,1
2,Payment,1764751498.081255,119497,12,1
3,OrderStatus,1764751498.081261,26599,5,1
3,OrderStatus,1764751498.081296,24292,1,1
2,Payment,1764751498.081355,119500,10,1
2,Payment,1764751498.081362,119423,0,1
3,OrderStatus,1764751498.081370,119291,8,1
2,Payment,1764751498.081516,140951,14,1
1,NewOrder,1764751498.081682,119251,2,1
4,Delivery,1764751498.105601,113579,1,1
2,Payment,1764751498.107867,99009,5,1
2,Payment,1764751498.109143,163447,6,1
2,Payment,1764751498.109192,139207,4,1
2,Payment,1764751498.109233,163700,13,1
2,Payment,1764751498.180314,38867,11,1
1,NewOrder,1764751498.200660,72096,9,1
1,NewOrder,1764751498.200671,47735,8,1
1,NewOrder,1764751498.200672,47719,15,1
5,StockLevel,1764751498.200697,21822,3,1
2,Payment,1764751498.200757,21734,12,1
2,Payment,1764751498.200791,21727,0,1
2,Payment,1764751498.200835,21623,7,1
4,Delivery,1764751498.200856,71727,10,1
1,NewOrder,1764751498.200936,52494,2,1
1,NewOrder,1764751498.206890,65693,5,1
1,NewOrder,1764751498.219196,53600,1,1
1,NewOrder,1764751498.219196,53837,11,1
1,NewOrder,1764751498.222467,57602,7,1
1,NewOrder,1764751498.222473,50186,14,1
1,NewOrder,1764751498.222493,50089,12,1
1,NewOrder,1764751498.222521,62518,3,1
1,NewOrder,1764751498.222523,50313,0,1
1,NewOrder,1764751498.248406,31716,15,1
1,NewOrder,1764751498.248408,31583,4,1
2,Payment,1764751498.248412,27837,8,1
1,NewOrder,1764751498.253438,26606,2,1
2,Payment,1764751498.272598,29696,5,1
2,Payment,1764751498.272598,28987,6,1
4,Delivery,1764751498.272598,49540,10,1
3,OrderStatus,1764751498.272598,12438,12,1
1,NewOrder,1764751498.272663,49479,14,1
2,Payment,1764751498.272760,29157,9,1
2,Payment,1764751498.272800,28833,1,1
1,NewOrder,1764751498.272838,45151,0,1
1,NewOrder,1764751498.272935,49193,13,1
2,Payment,1764751498.273035,28543,11,1
1,NewOrder,1764751498.276264,49804,8,1
1,NewOrder,1764751498.279999,46196,4,1
2,Payment,1764751498.280047,45954,2,1
1,NewOrder,1764751498.280074,67896,7,1
1,NewOrder,1764751498.280128,42001,15,1
3,OrderStatus,1764751498.285047,887,12,1
1,NewOrder,1764751498.285047,37111,3,1
2,Payment,1764751498.285938,36218,12,1
4,Delivery,1764751498.301595,46352,11,1
1,NewOrder,1764751498.301595,24277,6,1
1,NewOrder,1764751498.301636,24360,1,1
3,OrderStatus,1764751498.301922,23707,9,1
2,Payment,1764751498.302300,23831,5,1
3,OrderStatus,1764751498.318003,30066,0,1
1,NewOrder,1764751498.322151,38837,15,1
1,NewOrder,1764751498.322160,38714,12,1
1,NewOrder,1764751498.322160,39055,3,1
1,NewOrder,1764751498.322163,38765,14,1
1,NewOrder,1764751498.322210,38699,13,1
1,NewOrder,1764751498.322219,41910,10,1
2,Payment,1764751498.325636,35232,9,1
1,NewOrder,1764751498.325878,35366,6,1
2,Payment,1764751498.326002,35271,1,1
2,Payment,1764751498.326006,68531,2,1
2,Payment,1764751498.326071,34771,8,1
1,NewOrder,1764751498.326137,34954,5,1
2,Payment,1764751498.326200,34765,4,1
3,OrderStatus,1764751498.347965,16171,11,1
1,NewOrder,1764751498.347980,46467,7,1
2,Payment,1764751498.348073,16787,0,1
2,Payment,1764751498.360858,33611,8,1
2,Payment,1764751498.360877,33632,9,1
1,NewOrder,1764751498.360880,40255,12,1
1,NewOrder,1764751498.360910,40272,13,1
1,NewOrder,1764751498.360929,40833,14,1
1,NewOrder,1764751498.360968,40130,4,1
1,NewOrder,1764751498.360994,40179,15,1
2,Payment,1764751498.361093,33785,5,1
1,NewOrder,1764751498.361220,39786,3,1
2,Payment,1764751498.361246,33200,6,1
2,Payment,1764751498.361275,47474,1,1
2,Payment,1764751498.364136,44624,10,1
2,Payment,1764751498.364142,30436,11,1
3,OrderStatus,1764751498.364866,29605,0,1
2,Payment,1764751498.394465,14251,6,1
1,NewOrder,1764751498.394465,75934,7,1
1,NewOrder,1764751498.394473,75956,8,1
5,StockLevel,1764751498.394478,14341,0,1
2,Payment,1764751498.394511,300165,9,1
1,NewOrder,1764751498.394540,139006,2,1
2,Payment,1764751498.394582,14464,11,1
1,NewOrder,1764751498.394882,127352,5,1
2,Payment,1764751498.401013,69399,3,1
1,NewOrder,1764751498.401101,132408,4,1
1,NewOrder,1764751498.401141,132132,12,1
2,Payment,1764751498.401174,121103,15,1
1,NewOrder,1764751498.401184,130593,13,1
2,Payment,1764751498.401767,135948,14,1
1,NewOrder,1764751498.408729,124780,6,1
1,NewOrder,1764751498.408758,124864,1,1
2,Payment,1764751498.408766,124627,10,1
2,Payment,1764751498.408824,124403,0,1
2,Payment,1764751498.409051,124187,11,1
1,NewOrder,1764751498.470418,66912,7,1
1,NewOrder,1764751498.470420,149385,3,1
1,NewOrder,1764751498.470436,225915,8,1
1,NewOrder,1764751498.522251,97578,5,1
1,NewOrder,1764751498.522285,97520,15,1
2,Payment,1764751498.531788,106761,13,1
2,Payment,1764751498.533233,161424,0,1
1,NewOrder,1764751498.533244,162196,11,1
1,NewOrder,1764751498.533275,161532,12,1
2,Payment,1764751498.533397,181299,10,1
2,Payment,1764751498.533514,161829,4,1
2,Payment,1764751498.533517,161270,6,1
1,NewOrder,1764751498.533548,161218,2,1
1,NewOrder,1764751498.533628,161416,1,1
1,NewOrder,1764751498.537341,249520,7,1
2,Payment,1764751498.537825,157002,14,1
2,Payment,1764751498.619821,81744,3,1
3,OrderStatus,1764751498.619822,1139,15,1
1,NewOrder,1764751498.619836,100015,5,1
1,NewOrder,1764751498.620966,97839,15,1
2,Payment,1764751498.638564,62968,13,1
1,NewOrder,1764751498.694674,90752,0,1
1,NewOrder,1764751498.694685,28664,9,1
2,Payment,1764751498.694768,20411,2,1
2,Payment,1764751498.694793,21139,6,1
2,Payment,1764751498.694813,23649,12,1
2,Payment,1764751498.694829,20950,14,1
2,Payment,1764751498.695047,91849,1,1
1,NewOrder,1764751498.695347,91496,4,1
1,NewOrder,1764751498.695443,21324,11,1
1,NewOrder,1764751498.696356,109509,8,1
1,NewOrder,1764751498.701544,85291,13,1
2,Payment,1764751498.701572,17116,3,1
1,NewOrder,1764751498.714711,91090,10,1
2,Payment,1764751498.715191,102915,2,1
3,OrderStatus,1764751498.715787,1754,14,1
1,NewOrder,1764751498.715940,95088,6,1
2,Payment,1764751498.716773,72514,11,1
2,Payment,1764751498.717547,88269,14,1
2,Payment,1764751498.718468,87541,12,1
1,NewOrder,1764751498.718694,92307,3,1
2,Payment,1764751498.718810,104000,15,1
4,Delivery,1764751498.719868,110851,5,1
2,Payment,1764751498.723361,82361,9,1
4,Delivery,1764751498.785444,48210,0,1
3,OrderStatus,1764751498.786847,32268,13,1
2,Payment,1764751498.786852,31614,4,1
2,Payment,1764751498.786867,31300,7,1
4,Delivery,1764751498.786902,39925,1,1
5,StockLevel,1764751498.789296,29308,11,1
1,NewOrder,1764751498.805738,28069,9,1
1,NewOrder,1764751498.805804,10003,10,1
4,Delivery,1764751498.805826,28337,14,1
2,Payment,1764751498.805868,16946,8,1
1,NewOrder,1764751498.806018,27750,12,1
1,NewOrder,1764751498.811024,22731,3,1
2,Payment,1764751498.811040,22638,6,1
2,Payment,1764751498.815839,18036,10,1
2,Payment,1764751498.818132,15712,2,1
1,NewOrder,1764751498.818178,23937,7,1
2,Payment,1764751498.818475,15191,4,1
2,Payment,1764751498.818611,15023,11,1
1,NewOrder,1764751498.819121,29858,13,1
1,NewOrder,1764751498.822818,22699,15,1
1,NewOrder,1764751498.822820,22696,8,1
1,NewOrder,1764751498.826840,28272,1,1
1,NewOrder,1764751498.830732,27791,5,1
5,StockLevel,1764751498.833645,15485,11,1
2,Payment,1764751498.833662,15366,0,1
2,Payment,1764751498.833672,15300,4,1
4,Delivery,1764751498.833684,25032,6,1
1,NewOrder,1764751498.833763,41231,3,1
1,NewOrder,1764751498.833773,24828,12,1
1,NewOrder,1764751498.833811,24700,9,1
2,Payment,1764751498.833848,15302,2,1
1,NewOrder,1764751498.833878,24636,10,1
2,Payment,1764751498.834169,14836,14,1
2,Payment,1764751498.842136,16370,7,1
1,NewOrder,1764751498.845527,35198,8,1
5,StockLevel,1764751498.845528,13072,15,1
1,NewOrder,1764751498.848985,36109,4,1
2,Payment,1764751498.848986,26011,13,1
1,NewOrder,1764751498.849011,31678,14,1
2,Payment,1764751498.849034,26108,0,1
2,Payment,1764751498.849133,25862,11,1
1,NewOrder,1764751498.849152,39279,2,1
5,StockLevel,1764751498.855127,25534,1,1
2,Payment,1764751498.858515,22221,7,1
2,Payment,1764751498.858519,22179,9,1
1,NewOrder,1764751498.858520,29950,10,1
1,NewOrder,1764751498.858529,29936,5,1
1,NewOrder,1764751498.858604,29833,15,1
1,NewOrder,1764751498.858607,44534,12,1
1,NewOrder,1764751498.858718,29811,6,1
4,Delivery,1764751498.875011,38081,3,1
2,Payment,1764751498.875011,17997,11,1
2,Payment,1764751498.875011,17996,13,1
1,NewOrder,1764751498.875145,21847,0,1
2,Payment,1764751498.880676,16303,1,1
1,NewOrder,1764751498.880697,26178,14,1
1,NewOrder,1764751498.880703,22408,9,1
1,NewOrder,1764751498.880727,23307,8,1
2,Payment,1764751498.880741,16127,7,1
2,Payment,1764751498.885110,18022,4,1
1,NewOrder,1764751498.888443,32225,2,1
1,NewOrder,1764751498.888445,24460,15,1
2,Payment,1764751498.888471,32203,5,1
1,NewOrder,1764751498.888476,10015,10,1
2,Payment,1764751498.888535,42171,6,1
1,NewOrder,1764751498.893021,34992,11,1
2,Payment,1764751498.893021,13834,13,1
2,Payment,1764751498.896878,16156,7,1
2,Payment,1764751498.896987,15811,1,1
2,Payment,1764751498.896995,15909,0,1
1,NewOrder,1764751498.898496,31590,10,1
1,NewOrder,1764751498.903124,24782,9,1
2,Payment,1764751498.903140,35776,4,1
2,Payment,1764751498.903147,24926,12,1
1,NewOrder,1764751498.904040,42494,8,1
1,NewOrder,1764751498.906863,21297,13,1
1,NewOrder,1764751498.906881,23223,14,1
1,NewOrder,1764751498.912810,38002,1,1
1,NewOrder,1764751498.912912,25928,15,1
2,Payment,1764751498.912913,17731,0,1
1,NewOrder,1764751498.913040,25798,7,1
1,NewOrder,1764751498.913096,37675,3,1
2,Payment,1764751498.920685,18124,2,1
1,NewOrder,1764751498.920685,25838,5,1
2,Payment,1764751498.927937,18666,9,1
2,Payment,1764751498.928021,22692,11,1
1,NewOrder,1764751498.928077,35130,12,1
3,OrderStatus,1764751498.928164,1343,13,1
2,Payment,1764751498.929514,21445,13,1
1,NewOrder,1764751498.930092,33164,10,1
2,Payment,1764751498.930111,20648,14,1
1,NewOrder,1764751498.930650,26413,0,1
1,NewOrder,1764751498.930713,26418,6,1
1,NewOrder,1764751498.938823,28419,2,1
1,NewOrder,1764751498.938847,28417,7,1
2,Payment,1764751498.938850,45736,15,1
1,NewOrder,1764751498.938922,36247,4,1
1,NewOrder,1764751498.946536,28460,5,1
4,Delivery,1764751498.946543,35198,8,1
4,Delivery,1764751498.946606,28193,9,1
2,Payment,1764751498.950723,20654,11,1
2,Payment,1764751498.950761,20635,14,1
1,NewOrder,1764751498.950778,30788,3,1
1,NewOrder,1764751498.950819,20613,1,1
5,StockLevel,1764751498.950966,20403,13,1
2,Payment,1764751498.957073,18121,0,1
2,Payment,1764751498.957139,18136,6,1
2,Payment,1764751498.963219,11972,12,1
2,Payment,1764751498.963265,12084,10,1
1,NewOrder,1764751498.967250,27200,2,1
1,NewOrder,1764751498.967271,35817,7,1
1,NewOrder,1764751498.971378,23042,13,1
1,NewOrder,1764751498.971384,28399,11,1
1,NewOrder,1764751498.971402,18767,14,1
1,NewOrder,1764751498.971439,28353,1,1
1,NewOrder,1764751498.974812,28203,9,1
1,NewOrder,1764751498.975004,28020,5,1
2,Payment,1764751498.975176,19259,4,1
2,Payment,1764751498.975197,12729,12,1
5,StockLevel,1764751498.975199,14937,0,1
2,Payment,1764751498.975277,14890,6,1
1,NewOrder,1764751498.975355,24409,10,1
1,NewOrder,1764751498.981576,21452,3,1
1,NewOrder,1764751498.981750,30989,8,1
2,Payment,1764751498.984593,18473,15,1
2,Payment,1764751498.987935,15117,12,1
1,NewOrder,1764751498.990144,22568,0,1
2,Payment,1764751498.990174,12908,6,1
1,NewOrder,1764751498.990176,30837,14,1
1,NewOrder,1764751498.994428,26607,13,1
2,Payment,1764751498.994442,12246,4,1
2,Payment,1764751498.994456,12204,2,1
2,Payment,1764751498.999777,12916,10,1
1,NewOrder,1764751498.999793,26715,11,1
2,Payment,1764751498.999799,18848,1,1
2,Payment,1764751499.003022,35604,9,1
1,NewOrder,1764751499.003033,33418,5,1
4,Delivery,1764751499.003035,55481,3,1
2,Payment,1764751499.003058,14285,12,1
1,NewOrder,1764751499.003069,17981,15,1
2,Payment,1764751499.003089,14237,6,1
1,NewOrder,1764751499.003098,33240,7,1
4,Delivery,1764751499.006671,58648,2,1
2,Payment,1764751499.006698,14326,4,1
2,Payment,1764751499.012706,11541,10,1
1,NewOrder,1764751499.012721,70708,0,1
2,Payment,1764751499.012958,13512,8,1
3,OrderStatus,1764751499.017336,9215,6,1
2,Payment,1764751499.017350,19300,12,1
1,NewOrder,1764751499.018654,41835,1,1
2,Payment,1764751499.021021,18139,14,1
1,NewOrder,1764751499.021032,56076,4,1
2,Payment,1764751499.021040,56924,13,1
1,NewOrder,1764751499.021056,55827,15,1
1,NewOrder,1764751499.024266,52749,10,1
2,Payment,1764751499.026480,34201,8,1
1,NewOrder,1764751499.026515,39047,11,1
1,NewOrder,1764751499.026563,59980,6,1
1,NewOrder,1764751499.036354,54697,7,1
1,NewOrder,1764751499.036461,59625,5,1
2,Payment,1764751499.036668,27382,12,1
2,Payment,1764751499.038634,32314,9,1
2,Payment,1764751499.039166,32018,14,1
1,NewOrder,1764751499.058533,28548,3,1
2,Payment,1764751499.060500,17420,1,1
1,NewOrder,1764751499.060690,45133,8,1
1,NewOrder,1764751499.064062,32016,12,1
1,NewOrder,1764751499.065328,35494,2,1
1,NewOrder,1764751499.065570,35254,11,1
2,Payment,1764751499.071005,15478,9,1
2,Payment,1764751499.071195,15364,14,1
1,NewOrder,1764751499.076898,32411,15,1
1,NewOrder,1764751499.077025,32257,10,1
1,NewOrder,1764751499.077115,32222,4,1
1,NewOrder,1764751499.077932,27876,1,1
2,Payment,1764751499.077967,18099,13,1
1,NewOrder,1764751499.083454,25811,0,1
3,OrderStatus,1764751499.086497,1132,9,1
2,Payment,1764751499.086552,19247,6,1
1,NewOrder,1764751499.086562,42037,14,1
3,OrderStatus,1764751499.087086,13763,3,1
1,NewOrder,1764751499.087635,21640,9,1
1,NewOrder,1764751499.091067,50200,7,1
2,Payment,1764751499.096082,13527,13,1
2,Payment,1764751499.096091,29836,12,1
1,NewOrder,1764751499.096093,23206,5,1
5,StockLevel,1764751499.100841,12437,11,1
2,Payment,1764751499.100842,14943,2,1
4,Delivery,1764751499.100856,48290,3,1
1,NewOrder,1764751499.105811,35387,6,1
1,NewOrder,1764751499.105818,43200,1,1
2,Payment,1764751499.105830,13503,8,1
4,Delivery,1764751499.109276,39481,0,1
1,NewOrder,1764751499.109283,29702,9,1
2,Payment,1764751499.109289,16593,10,1
2,Payment,1764751499.109316,18967,15,1
2,Payment,1764751499.109342,18882,4,1
1,NewOrder,1764751499.109615,18740,13,1
2,Payment,1764751499.113287,15096,11,1
1,NewOrder,1764751499.115794,18336,2,1
2,Payment,1764751499.119311,21888,5,1
1,NewOrder,1764751499.119343,19630,8,1
3,OrderStatus,1764751499.125900,1188,10,1
2,Payment,1764751499.125937,13114,12,1
1,NewOrder,1764751499.127095,25731,10,1
1,NewOrder,1764751499.128233,20548,4,1
2,Payment,1764751499.128292,12948,15,1
1,NewOrder,1764751499.128362,31319,13,1
1,NewOrder,1764751499.128388,24224,11,1
2,Payment,1764751499.128606,23270,14,1
1,NewOrder,1764751499.134148,25440,2,1
1,NewOrder,1764751499.138992,27049,8,1
2,Payment,1764751499.138996,13165,9,1
1,NewOrder,1764751499.139058,32694,12,1
2,Payment,1764751499.141205,13657,6,1
1,NewOrder,1764751499.141207,34846,5,1
2,Payment,1764751499.141247,47354,15,1
1,NewOrder,1764751499.141274,24553,7,1
1,NewOrder,1764751499.148771,30695,0,1
1,NewOrder,1764751499.148791,33310,4,1
2,Payment,1764751499.149025,12331,1,1
2,Payment,1764751499.149152,12104,3,1
2,Payment,1764751499.151893,19929,14,1
2,Payment,1764751499.152176,19588,9,1
1,NewOrder,1764751499.152620,23623,11,1
2,Payment,1764751499.152832,30557,10,1
2,Payment,1764751499.154875,19377,6,1
2,Payment,1764751499.159604,19751,2,1
1,NewOrder,1764751499.159747,32314,13,1
2,Payment,1764751499.161263,13148,3,1
3,OrderStatus,1764751499.161366,13246,1,1
1,NewOrder,1764751499.165845,32272,7,1
2,Payment,1764751499.166051,13591,8,1
2,Payment,1764751499.171765,10335,12,1
1,NewOrder,1764751499.171774,28957,9,1
2,Payment,1764751499.171830,28561,14,1
1,NewOrder,1764751499.174271,26172,6,1
3,OrderStatus,1764751499.174448,14148,3,1
2,Payment,1764751499.174619,23602,1,1
2,Payment,1764751499.176063,21235,5,1
1,NewOrder,1764751499.176263,24029,11,1
1,NewOrder,1764751499.179366,27230,2,1
1,NewOrder,1764751499.179474,25125,0,1
2,Payment,1764751499.179647,17763,8,1
2,Payment,1764751499.182113,15091,12,1
2,Payment,1764751499.182113,28399,4,1
2,Payment,1764751499.183397,14850,10,1
2,Payment,1764751499.188613,26101,15,1
2,Payment,1764751499.188614,11939,3,1
3,OrderStatus,1764751499.192078,8536,13,1
1,NewOrder,1764751499.197220,21127,12,1
2,Payment,1764751499.197308,27735,5,1
2,Payment,1764751499.197416,17266,8,1
1,NewOrder,1764751499.198127,27170,7,1
2,Payment,1764751499.198228,12309,1,1
2,Payment,1764751499.198254,12243,10,1
1,NewOrder,1764751499.200306,17671,11,1
1,NewOrder,1764751499.200399,22051,14,1
2,Payment,1764751499.200445,14380,6,1
1,NewOrder,1764751499.200560,17429,3,1
2,Payment,1764751499.200621,14129,13,1
1,NewOrder,1764751499.200760,39843,9,1
3,OrderStatus,1764751499.204615,10167,0,1
2,Payment,1764751499.206607,18121,2,1
1,NewOrder,1764751499.210508,30160,10,1
5,StockLevel,1764751499.210521,14524,4,1
1,NewOrder,1764751499.210540,27208,1,1
2,Payment,1764751499.214691,15352,8,1
2,Payment,1764751499.214716,18191,15,1
1,NewOrder,1764751499.214760,25870,13,1
1,NewOrder,1764751499.214789,29283,0,1
2,Payment,1764751499.214833,14934,6,1
1,NewOrder,1764751499.217988,22787,11,1
2,Payment,1764751499.217998,14945,3,1
3,OrderStatus,1764751499.218354,1005,12,1
1,NewOrder,1764751499.219365,25875,12,1
1,NewOrder,1764751499.222466,36077,14,1
2,Payment,1764751499.224742,19173,2,1
2,Payment,1764751499.225053,15687,5,1
2,Payment,1764751499.225054,30001,4,1
2,Payment,1764751499.225304,19225,7,1
1,NewOrder,1764751499.229782,32331,6,1
2,Payment,1764751499.230053,13989,8,1
2,Payment,1764751499.232916,12868,15,1
1,NewOrder,1764751499.232952,33572,3,1
2,Payment,1764751499.237763,38954,1,1
2,Payment,1764751499.240613,14727,9,1
1,NewOrder,1764751499.240639,25873,13,1
2,Payment,1764751499.240675,30862,10,1
1,NewOrder,1764751499.240747,43404,5,1
1,NewOrder,1764751499.240782,36390,11,1
2,Payment,1764751499.243925,15071,2,1
3,OrderStatus,1764751499.244045,10998,8,1
1,NewOrder,1764751499.244079,32940,0,1
1,NewOrder,1764751499.244536,27033,7,1
1,NewOrder,1764751499.245247,21298,12,1
1,NewOrder,1764751499.245791,31183,15,1
4,Delivery,1764751499.255060,43479,8,1
2,Payment,1764751499.255065,21888,4,1
1,NewOrder,1764751499.255347,21927,9,1
2,Payment,1764751499.258556,18178,14,1
2,Payment,1764751499.259003,31008,2,1
3,OrderStatus,1764751499.262128,2235,6,1
2,Payment,1764751499.264381,15842,6,1
2,Payment,1764751499.266528,13927,13,1
2,Payment,1764751499.266535,17553,3,1
2,Payment,1764751499.266552,27560,12,1
1,NewOrder,1764751499.271554,30008,10,1
2,Payment,1764751499.271578,48194,7,1
2,Payment,1764751499.276732,37577,1,1
2,Payment,1764751499.276744,17306,14,1
5,StockLevel,1764751499.276960,13149,4,1
1,NewOrder,1764751499.276983,23913,15,1
1,NewOrder,1764751499.277025,37584,0,1
1,NewOrder,1764751499.277179,37181,11,1
2,Payment,1764751499.277281,16718,9,1
2,Payment,1764751499.280243,18788,6,1
1,NewOrder,1764751499.280465,23855,13,1
2,Payment,1764751499.284103,14429,3,1
1,NewOrder,1764751499.284161,30142,5,1
5,StockLevel,1764751499.290028,13968,2,1
2,Payment,1764751499.290119,20562,4,1
1,NewOrder,1764751499.294014,45880,9,1
1,NewOrder,1764751499.294052,32927,14,1
1,NewOrder,1764751499.294120,36540,12,1
2,Payment,1764751499.298545,15733,3,1
1,NewOrder,1764751499.298548,28564,8,1
1,NewOrder,1764751499.299038,22504,6,1
2,Payment,1764751499.300911,19762,15,1
1,NewOrder,1764751499.301573,46033,10,1
2,Payment,1764751499.304010,32920,2,1
2,Payment,1764751499.304330,18945,13,1
1,NewOrder,1764751499.310716,10195,4,1
2,Payment,1764751499.314293,16250,3,1
1,NewOrder,1764751499.314314,31507,5,1
1,NewOrder,1764751499.314319,30714,1,1
2,Payment,1764751499.314363,22473,11,1
1,NewOrder,1764751499.314616,32759,0,1
2,Payment,1764751499.319789,19434,7,1
2,Payment,1764751499.320684,16211,15,1
1,NewOrder,1764751499.320917,24270,4,1
2,Payment,1764751499.321548,33927,6,1
2,Payment,1764751499.323287,16594,13,1
1,NewOrder,1764751499.326994,29770,14,1
2,Payment,1764751499.327121,20292,8,1
2,Payment,1764751499.330557,16966,3,1
2,Payment,1764751499.330669,37647,12,1
2,Payment,1764751499.336855,14105,11,1
2,Payment,1764751499.336905,14064,15,1
2,Payment,1764751499.336937,14169,2,1
2,Payment,1764751499.339233,29441,7,1
2,Payment,1764751499.339889,15417,13,1
1,NewOrder,1764751499.339901,26028,9,1
2,Payment,1764751499.345046,21849,1,1
1,NewOrder,1764751499.345192,89679,4,1
2,Payment,1764751499.345830,12227,5,1
2,Payment,1764751499.347407,11751,0,1
5,StockLevel,1764751499.347423,13981,8,1
1,NewOrder,1764751499.347530,23339,3,1
5,StockLevel,1764751499.347612,13737,10,1
2,Payment,1764751499.350974,14762,11,1
1,NewOrder,1764751499.350978,75550,15,1
4,Delivery,1764751499.351113,89946,2,1
2,Payment,1764751499.355320,79909,13,1
1,NewOrder,1764751499.355485,79195,6,1
2,Payment,1764751499.356773,14044,14,1
1,NewOrder,1764751499.358065,85063,5,1
1,NewOrder,1764751499.359165,82110,0,1
5,StockLevel,1764751499.361361,69114,10,1
2,Payment,1764751499.361412,65118,8,1
2,Payment,1764751499.365750,68926,11,1
2,Payment,1764751499.365938,68828,9,1
1,NewOrder,1764751499.366908,76370,1,1
2,Payment,1764751499.368330,87425,12,1
1,NewOrder,1764751499.368682,72308,7,1
1,NewOrder,1764751499.370827,70461,14,1
2,Payment,1764751499.370872,70118,3,1
2,Payment,1764751499.426545,20289,15,1
1,NewOrder,1764751499.426545,29248,8,1
1,NewOrder,1764751499.430482,32245,10,1
3,OrderStatus,1764751499.434686,15963,11,1
2,Payment,1764751499.434687,22520,6,1
1,NewOrder,1764751499.434772,31657,9,1
2,Payment,1764751499.434876,22208,4,1
2,Payment,1764751499.435235,34421,13,1
1,NewOrder,1764751499.441002,24988,3,1
2,Payment,1764751499.441002,28600,7,1
2,Payment,1764751499.441064,16967,2,1
2,Payment,1764751499.441286,14418,0,1
2,Payment,1764751499.441294,87259,14,1
5,StockLevel,1764751499.443133,12568,5,1
1,NewOrder,1764751499.443283,88690,1,1
2,Payment,1764751499.446845,16241,15,1
2,Payment,1764751499.450675,15372,11,1
1,NewOrder,1764751499.455712,76333,5,1
1,NewOrder,1764751499.455714,86731,0,1
2,Payment,1764751499.455757,86736,12,1
2,Payment,1764751499.455799,13805,8,1
1,NewOrder,1764751499.457214,85223,6,1
2,Payment,1764751499.457345,14192,4,1
1,NewOrder,1764751499.458037,70494,2,1
2,Payment,1764751499.462738,65804,10,1
2,Payment,1764751499.463094,86626,15,1
2,Payment,1764751499.465997,65943,3,1
1,NewOrder,1764751499.466054,86363,11,1
2,Payment,1764751499.466434,110571,9,1
1,NewOrder,1764751499.469616,72910,7,1
1,NewOrder,1764751499.469629,82725,8,1
2,Payment,1764751499.469662,86042,13,1
2,Payment,1764751499.471543,70885,4,1
1,NewOrder,1764751499.528548,23836,2,1
2,Payment,1764751499.528551,21175,10,1
2,Payment,1764751499.528570,48433,14,1
1,NewOrder,1764751499.531949,20433,3,1
1,NewOrder,1764751499.531980,23702,1,1
1,NewOrder,1764751499.532051,41347,5,1
2,Payment,1764751499.542444,13250,4,1
2,Payment,1764751499.542446,13220,6,1
2,Payment,1764751499.542451,13210,0,1
2,Payment,1764751499.542500,38743,12,1
2,Payment,1764751499.542529,38541,7,1
2,Payment,1764751499.549733,202509,15,1
1,NewOrder,1764751499.549733,31313,10,1
3,OrderStatus,1764751499.552363,24585,8,1
2,Payment,1764751499.552389,28690,3,1
5,StockLevel,1764751499.552390,28682,2,1
1,NewOrder,1764751499.552421,32096,11,1
2,Payment,1764751499.555671,25621,0,1
1,NewOrder,1764751499.555674,28674,6,1
1,NewOrder,1764751499.555687,105676,1,1
2,Payment,1764751499.555696,25777,4,1
2,Payment,1764751499.555711,198618,13,1
2,Payment,1764751499.573412,181036,5,1
3,OrderStatus,1764751499.576960,84387,8,1
2,Payment,1764751499.577011,204244,14,1
2,Payment,1764751499.577013,175230,9,1
2,Payment,1764751499.581052,200202,10,1
2,Payment,1764751499.581076,173241,7,1
1,NewOrder,1764751499.581078,180344,2,1
2,Payment,1764751499.581085,173282,3,1
1,NewOrder,1764751499.581247,173429,12,1
1,NewOrder,1764751499.581298,180213,0,1
1,NewOrder,1764751499.581476,180352,4,1
1,NewOrder,1764751499.584359,206675,6,1
1,NewOrder,1764751499.584521,177067,11,1
1,NewOrder,1764751499.661363,100123,8,1
3,OrderStatus,1764751499.661372,103675,1,1
1,NewOrder,1764751499.752273,107116,9,1
4,Delivery,1764751499.752273,106913,15,1
1,NewOrder,1764751499.754322,105186,7,1
1,NewOrder,1764751499.754334,36683,13,1
2,Payment,1764751499.754372,26876,3,1
1,NewOrder,1764751499.754464,36565,5,1
4,Delivery,1764751499.754680,105225,12,1
1,NewOrder,1764751499.761429,97891,2,1
2,Payment,1764751499.761492,29522,8,1
2,Payment,1764751499.761512,97920,0,1
1,NewOrder,1764751499.761590,97947,11,1
1,NewOrder,1764751499.761833,97377,4,1
3,OrderStatus,1764751499.765054,14850,1,1
3,OrderStatus,1764751499.779919,79430,1,1
5,StockLevel,1764751499.781260,78375,3,1
2,Payment,1764751499.781263,78263,14,1
2,Payment,1764751499.781263,78451,10,1
1,NewOrder,1764751499.791023,148020,8,1
1,NewOrder,1764751499.791024,4304,13,1
1,NewOrder,1764751499.791035,141948,5,1
1,NewOrder,1764751499.791040,141867,6,1
1,NewOrder,1764751499.795334,137572,13,1
1,NewOrder,1764751499.859205,82832,15,1
3,OrderStatus,1764751499.859220,73723,4,1
1,NewOrder,1764751499.859326,82723,2,1
2,Payment,1764751499.859353,73553,1,1
2,Payment,1764751499.859392,291370,9,1
1,NewOrder,1764751499.859435,82603,0,1
2,Payment,1764751499.859525,73392,7,1
2,Payment,1764751499.859528,79478,14,1
1,NewOrder,1764751499.859542,82515,11,1
2,Payment,1764751499.859638,79369,3,1
2,Payment,1764751499.859718,79293,10,1
3,OrderStatus,1764751499.859911,2652,12,1
1,NewOrder,1764751499.862569,79543,12,1
1,NewOrder,1764751499.932924,217747,6,1
2,Payment,1764751499.932924,16323,13,1
2,Payment,1764751499.932924,16144,7,1
2,Payment,1764751499.932924,16346,1,1
2,Payment,1764751499.932949,525175,4,1
2,Payment,1764751499.932989,16299,5,1
1,NewOrder,1764751499.939015,522101,3,1
1,NewOrder,1764751499.939016,519011,14,1
2,Payment,1764751499.939016,546855,10,1
1,NewOrder,1764751499.939048,517321,8,1
1,NewOrder,1764751499.942043,513844,15,1
2,Payment,1764751499.942044,208767,0,1
2,Payment,1764751499.942054,516528,2,1
2,Payment,1764751499.942063,209147,11,1
2,Payment,1764751499.942118,563017,12,1
2,Payment,1764751499.949078,506806,7,1
2,Payment,1764751499.949251,508942,13,1
1,NewOrder,1764751499.949272,506612,1,1
2,Payment,1764751499.949294,555815,5,1
5,StockLevel,1764751500.150688,333580,6,1
1,NewOrder,1764751500.150777,333590,9,1
2,Payment,1764751500.150816,333423,0,1
2,Payment,1764751500.151215,333184,11,1
2,Payment,1764751500.455900,49140,15,1
2,Payment,1764751500.455900,49217,1,1
4,Delivery,1764751500.455900,53613,7,1
1,NewOrder,1764751500.456374,53044,8,1
3,OrderStatus,1764751500.458068,46979,14,1
2,Payment,1764751500.458129,70356,4,1
1,NewOrder,1764751500.458199,70236,13,1
1,NewOrder,1764751500.458587,59426,2,1
3,OrderStatus,1764751500.461122,7768,3,1
1,NewOrder,1764751500.468902,40730,3,1
4,Delivery,1764751500.484252,124083,0,1
2,Payment,1764751500.484277,25783,6,1
2,Payment,1764751500.484372,25201,9,1
4,Delivery,1764751500.484407,33636,11,1
1,NewOrder,1764751500.485877,180234,10,1
2,Payment,1764751500.505056,103216,15,1
1,NewOrder,1764751500.505057,103316,14,1
1,NewOrder,1764751500.505114,103530,5,1
2,Payment,1764751500.505120,103151,1,1
2,Payment,1764751500.505137,23292,12,1
5,StockLevel,1764751500.509428,98915,8,1
2,Payment,1764751500.509519,151924,7,1
1,NewOrder,1764751500.509575,161835,9,1
2,Payment,1764751500.509635,98787,3,1
5,StockLevel,1764751500.510065,98367,6,1
1,NewOrder,1764751500.518026,156138,2,1
2,Payment,1764751500.518050,148015,11,1
1,NewOrder,1764751500.528444,145601,13,1
5,StockLevel,1764751500.528445,142958,12,1
2,Payment,1764751500.528488,143945,4,1
2,Payment,1764751500.608287,69039,15,1
1,NewOrder,1764751500.608288,80469,1,1
1,NewOrder,1764751500.608337,65883,0,1
2,Payment,1764751500.608348,65716,8,1
2,Payment,1764751500.608378,91551,14,1
1,NewOrder,1764751500.608427,65689,3,1
1,NewOrder,1764751500.608438,98608,6,1
1,NewOrder,1764751500.608649,99574,5,1
2,Payment,1764751500.661465,16957,7,1
1,NewOrder,1764751500.666075,40879,11,1
1,NewOrder,1764751500.666118,40957,10,1
2,Payment,1764751500.671415,28580,12,1
2,Payment,1764751500.671417,28458,9,1
4,Delivery,1764751500.672438,34592,4,1
1,NewOrder,1764751500.674051,69567,13,1
2,Payment,1764751500.674070,32928,8,1
5,StockLevel,1764751500.674121,32827,3,1
1,NewOrder,1764751500.674169,32896,2,1
2,Payment,1764751500.674226,25663,0,1
1,NewOrder,1764751500.677760,124924,15,1
1,NewOrder,1764751500.678430,29020,7,1
2,Payment,1764751500.688770,24508,1,1
3,OrderStatus,1764751500.699888,1162,9,1
1,NewOrder,1764751500.699898,100642,0,1
1,NewOrder,1764751500.699934,43623,14,1
2,Payment,1764751500.700001,37210,12,1
5,StockLevel,1764751500.701055,34767,9,1
2,Payment,1764751500.706956,36611,3,1
1,NewOrder,1764751500.706960,120721,11,1
3,OrderStatus,1764751500.707003,36572,8,1
1,NewOrder,1764751500.707035,94077,4,1
1,NewOrder,1764751500.707048,95744,6,1
1,NewOrder,1764751500.707069,120668,2,1
2,Payment,1764751500.707078,95667,10,1
3,OrderStatus,1764751500.707455,1336,7,1
2,Payment,1764751500.708228,92116,5,1
1,NewOrder,1764751500.708795,98176,7,1
1,NewOrder,1764751500.713287,89778,1,1
2,Payment,1764751500.735837,153855,9,1
2,Payment,1764751500.737218,69862,12,1
3,OrderStatus,1764751500.743567,84107,14,1
1,NewOrder,1764751500.743574,84129,3,1
1,NewOrder,1764751500.743580,146045,8,1
1,NewOrder,1764751500.743624,148491,13,1
3,OrderStatus,1764751500.800360,16936,5,1
5,StockLevel,1764751500.800551,34180,0,1
2,Payment,1764751500.801119,33617,4,1
1,NewOrder,1764751500.802690,89349,15,1
2,Payment,1764751500.802751,107297,10,1
4,Delivery,1764751500.802798,89211,6,1
2,Payment,1764751500.803071,86557,1,1
1,NewOrder,1764751500.806979,84902,7,1
2,Payment,1764751500.807086,84789,12,1
2,Payment,1764751500.817304,88411,5,1
5,StockLevel,1764751500.827685,66923,14,1
1,NewOrder,1764751500.827688,69484,11,1
4,Delivery,1764751500.827709,84529,3,1
2,Payment,1764751500.827740,100978,2,1
2,Payment,1764751500.834741,62655,0,1
1,NewOrder,1764751500.834744,62472,4,1
2,Payment,1764751500.889641,20184,8,1
2,Payment,1764751500.889641,20377,1,1
2,Payment,1764751500.889696,39068,9,1
2,Payment,1764751500.891880,18990,12,1
1,NewOrder,1764751500.891886,20303,7,1
1,NewOrder,1764751500.892015,36622,6,1
2,Payment,1764751500.892043,18687,15,1
1,NewOrder,1764751500.892119,20091,13,1
1,NewOrder,1764751500.894614,44351,14,1
1,NewOrder,1764751500.897178,31614,11,1
1,NewOrder,1764751500.897221,33701,4,1
1,NewOrder,1764751500.897400,31247,0,1
2,Payment,1764751500.905743,18261,5,1
1,NewOrder,1764751500.909832,36629,8,1
1,NewOrder,1764751500.910023,36435,1,1
1,NewOrder,1764751500.910050,36568,10,1
1,NewOrder,1764751500.910735,20010,15,1
1,NewOrder,1764751500.910873,28106,12,1
1,NewOrder,1764751500.912194,34361,7,1
1,NewOrder,1764751500.912216,18677,13,1
1,NewOrder,1764751500.912248,20458,3,1
2,Payment,1764751500.924018,22451,5,1
1,NewOrder,1764751500.928649,27698,6,1
1,NewOrder,1764751500.928655,24528,0,1
1,NewOrder,1764751500.928724,24547,2,1
1,NewOrder,1764751500.928767,24415,9,1
2,Payment,1764751500.928794,17672,11,1
1,NewOrder,1764751500.930751,23595,15,1
1,NewOrder,1764751500.930898,22820,13,1
1,NewOrder,1764751500.930924,40935,4,1
1,NewOrder,1764751500.932711,30897,3,1
1,NewOrder,1764751500.938971,24672,14,1
1,NewOrder,1764751500.938985,28442,12,1
1,NewOrder,1764751500.946465,25374,1,1
1,NewOrder,1764751500.946467,25389,8,1
1,NewOrder,1764751500.946471,20985,11,1
1,NewOrder,1764751500.946474,25346,5,1
1,NewOrder,1764751500.946557,25401,7,1
2,Payment,1764751500.946622,16952,10,1
1,NewOrder,1764751500.953193,18641,0,1
2,Payment,1764751500.953193,27035,9,1
2,Payment,1764751500.953273,14310,2,1
2,Payment,1764751500.953724,13705,13,1
1,NewOrder,1764751500.954351,25898,15,1
2,Payment,1764751500.956353,11066,6,1
5,StockLevel,1764751500.963586,16553,10,1
1,NewOrder,1764751500.963615,24477,3,1
3,OrderStatus,1764751500.963645,11797,14,1
2,Payment,1764751500.967424,14814,6,1
1,NewOrder,1764751500.967432,35333,12,1
2,Payment,1764751500.967435,14841,13,1
2,Payment,1764751500.967461,14791,11,1
3,OrderStatus,1764751500.967586,14669,2,1
1,NewOrder,1764751500.971826,30894,5,1
5,StockLevel,1764751500.971840,13354,0,1
2,Payment,1764751500.971844,13807,1,1
2,Payment,1764751500.971862,15792,8,1
2,Payment,1764751500.971865,13309,4,1
3,OrderStatus,1764751500.971961,763,7,1
1,NewOrder,1764751500.972728,62919,7,1
1,NewOrder,1764751500.975447,55572,14,1
2,Payment,1764751500.980144,22600,10,1
1,NewOrder,1764751500.980234,52194,9,1
1,NewOrder,1764751500.980268,52150,15,1
2,Payment,1764751500.982244,48774,6,1
1,NewOrder,1764751500.982258,50329,11,1
1,NewOrder,1764751500.982260,50163,2,1
1,NewOrder,1764751500.982281,50132,13,1
1,NewOrder,1764751500.985180,50449,4,1
2,Payment,1764751500.985198,45851,0,1
4,Delivery,1764751500.985657,58593,1,1
1,NewOrder,1764751500.987679,47947,8,1
1,NewOrder,1764751500.988098,54000,3,1
1,NewOrder,1764751501.002733,41596,5,1
2,Payment,1764751501.002751,39347,10,1
2,Payment,1764751501.002768,39424,12,1
2,Payment,1764751501.031034,15685,6,1
1,NewOrder,1764751501.031035,23514,14,1
2,Payment,1764751501.031054,15722,0,1
2,Payment,1764751501.032419,22098,13,1
1,NewOrder,1764751501.032423,18553,15,1
2,Payment,1764751501.032428,14796,2,1
2,Payment,1764751501.032433,35445,9,1
1,NewOrder,1764751501.032593,26392,11,1
1,NewOrder,1764751501.035633,28658,8,1
1,NewOrder,1764751501.035634,18874,4,1
1,NewOrder,1764751501.035653,32322,7,1
2,Payment,1764751501.042110,12463,10,1
1,NewOrder,1764751501.042110,25772,3,1
1,NewOrder,1764751501.042195,16928,12,1
1,NewOrder,1764751501.044264,23617,1,1
2,Payment,1764751501.044334,14917,5,1
1,NewOrder,1764751501.046724,21160,6,1
2,Payment,1764751501.046782,17575,0,1
2,Payment,1764751501.047229,17045,2,1
1,NewOrder,1764751501.050985,20868,15,1
1,NewOrder,1764751501.054516,25782,4,1
1,NewOrder,1764751501.054523,25788,13,1
2,Payment,1764751501.054556,13342,14,1
1,NewOrder,1764751501.054578,25732,10,1
3,OrderStatus,1764751501.058995,12801,11,1
1,NewOrder,1764751501.059128,37781,12,1
1,NewOrder,1764751501.059257,26946,5,1
2,Payment,1764751501.064283,21962,2,1
1,NewOrder,1764751501.064297,25356,8,1
1,NewOrder,1764751501.064363,21842,0,1
2,Payment,1764751501.067884,12480,9,1
1,NewOrder,1764751501.067887,19521,1,1
1,NewOrder,1764751501.067888,21796,3,1
1,NewOrder,1764751501.067890,21853,6,1
2,Payment,1764751501.067904,18380,14,1
1,NewOrder,1764751501.067980,21675,7,1
1,NewOrder,1764751501.071802,25032,11,1
1,NewOrder,1764751501.071858,31919,15,1
2,Payment,1764751501.080308,13337,4,1
1,NewOrder,1764751501.080316,20815,10,1
2,Payment,1764751501.080317,13320,13,1
2,Payment,1764751501.080369,13271,9,1
2,Payment,1764751501.086211,14965,0,1
2,Payment,1764751501.086212,42282,5,1
1,NewOrder,1764751501.086247,17374,2,1
5,StockLevel,1764751501.086290,14843,14,1
2,Payment,1764751501.087414,13704,1,1
2,Payment,1764751501.089661,13963,8,1
2,Payment,1764751501.089663,30531,7,1
1,NewOrder,1764751501.089689,21755,3,1
2,Payment,1764751501.089748,13857,6,1
3,OrderStatus,1764751501.093642,9966,13,1
1,NewOrder,1764751501.093646,26562,9,1
2,Payment,1764751501.093650,17814,4,1
2,Payment,1764751501.096840,14654,11,1
2,Payment,1764751501.096915,19037,12,1
1,NewOrder,1764751501.101124,27451,1,1
2,Payment,1764751501.101136,19113,10,1
1,NewOrder,1764751501.101138,24552,14,1
2,Payment,1764751501.101182,19115,0,1
1,NewOrder,1764751501.103610,24888,6,1
1,NewOrder,1764751501.103613,50245,13,1
1,NewOrder,1764751501.103625,21903,8,1
2,Payment,1764751501.103627,16567,2,1
2,Payment,1764751501.103780,16431,15,1
1,NewOrder,1764751501.111456,23367,3,1
1,NewOrder,1764751501.111471,19472,4,1
4,Delivery,1764751501.111495,43199,11,1
1,NewOrder,1764751501.115959,40170,12,1
2,Payment,1764751501.120204,14585,7,1
1,NewOrder,1764751501.120204,14559,2,1
4,Delivery,1764751501.120214,33786,9,1
2,Payment,1764751501.120217,14603,15,1
2,Payment,1764751501.120263,14581,10,1
3,OrderStatus,1764751501.120300,10619,0,1
2,Payment,1764751501.125535,32710,8,1
1,NewOrder,1764751501.125696,49568,14,1
5,StockLevel,1764751501.128500,28871,5,1
1,NewOrder,1764751501.128504,43478,6,1
1,NewOrder,1764751501.128580,31353,1,1
2,Payment,1764751501.130924,29046,0,1
2,Payment,1764751501.130948,29591,4,1
2,Payment,1764751501.134769,28926,2,1
2,Payment,1764751501.134795,29106,7,1
2,Payment,1764751501.134821,28690,15,1
1,NewOrder,1764751501.134828,38083,3,1
2,Payment,1764751501.134849,29372,10,1
2,Payment,1764751501.153874,18057,13,1
2,Payment,1764751501.154002,20951,9,1
1,NewOrder,1764751501.154704,30288,11,1
1,NewOrder,1764751501.156136,28782,12,1
2,Payment,1764751501.157377,15512,5,1
2,Payment,1764751501.158251,16987,8,1
2,Payment,1764751501.159938,15041,1,1
5,StockLevel,1764751501.159977,12973,0,1
1,NewOrder,1764751501.160545,25290,4,1
1,NewOrder,1764751501.163520,22348,15,1
1,NewOrder,1764751501.163698,30725,2,1
1,NewOrder,1764751501.163907,22113,7,1
1,NewOrder,1764751501.164227,30459,10,1
2,Payment,1764751501.171944,14039,13,1
2,Payment,1764751501.171991,14224,6,1
2,Payment,1764751501.172895,13146,5,1
4,Delivery,1764751501.172917,33806,3,1
1,NewOrder,1764751501.172956,33797,0,1
4,Delivery,1764751501.174960,22078,9,1
1,NewOrder,1764751501.174985,27215,1,1
1,NewOrder,1764751501.175243,32711,8,1
1,NewOrder,1764751501.175270,19785,14,1
1,NewOrder,1764751501.184933,23097,12,1
1,NewOrder,1764751501.185001,37949,11,1
1,NewOrder,1764751501.185841,20988,4,1
5,StockLevel,1764751501.185875,16300,15,1
1,NewOrder,1764751501.185989,25509,13,1
1,NewOrder,1764751501.186024,18965,7,1
1,NewOrder,1764751501.186042,19028,5,1
2,Payment,1764751501.186220,16038,6,1
1,NewOrder,1764751501.194437,23823,2,1
3,OrderStatus,1764751501.194696,4333,10,1
3,OrderStatus,1764751501.195061,1018,14,1
2,Payment,1764751501.196085,11921,14,1
2,Payment,1764751501.197044,10911,9,1
2,Payment,1764751501.199035,23949,10,1
1,NewOrder,1764751501.202181,36295,15,1
1,NewOrder,1764751501.202208,28903,1,1
1,NewOrder,1764751501.202260,28796,6,1
1,NewOrder,1764751501.204996,26099,7,1
2,Payment,1764751501.205079,17827,5,1
2,Payment,1764751501.206730,16455,3,1
2,Payment,1764751501.206760,16453,0,1
2,Payment,1764751501.206832,30707,4,1
5,StockLevel,1764751501.207961,14991,8,1
2,Payment,1764751501.207963,29741,9,1
2,Payment,1764751501.208013,14872,14,1
1,NewOrder,1764751501.208037,20151,12,1
1,NewOrder,1764751501.211507,26378,13,1
2,Payment,1764751501.218273,16301,2,1
5,StockLevel,1764751501.222894,15438,14,1
2,Payment,1764751501.222914,31591,5,1
2,Payment,1764751501.222956,14672,11,1
2,Payment,1764751501.222957,14672,8,1
1,NewOrder,1764751501.222986,31392,10,1
2,Payment,1764751501.223191,14319,3,1
2,Payment,1764751501.223219,19193,0,1
3,OrderStatus,1764751501.228210,9467,12,1
1,NewOrder,1764751501.231063,24237,6,1
1,NewOrder,1764751501.231101,23405,7,1
2,Payment,1764751501.231117,17967,1,1
5,StockLevel,1764751501.234581,14530,2,1
2,Payment,1764751501.237518,16937,3,1
1,NewOrder,1764751501.237546,24661,4,1
1,NewOrder,1764751501.237635,27182,11,1
2,Payment,1764751501.237635,16770,8,1
2,Payment,1764751501.237680,34410,12,1
2,Payment,1764751501.237705,16726,9,1
2,Payment,1764751501.237891,16746,13,1
1,NewOrder,1764751501.238339,23860,14,1
2,Payment,1764751501.238482,16053,15,1
1,NewOrder,1764751501.242423,21868,0,1
1,NewOrder,1764751501.249097,36337,1,1
2,Payment,1764751501.249120,15744,2,1
1,NewOrder,1764751501.254386,30975,10,1
1,NewOrder,1764751501.254413,31731,8,1
2,Payment,1764751501.254437,18070,9,1
1,NewOrder,1764751501.254462,30862,3,1
4,Delivery,1764751501.254510,31065,7,1
2,Payment,1764751501.254512,17508,5,1
1,NewOrder,1764751501.254536,30940,15,1
1,NewOrder,1764751501.254642,30681,13,1
1,NewOrder,1764751501.255306,30006,6,1
1,NewOrder,1764751501.262209,28053,14,1
2,Payment,1764751501.262214,30642,4,1
1,NewOrder,1764751501.264298,38738,0,1
4,Delivery,1764751501.264823,44068,11,1
1,NewOrder,1764751501.264870,27960,2,1
2,Payment,1764751501.272033,36937,5,1
2,Payment,1764751501.272099,13470,12,1
2,Payment,1764751501.272516,13158,9,1
1,NewOrder,1764751501.285329,33471,6,1
1,NewOrder,1764751501.285333,28179,13,1
1,NewOrder,1764751501.285333,28291,3,1
2,Payment,1764751501.285363,57215,10,1
4,Delivery,1764751501.285438,23478,1,1
4,Delivery,1764751501.285480,45471,15,1
1,NewOrder,1764751501.285572,23737,12,1
2,Payment,1764751501.285582,17457,7,1
2,Payment,1764751501.285676,17218,9,1
1,NewOrder,1764751501.286151,27380,8,1
1,NewOrder,1764751501.290271,31678,14,1
2,Payment,1764751501.292837,16360,2,1
1,NewOrder,1764751501.292858,29329,4,1
2,Payment,1764751501.302909,19689,9,1
2,Payment,1764751501.303045,19975,0,1
2,Payment,1764751501.303046,15767,7,1
5,StockLevel,1764751501.308903,21518,11,1
2,Payment,1764751501.308924,21085,1,1
1,NewOrder,1764751501.308976,27418,5,1
1,NewOrder,1764751501.309204,26972,2,1
1,NewOrder,1764751501.309315,27166,12,1
2,Payment,1764751501.313522,23063,13,1
3,OrderStatus,1764751501.313538,16512,8,1
2,Payment,1764751501.313628,22542,3,1
1,NewOrder,1764751501.318809,26190,6,1
1,NewOrder,1764751501.318820,26723,7,1
1,NewOrder,1764751501.321957,23550,14,1
1,NewOrder,1764751501.322194,23419,4,1
3,OrderStatus,1764751501.322604,2267,9,1
2,Payment,1764751501.323026,19590,0,1
2,Payment,1764751501.324878,49998,9,1
1,NewOrder,1764751501.330021,23170,1,1
1,NewOrder,1764751501.330058,23078,8,1
1,NewOrder,1764751501.330426,27473,11,1
3,OrderStatus,1764751501.330958,1702,15,1
1,NewOrder,1764751501.332668,20445,15,1
1,NewOrder,1764751501.336180,16943,3,1
1,NewOrder,1764751501.336183,24898,2,1
2,Payment,1764751501.336399,16713,5,1
1,NewOrder,1764751501.336487,24361,12,1
1,NewOrder,1764751501.336587,21316,13,1
2,Payment,1764751501.342593,15302,10,1
2,Payment,1764751501.342626,10502,0,1
2,Payment,1764751501.345006,15657,6,1
2,Payment,1764751501.345514,15362,14,1
2,Payment,1764751501.345549,34458,7,1
1,NewOrder,1764751501.345615,34463,4,1
2,Payment,1764751501.353126,12231,5,1
1,NewOrder,1764751501.353127,31321,15,1
2,Payment,1764751501.353129,14517,3,1
2,Payment,1764751501.353135,14545,0,1
1,NewOrder,1764751501.353143,27284,8,1
2,Payment,1764751501.353200,14459,1,1
2,Payment,1764751501.357903,33178,10,1
2,Payment,1764751501.357906,17026,11,1
2,Payment,1764751501.357911,16852,13,1
1,NewOrder,1764751501.360674,22028,6,1
1,NewOrder,1764751501.360874,51770,12,1
1,NewOrder,1764751501.360880,21912,14,1
2,Payment,1764751501.361090,21705,2,1
2,Payment,1764751501.365366,14789,5,1
2,Payment,1764751501.367655,17371,3,1
1,NewOrder,1764751501.367678,23921,1,1
2,Payment,1764751501.367686,15281,0,1
1,NewOrder,1764751501.374775,24899,13,1
1,NewOrder,1764751501.374887,32254,9,1
2,Payment,1764751501.374939,16613,11,1
2,Payment,1764751501.380017,12968,7,1
1,NewOrder,1764751501.380088,27060,4,1
1,NewOrder,1764751501.380162,28392,5,1
2,Payment,1764751501.380433,19335,8,1
1,NewOrder,1764751501.382712,32540,6,1
1,NewOrder,1764751501.382799,26704,14,1
3,OrderStatus,1764751501.382802,4220,2,1
1,NewOrder,1764751501.382974,20610,0,1
4,Delivery,1764751501.384456,30811,15,1
2,Payment,1764751501.385033,14762,3,1
5,StockLevel,1764751501.387029,21485,2,1
2,Payment,1764751501.391091,16106,10,1
1,NewOrder,1764751501.391560,20987,11,1
1,NewOrder,1764751501.391606,21218,1,1
1,NewOrder,1764751501.392994,28806,7,1
2,Payment,1764751501.399689,15540,13,1
1,NewOrder,1764751501.399778,25933,8,1
4,Delivery,1764751501.399801,37804,3,1
1,NewOrder,1764751501.403594,23647,0,1
1,NewOrder,1764751501.407151,30436,9,1
3,OrderStatus,1764751501.407156,5239,4,1
1,NewOrder,1764751501.407201,38812,10,1
2,Payment,1764751501.408522,13464,2,1
2,Payment,1764751501.408561,17140,5,1
2,Payment,1764751501.409510,12330,14,1
2,Payment,1764751501.412405,25952,4,1
2,Payment,1764751501.412567,13366,11,1
3,OrderStatus,1764751501.412648,2011,12,1
2,Payment,1764751501.412831,24710,1,1
2,Payment,1764751501.414666,12709,12,1
1,NewOrder,1764751501.415235,34505,13,1
5,StockLevel,1764751501.415259,14107,6,1
2,Payment,1764751501.415269,22579,15,1
1,NewOrder,1764751501.421818,36352,7,1
1,NewOrder,1764751501.421852,36615,14,1
1,NewOrder,1764751501.421992,24418,2,1
2,Payment,1764751501.425711,32599,5,1
1,NewOrder,1764751501.425721,22357,8,1
1,NewOrder,1764751501.425938,44840,11,1
1,NewOrder,1764751501.427249,30895,0,1
1,NewOrder,1764751501.427384,35505,12,1
2,Payment,1764751501.429374,16440,6,1
1,NewOrder,1764751501.437560,37915,1,1
1,NewOrder,1764751501.437588,41396,9,1
2,Payment,1764751501.437615,12501,3,1
1,NewOrder,1764751501.437855,31858,15,1
1,NewOrder,1764751501.438363,32425,4,1
1,NewOrder,1764751501.445833,39525,6,1
1,NewOrder,1764751501.446033,45245,10,1
1,NewOrder,1764751501.446418,24405,2,1
1,NewOrder,1764751501.448086,37471,8,1
5,StockLevel,1764751501.449754,19997,13,1
2,Payment,1764751501.450126,16123,3,1
1,NewOrder,1764751501.458160,20869,0,1
1,NewOrder,1764751501.458180,26812,7,1
3,OrderStatus,1764751501.458316,12522,5,1
2,Payment,1764751501.458473,16980,14,1
2,Payment,1764751501.462901,12503,12,1
5,StockLevel,1764751501.466261,12625,3,1
1,NewOrder,1764751501.469723,31222,15,1
2,Payment,1764751501.469759,21664,13,1
1,NewOrder,1764751501.470783,30216,11,1
1,NewOrder,1764751501.470795,26668,4,1
2,Payment,1764751501.470830,20494,2,1
1,NewOrder,1764751501.470846,30309,5,1
2,Payment,1764751501.475413,31436,12,1
1,NewOrder,1764751501.475461,31414,14,1
1,NewOrder,1764751501.475482,37472,1,1
1,NewOrder,1764751501.478895,22238,3,1
2,Payment,1764751501.478994,18437,9,1
1,NewOrder,1764751501.479044,25475,0,1
2,Payment,1764751501.485005,15907,7,1
1,NewOrder,1764751501.485368,21512,6,1
2,Payment,1764751501.485565,16519,8,1
2,Payment,1764751501.491290,19521,10,1
4,Delivery,1764751501.491333,42803,2,1
1,NewOrder,1764751501.491430,21439,13,1
1,NewOrder,1764751501.497442,19766,9,1
2,Payment,1764751501.497464,13312,4,1
2,Payment,1764751501.500921,12047,7,1
2,Payment,1764751501.500946,12265,15,1
2,Payment,1764751501.501007,12139,11,1
2,Payment,1764751501.501139,11780,3,1
1,NewOrder,1764751501.501162,36496,5,1
1,NewOrder,1764751501.502090,32307,8,1
2,Payment,1764751501.504526,13278,0,1
1,NewOrder,1764751501.506856,37922,12,1
2,Payment,1764751501.506884,21479,14,1
2,Payment,1764751501.506887,33336,6,1
4,Delivery,1764751501.510789,29640,4,1
1,NewOrder,1764751501.510812,26558,10,1
1,NewOrder,1764751501.512882,31892,13,1
3,OrderStatus,1764751501.512928,7273,3,1
5,StockLevel,1764751501.512961,15344,1,1
2,Payment,1764751501.512970,15424,7,1
1,NewOrder,1764751501.513150,24303,11,1
4,Delivery,1764751501.513217,41826,15,1
2,Payment,1764751501.517219,17233,9,1
2,Payment,1764751501.517812,16509,0,1
1,NewOrder,1764751501.520216,24390,3,1
1,NewOrder,1764751501.528321,28622,1,1
1,NewOrder,1764751501.528375,16538,14,1
1,NewOrder,1764751501.528401,26679,7,1
2,Payment,1764751501.534146,10677,2,1
2,Payment,1764751501.534329,13358,0,1
1,NewOrder,1764751501.534404,22532,8,1
4,Delivery,1764751501.534454,22573,9,1
1,NewOrder,1764751501.537377,23162,10,1
1,NewOrder,1764751501.537460,22986,11,1
2,Payment,1764751501.537665,14177,5,1
1,NewOrder,1764751501.540230,24059,6,1
2,Payment,1764751501.540435,24057,4,1
2,Payment,1764751501.544618,15872,3,1
2,Payment,1764751501.544781,15662,13,1
2,Payment,1764751501.544785,33014,12,1
1,NewOrder,1764751501.544829,42434,2,1
2,Payment,1764751501.544920,15518,14,1
2,Payment,1764751501.547697,12853,0,1
1,NewOrder,1764751501.551851,26068,5,1
4,Delivery,1764751501.555051,44880,15,1
1,NewOrder,1764751501.555087,24594,7,1
1,NewOrder,1764751501.556944,37841,8,1
1,NewOrder,1764751501.556950,30829,1,1
1,NewOrder,1764751501.557034,42991,9,1
1,NewOrder,1764751501.560451,36678,14,1
5,StockLevel,1764751501.560452,16808,13,1
2,Payment,1764751501.560453,16939,11,1
3,OrderStatus,1764751501.560496,5604,3,1
1,NewOrder,1764751501.560543,34273,10,1
1,NewOrder,1764751501.560556,39183,0,1
1,NewOrder,1764751501.564298,22958,6,1
1,NewOrder,1764751501.564499,32524,4,1
1,NewOrder,1764751501.566107,21177,3,1
4,Delivery,1764751501.577275,55702,13,1
2,Payment,1764751501.577397,22393,11,1
2,Payment,1764751501.577808,18850,12,1
1,NewOrder,1764751501.577929,23606,5,1
2,Payment,1764751501.579688,20200,7,1
4,Delivery,1764751501.587276,62343,2,1
2,Payment,1764751501.587285,45800,6,1
2,Payment,1764751501.587293,14167,3,1
1,NewOrder,1764751501.587787,31677,1,1
2,Payment,1764751501.594794,24660,8,1
2,Payment,1764751501.594817,24774,10,1
2,Payment,1764751501.596665,23314,12,1
2,Payment,1764751501.597031,22527,4,1
4,Delivery,1764751501.597133,55558,14,1
1,NewOrder,1764751501.599747,52931,0,1
2,Payment,1764751501.599797,33339,11,1
4,Delivery,1764751501.599895,52823,7,1
1,NewOrder,1764751501.599937,33049,15,1
1,NewOrder,1764751501.600027,123795,9,1
1,NewOrder,1764751501.601467,51222,3,1
3,OrderStatus,1764751501.601542,48077,5,1
1,NewOrder,1764751501.619471,104316,8,1
1,NewOrder,1764751501.619474,104480,1,1
3,OrderStatus,1764751501.619564,11927,4,1
1,NewOrder,1764751501.619598,33151,10,1
2,Payment,1764751501.619985,32714,12,1
3,OrderStatus,1764751501.631506,1181,4,1
3,OrderStatus,1764751501.632697,91181,4,1
1,NewOrder,1764751501.632985,94266,13,1
2,Payment,1764751501.632994,91031,15,1
2,Payment,1764751501.633088,90671,6,1
1,NewOrder,1764751501.633142,91768,11,1
1,NewOrder,1764751501.649635,77929,5,1
2,Payment,1764751501.649636,75227,2,1
2,Payment,1764751501.652685,74400,0,1
2,Payment,1764751501.652695,74445,3,1
1,NewOrder,1764751501.652698,138892,14,1
4,Delivery,1764751501.652705,74733,12,1
5,StockLevel,1764751501.652721,74414,7,1
1,NewOrder,1764751501.652751,74645,10,1
2,Payment,1764751501.723777,41865,6,1
1,NewOrder,1764751501.723796,72597,8,1
1,NewOrder,1764751501.723827,72569,9,1
1,NewOrder,1764751501.723884,67705,4,1
2,Payment,1764751501.723956,75899,1,1
3,OrderStatus,1764751501.724030,41518,15,1
2,Payment,1764751501.724868,40667,2,1
2,Payment,1764751501.724915,40591,11,1
5,StockLevel,1764751501.727090,64474,0,1
1,NewOrder,1764751501.727140,76565,7,1
3,OrderStatus,1764751501.727146,38711,3,1
1,NewOrder,1764751501.727254,64368,13,1
1,NewOrder,1764751501.727398,69015,10,1
2,Payment,1764751501.727443,64180,12,1
1,NewOrder,1764751501.727570,64074,5,1
2,Payment,1764751501.765524,34275,11,1
1,NewOrder,1764751501.765545,34300,2,1
1,NewOrder,1764751501.765554,34254,15,1
1,NewOrder,1764751501.765648,34192,6,1
1,NewOrder,1764751501.765862,33941,3,1
2,Payment,1764751501.791583,29341,0,1
1,NewOrder,1764751501.791599,33829,4,1
3,OrderStatus,1764751501.791600,1444,14,1
2,Payment,1764751501.791628,29344,13,1
1,NewOrder,1764751501.791630,33395,12,1
5,StockLevel,1764751501.791647,12070,5,1
2,Payment,1764751501.793050,27868,14,1
2,Payment,1764751501.796402,28585,8,1
2,Payment,1764751501.796404,28562,9,1
1,NewOrder,1764751501.796419,46224,10,1
2,Payment,1764751501.799805,26960,11,1
1,NewOrder,1764751501.799809,42857,3,1
2,Payment,1764751501.799813,52690,15,1
1,NewOrder,1764751501.799843,42800,6,1
1,NewOrder,1764751501.799848,43440,2,1
2,Payment,1764751501.799862,26930,1,1
2,Payment,1764751501.803714,23161,7,1
1,NewOrder,1764751501.803722,42760,5,1
1,NewOrder,1764751501.820930,31589,14,1
2,Payment,1764751501.820931,25609,0,1
1,NewOrder,1764751501.820978,31538,13,1
2,Payment,1764751501.824979,27518,9,1
2,Payment,1764751501.824995,27480,8,1
2,Payment,1764751501.825027,27518,12,1
1,NewOrder,1764751501.825434,27156,4,1
3,OrderStatus,1764751501.826772,2540,11,1
1,NewOrder,1764751501.826798,33416,1,1
1,NewOrder,1764751501.826881,25727,7,1
1,NewOrder,1764751501.829318,26052,11,1
1,NewOrder,1764751501.842655,37682,10,1
2,Payment,1764751501.842656,12291,6,1
4,Delivery,1764751501.842671,37674,3,1
2,Payment,1764751501.843294,12072,2,1
2,Payment,1764751501.846489,13650,5,1
2,Payment,1764751501.846546,13762,0,1
2,Payment,1764751501.852481,19265,8,1
2,Payment,1764751501.852503,19299,9,1
1,NewOrder,1764751501.852509,27769,15,1
1,NewOrder,1764751501.852522,28200,13,1
2,Payment,1764751501.852523,19272,14,1
1,NewOrder,1764751501.852554,27870,12,1
1,NewOrder,1764751501.852592,37013,4,1
2,Payment,1764751501.852610,45468,7,1
2,Payment,1764751501.854955,21684,6,1
2,Payment,1764751501.855372,21269,2,1
1,NewOrder,1764751501.855379,34236,11,1
2,Payment,1764751501.860145,20288,5,1
2,Payment,1764751501.860223,37864,1,1
1,NewOrder,1764751501.860312,31577,0,1
2,Payment,1764751501.871771,20001,8,1
2,Payment,1764751501.871804,19947,14,1
2,Payment,1764751501.871807,20097,9,1
1,NewOrder,1764751501.876648,46925,6,1
2,Payment,1764751501.876649,60800,2,1
2,Payment,1764751501.880288,43278,15,1
2,Payment,1764751501.880345,95726,10,1
1,NewOrder,1764751501.880352,56896,3,1
4,Delivery,1764751501.880433,40726,12,1
2,Payment,1764751501.880440,17695,5,1
3,OrderStatus,1764751501.880728,1066,13,1
2,Payment,1764751501.881799,16802,13,1
1,NewOrder,1764751501.889618,50452,4,1
1,NewOrder,1764751501.889623,50548,11,1
4,Delivery,1764751501.891758,48311,14,1
1,NewOrder,1764751501.891779,54506,8,1
1,NewOrder,1764751501.891896,45279,0,1
2,Payment,1764751501.891909,45316,9,1
2,Payment,1764751501.898092,39473,7,1
3,OrderStatus,1764751501.898097,39073,1,1
2,Payment,1764751501.898137,39389,5,1
2,Payment,1764751501.898606,38619,13,1
1,NewOrder,1764751501.921175,79612,12,1
1,NewOrder,1764751501.923579,27309,15,1
2,Payment,1764751501.923582,89190,6,1
2,Payment,1764751501.937181,38903,1,1
2,Payment,1764751501.937184,38885,0,1
3,OrderStatus,1764751501.937232,1056,9,1
1,NewOrder,1764751501.937233,63526,13,1
2,Payment,1764751501.937254,38913,3,1
2,Payment,1764751501.937456,75228,2,1
1,NewOrder,1764751501.937530,63218,5,1
2,Payment,1764751501.937567,38521,7,1
2,Payment,1764751501.938293,74260,9,1
2,Payment,1764751501.940074,36159,14,1
2,Payment,1764751501.940076,36004,4,1
2,Payment,1764751501.940177,35909,11,1
3,OrderStatus,1764751501.946293,1257,8,1
2,Payment,1764751501.947557,53208,8,1
2,Payment,1764751501.950899,115299,15,1
1,NewOrder,1764751501.976085,43737,0,1
1,NewOrder,1764751501.976085,36940,10,1
1,NewOrder,1764751501.976087,36517,4,1
1,NewOrder,1764751501.976090,36592,1,1
2,Payment,1764751501.976092,36620,11,1
2,Payment,1764751501.976095,90078,7,1
2,Payment,1764751501.976169,36365,3,1
2,Payment,1764751501.976237,36289,14,1
2,Payment,1764751502.000763,19227,5,1
5,StockLevel,1764751502.000768,18924,13,1
1,NewOrder,1764751502.000771,59145,8,1
2,Payment,1764751502.000793,18893,12,1
2,Payment,1764751502.012539,71953,14,1
2,Payment,1764751502.012541,53705,3,1
1,NewOrder,1764751502.012559,56894,9,1
1,NewOrder,1764751502.012607,62741,4,1
4,Delivery,1764751502.012686,57043,1,1
2,Payment,1764751502.012688,53494,2,1
4,Delivery,1764751502.012713,56932,11,1
3,OrderStatus,1764751502.012775,47068,6,1
1,NewOrder,1764751502.013030,56414,10,1
2,Payment,1764751502.019697,49860,12,1
2,Payment,1764751502.019699,65901,13,1
2,Payment,1764751502.019824,49622,0,1
1,NewOrder,1764751502.019998,49561,5,1
1,NewOrder,1764751502.059859,46680,6,1
2,Payment,1764751502.059925,14584,8,1
5,StockLevel,1764751502.066179,18314,7,1
2,Payment,1764751502.066188,18302,2,1
1,NewOrder,1764751502.066204,19529,15,1
1,NewOrder,1764751502.066252,40295,3,1
1,NewOrder,1764751502.069451,37303,10,1
2,Payment,1764751502.069452,16382,0,1
2,Payment,1764751502.069459,16204,9,1
1,NewOrder,1764751502.069560,41943,12,1
1,NewOrder,1764751502.069565,41950,5,1
1,NewOrder,1764751502.069647,47638,11,1
1,NewOrder,1764751502.069735,47852,1,1
1,NewOrder,1764751502.074521,42675,8,1
3,OrderStatus,1764751502.075357,5391,4,1
5,StockLevel,1764751502.080759,30718,4,1
5,StockLevel,1764751502.084502,26977,14,1
1,NewOrder,1764751502.084502,46353,2,1
2,Payment,1764751502.084506,27075,7,1
2,Payment,1764751502.085606,31625,13,1
1,NewOrder,1764751502.085669,31608,9,1
2,Payment,1764751502.085740,25770,15,1
5,StockLevel,1764751502.085838,25730,0,1
1,NewOrder,1764751502.106554,39022,6,1
1,NewOrder,1764751502.106561,28309,3,1
2,Payment,1764751502.106763,23820,10,1
1,NewOrder,1764751502.111489,39178,4,1
4,Delivery,1764751502.111490,34344,14,1
1,NewOrder,1764751502.111509,43338,12,1
1,NewOrder,1764751502.111511,23246,15,1
3,OrderStatus,1764751502.111521,19117,5,1
1,NewOrder,1764751502.111574,34001,0,1
2,Payment,1764751502.111585,26227,7,1
1,NewOrder,1764751502.117208,33428,8,1
2,Payment,1764751502.117239,17442,13,1
1,NewOrder,1764751502.117283,59308,9,1
2,Payment,1764751502.117291,17539,11,1
2,Payment,1764751502.117593,17035,1,1
1,NewOrder,1764751502.130594,34435,10,1
2,Payment,1764751502.130645,23631,5,1
2,Payment,1764751502.130859,190893,2,1
2,Payment,1764751502.134637,19855,1,1
5,StockLevel,1764751502.134682,19645,13,1
1,NewOrder,1764751502.134764,20018,15,1
2,Payment,1764751502.134839,19440,11,1
1,NewOrder,1764751502.134873,29661,3,1
1,NewOrder,1764751502.137822,22584,7,1
1,NewOrder,1764751502.145585,30925,6,1
1,NewOrder,1764751502.145587,34817,0,1
1,NewOrder,1764751502.145839,31827,14,1
2,Payment,1764751502.150647,25858,8,1
1,NewOrder,1764751502.150674,164618,4,1
4,Delivery,1764751502.154283,167519,5,1
1,NewOrder,1764751502.154288,167725,11,1
1,NewOrder,1764751502.154333,167892,13,1
1,NewOrder,1764751502.154499,169124,1,1
1,NewOrder,1764751502.154786,160446,15,1
1,NewOrder,1764751502.154853,160445,12,1
2,Payment,1764751502.160419,148098,7,1
2,Payment,1764751502.164542,150734,3,1
2,Payment,1764751502.165035,150228,10,1
1,NewOrder,1764751502.176522,158320,8,1
2,Payment,1764751502.176530,180416,6,1
5,StockLevel,1764751502.176598,145664,9,1
1,NewOrder,1764751502.177674,144293,14,1
1,NewOrder,1764751502.180411,142058,0,1
1,NewOrder,1764751502.308533,48568,7,1
2,Payment,1764751502.315245,41701,15,1
3,OrderStatus,1764751502.315271,46024,10,1
1,NewOrder,1764751502.315281,45243,3,1
1,NewOrder,1764751502.315295,47970,4,1
1,NewOrder,1764751502.315304,61404,12,1
2,Payment,1764751502.321761,38928,2,1
2,Payment,1764751502.321807,39471,5,1
1,NewOrder,1764751502.321972,60110,14,1
2,Payment,1764751502.322017,39173,11,1
2,Payment,1764751502.322230,41155,13,1
1,NewOrder,1764751502.322263,57597,9,1
2,Payment,1764751502.322474,40696,0,1
2,Payment,1764751502.323628,82217,1,1
2,Payment,1764751502.334855,45010,8,1
1,NewOrder,1764751502.356975,32464,15,1
2,Payment,1764751502.356990,25059,6,1
2,Payment,1764751502.357106,49115,7,1
1,NewOrder,1764751502.360534,21764,3,1
2,Payment,1764751502.360694,21586,2,1
1,NewOrder,1764751502.361197,127861,11,1
5,StockLevel,1764751502.361285,20758,5,1
2,Payment,1764751502.361301,20768,10,1
3,OrderStatus,1764751502.363176,18872,0,1
1,NewOrder,1764751502.363270,18895,4,1
2,Payment,1764751502.363391,18796,13,1
2,Payment,1764751502.376725,29162,12,1
5,StockLevel,1764751502.379868,25973,9,1
1,NewOrder,1764751502.379873,30388,8,1
2,Payment,1764751502.382049,24152,5,1
2,Payment,1764751502.382055,112261,6,1
1,NewOrder,1764751502.382056,107010,0,1
2,Payment,1764751502.382073,23772,10,1
4,Delivery,1764751502.382088,28154,14,1
4,Delivery,1764751502.382167,32175,4,1
2,Payment,1764751502.382189,112084,13,1
2,Payment,1764751502.382283,110173,2,1
2,Payment,1764751502.382299,23666,3,1
2,Payment,1764751502.389507,20777,15,1
1,NewOrder,1764751502.405858,125649,9,1
2,Payment,1764751502.405858,86594,10,1
2,Payment,1764751502.405858,160659,1,1
1,NewOrder,1764751502.405889,93458,12,1
5,StockLevel,1764751502.405970,86583,3,1
2,Payment,1764751502.406205,87926,5,1
2,Payment,1764751502.406225,131516,7,1
2,Payment,1764751502.410252,88916,14,1
1,NewOrder,1764751502.410267,88895,8,1
2,Payment,1764751502.410287,176707,15,1
1,NewOrder,1764751502.414352,123864,4,1
3,OrderStatus,1764751502.489074,13154,11,1
1,NewOrder,1764751502.489077,48697,0,1
1,NewOrder,1764751502.492457,70350,10,1
2,Payment,1764751502.492462,39005,2,1
2,Payment,1764751502.492559,38908,3,1
1,NewOrder,1764751502.494137,68868,5,1
2,Payment,1764751502.494276,43605,13,1
1,NewOrder,1764751502.494321,82006,6,1
5,StockLevel,1764751502.499169,39104,8,1
2,Payment,1764751502.499174,63604,14,1
1,NewOrder,1764751502.499351,84062,12,1
1,NewOrder,1764751502.502235,74081,11,1
2,Payment,1764751502.531484,34990,3,1
2,Payment,1764751502.531485,55762,2,1
2,Payment,1764751502.531513,34961,9,1
1,NewOrder,1764751502.537753,49316,7,1
2,Payment,1764751502.537780,45506,0,1
3,OrderStatus,1764751502.537885,45369,13,1
2,Payment,1764751502.538221,45101,4,1
1,NewOrder,1764751502.538279,48676,8,1
1,NewOrder,1764751502.562795,24452,14,1
1,NewOrder,1764751502.562815,32441,10,1
4,Delivery,1764751502.563019,40827,5,1
2,Payment,1764751502.566480,20532,9,1
1,NewOrder,1764751502.566482,28773,3,1
2,Payment,1764751502.566522,37322,1,1
2,Payment,1764751502.576325,18930,11,1
1,NewOrder,1764751502.576333,27481,6,1
5,StockLevel,1764751502.583264,15786,13,1
1,NewOrder,1764751502.583293,28330,0,1
2,Payment,1764751502.583325,16985,4,1
2,Payment,1764751502.583418,15673,12,1
1,NewOrder,1764751502.586964,30184,8,1
1,NewOrder,1764751502.586996,30079,15,1
2,Payment,1764751502.587013,16861,9,1
2,Payment,1764751502.587072,16776,7,1
1,NewOrder,1764751502.587253,20567,14,1
1,NewOrder,1764751502.587254,24405,2,1
1,NewOrder,1764751502.595267,21825,3,1
1,NewOrder,1764751502.595267,36955,10,1
1,NewOrder,1764751502.595267,21825,11,1
2,Payment,1764751502.599056,40343,13,1
2,Payment,1764751502.599097,18393,12,1
2,Payment,1764751502.600316,17691,4,1
2,Payment,1764751502.603820,19580,6,1
2,Payment,1764751502.603850,18999,1,1
1,NewOrder,1764751502.603852,40950,5,1
1,NewOrder,1764751502.603854,35516,7,1
3,OrderStatus,1764751502.603881,917,9,1
2,Payment,1764751502.604805,17986,9,1
1,NewOrder,1764751502.607827,31535,14,1
2,Payment,1764751502.611632,14567,0,1
2,Payment,1764751502.611667,27811,2,1
1,NewOrder,1764751502.617082,35263,15,1
1,NewOrder,1764751502.617098,27617,3,1
1,NewOrder,1764751502.617100,27543,11,1
2,Payment,1764751502.617154,15052,8,1
1,NewOrder,1764751502.617496,27277,12,1
1,NewOrder,1764751502.618012,35450,4,1
2,Payment,1764751502.622802,21944,9,1
2,Payment,1764751502.622857,34128,1,1
4,Delivery,1764751502.623406,28933,6,1
4,Delivery,1764751502.626205,42080,0,1
1,NewOrder,1764751502.632214,32124,8,1
1,NewOrder,1764751502.632228,35744,10,1
1,NewOrder,1764751502.639369,25085,14,1
1,NewOrder,1764751502.639376,31557,7,1
1,NewOrder,1764751502.639405,25174,13,1
1,NewOrder,1764751502.639482,24907,2,1
2,Payment,1764751502.644653,19673,11,1
2,Payment,1764751502.644722,19912,3,1
2,Payment,1764751502.644752,19583,9,1
2,Payment,1764751502.644776,20231,12,1
1,NewOrder,1764751502.644811,23170,5,1
2,Payment,1764751502.652350,15643,6,1
2,Payment,1764751502.652353,15628,15,1
1,NewOrder,1764751502.653469,20301,4,1
1,NewOrder,1764751502.656992,19548,1,1
3,OrderStatus,1764751502.664340,1369,11,1
1,NewOrder,1764751502.664346,35828,8,1
1,NewOrder,1764751502.664354,19392,9,1
2,Payment,1764751502.664392,12186,2,1
1,NewOrder,1764751502.664460,23442,14,1
2,Payment,1764751502.664584,12153,13,1
1,NewOrder,1764751502.664638,19201,3,1
1,NewOrder,1764751502.665013,35178,12,1
3,OrderStatus,1764751502.665715,10861,11,1
1,NewOrder,1764751502.667979,32172,10,1
1,NewOrder,1764751502.667987,37176,5,1
2,Payment,1764751502.667989,14360,15,1
2,Payment,1764751502.668000,15595,6,1
1,NewOrder,1764751502.668290,31875,0,1
1,NewOrder,1764751502.670941,26045,7,1
1,NewOrder,1764751502.673780,26570,4,1
2,Payment,1764751502.676549,15963,1,1
1,NewOrder,1764751502.676584,23780,11,1
2,Payment,1764751502.676586,32578,2,1
4,Delivery,1764751502.676741,39008,13,1
1,NewOrder,1764751502.682359,23071,15,1
2,Payment,1764751502.683603,16559,6,1
5,StockLevel,1764751502.683750,16406,9,1
1,NewOrder,1764751502.683841,25387,3,1
2,Payment,1764751502.687917,17226,14,1
2,Payment,1764751502.692523,28911,1,1
2,Payment,1764751502.696995,18739,7,1
1,NewOrder,1764751502.700165,17997,10,1
1,NewOrder,1764751502.700167,31234,9,1
1,NewOrder,1764751502.700168,21202,6,1
2,Payment,1764751502.700172,15592,0,1
1,NewOrder,1764751502.700180,25458,8,1
1,NewOrder,1764751502.700212,25615,12,1
1,NewOrder,1764751502.700353,17935,4,1
1,NewOrder,1764751502.700371,37255,11,1
2,Payment,1764751502.705155,12946,14,1
1,NewOrder,1764751502.705172,26513,5,1
1,NewOrder,1764751502.705437,37336,15,1
1,NewOrder,1764751502.709172,36756,2,1
1,NewOrder,1764751502.709237,36509,3,1
1,NewOrder,1764751502.715742,32254,7,1
2,Payment,1764751502.715760,15521,13,1
1,NewOrder,1764751502.715771,30106,0,1
1,NewOrder,1764751502.718109,20035,14,1
3,OrderStatus,1764751502.718169,13274,10,1
2,Payment,1764751502.718294,19280,4,1
1,NewOrder,1764751502.721377,24366,6,1
1,NewOrder,1764751502.721437,29230,1,1
2,Payment,1764751502.725646,12090,8,1
2,Payment,1764751502.725832,20171,12,1
1,NewOrder,1764751502.731289,30384,13,1
1,NewOrder,1764751502.731407,26478,9,1
2,Payment,1764751502.731449,16416,10,1
3,OrderStatus,1764751502.731691,2124,5,1
2,Payment,1764751502.733822,16919,5,1
1,NewOrder,1764751502.737583,20293,4,1
2,Payment,1764751502.737629,13049,11,1
2,Payment,1764751502.737743,12988,8,1
4,Delivery,1764751502.738153,23380,14,1
1,NewOrder,1764751502.742783,23375,15,1
1,NewOrder,1764751502.745751,23909,6,1
2,Payment,1764751502.745754,15827,3,1
2,Payment,1764751502.745884,15811,0,1
2,Payment,1764751502.745931,15602,2,1
2,Payment,1764751502.746006,15529,12,1
2,Payment,1764751502.747871,17811,10,1
2,Payment,1764751502.748002,13594,7,1
2,Payment,1764751502.750674,43917,1,1
2,Payment,1764751502.750684,14986,11,1
2,Payment,1764751502.750735,15073,8,1
2,Payment,1764751502.750744,14906,5,1
2,Payment,1764751502.757884,24743,4,1
1,NewOrder,1764751502.757893,16074,9,1
1,NewOrder,1764751502.761544,30167,12,1
2,Payment,1764751502.761544,17067,2,1
2,Payment,1764751502.761545,11443,14,1
1,NewOrder,1764751502.761587,27564,3,1
1,NewOrder,1764751502.761603,27285,7,1
1,NewOrder,1764751502.761677,20903,13,1
1,NewOrder,1764751502.761700,30099,0,1
1,NewOrder,1764751502.765657,13440,5,1
4,Delivery,1764751502.765676,33506,11,1
2,Payment,1764751502.765692,16987,10,1
4,Delivery,1764751502.765810,40734,8,1
1,NewOrder,1764751502.766164,32965,15,1
2,Payment,1764751502.769670,19155,6,1
2,Payment,1764751502.773001,16043,14,1
2,Payment,1764751502.773973,25047,9,1
1,NewOrder,1764751502.778622,27954,2,1
1,NewOrder,1764751502.779104,36558,5,1
1,NewOrder,1764751502.782587,27375,13,1
1,NewOrder,1764751502.782634,20751,4,1
1,NewOrder,1764751502.782685,30833,10,1
2,Payment,1764751502.788832,17760,6,1
1,NewOrder,1764751502.788895,27120,7,1
1,NewOrder,1764751502.789052,26783,14,1
2,Payment,1764751502.789158,17376,3,1
1,NewOrder,1764751502.791718,34427,12,1
1,NewOrder,1764751502.791830,37263,0,1
2,Payment,1764751502.794598,15359,1,1
1,NewOrder,1764751502.799027,27148,9,1
2,Payment,1764751502.799132,16592,15,1
2,Payment,1764751502.799190,16466,11,1
1,NewOrder,1764751502.803397,25754,4,1
5,StockLevel,1764751502.806545,12197,3,1
5,StockLevel,1764751502.806553,12299,8,1
1,NewOrder,1764751502.806584,28391,2,1
4,Delivery,1764751502.806599,22401,6,1
2,Payment,1764751502.809965,16138,1,1
2,Payment,1764751502.809969,16231,13,1
2,Payment,1764751502.813525,12615,10,1
2,Payment,1764751502.815662,13343,11,1
2,Payment,1764751502.815668,13764,5,1
2,Payment,1764751502.815731,13370,15,1
1,NewOrder,1764751502.815839,19272,14,1
1,NewOrder,1764751502.816021,19000,7,1
2,Payment,1764751502.818749,11216,3,1
1,NewOrder,1764751502.818873,20115,8,1
2,Payment,1764751502.826111,12528,1,1
1,NewOrder,1764751502.826149,32379,10,1
5,StockLevel,1764751502.826152,12487,12,1
2,Payment,1764751502.826178,12428,9,1
2,Payment,1764751502.826202,8781,13,1
1,NewOrder,1764751502.829009,22122,6,1
2,Payment,1764751502.829013,14441,11,1
2,Payment,1764751502.829100,14354,0,1
2,Payment,1764751502.829110,14191,15,1
1,NewOrder,1764751502.829162,26098,4,1
2,Payment,1764751502.829438,13856,5,1
2,Payment,1764751502.829970,13714,3,1
2,Payment,1764751502.834982,20088,2,1
2,Payment,1764751502.834990,11695,13,1
2,Payment,1764751502.835029,16147,7,1
1,NewOrder,1764751502.835118,35365,14,1
3,OrderStatus,1764751502.838617,12607,9,1
1,NewOrder,1764751502.838647,31222,1,1
1,NewOrder,1764751502.838648,28337,12,1
1,NewOrder,1764751502.838995,30840,8,1
1,NewOrder,1764751502.843305,33045,5,1
1,NewOrder,1764751502.843309,33063,15,1
1,NewOrder,1764751502.843459,19181,0,1
1,NewOrder,1764751502.843461,26462,11,1
1,NewOrder,1764751502.843691,26125,3,1
2,Payment,1764751502.846693,15856,13,1
1,NewOrder,1764751502.851139,25252,6,1
3,OrderStatus,1764751502.851183,11415,7,1
1,NewOrder,1764751502.851226,25053,9,1
1,NewOrder,1764751502.855078,33634,2,1
5,StockLevel,1764751502.855267,14567,4,1
1,NewOrder,1764751502.858536,27746,10,1
2,Payment,1764751502.862571,13734,13,1
1,NewOrder,1764751502.862602,26421,7,1
1,NewOrder,1764751502.862643,23723,0,1
2,Payment,1764751502.866997,21849,12,1
2,Payment,1764751502.869825,13423,3,1
2,Payment,1764751502.869842,14099,4,1
2,Payment,1764751502.869845,13389,8,1
1,NewOrder,1764751502.869875,20866,1,1
1,NewOrder,1764751502.869926,33351,11,1
2,Payment,1764751502.870491,16477,14,1
2,Payment,1764751502.876288,12431,9,1
1,NewOrder,1764751502.876312,25685,13,1
2,Payment,1764751502.876352,27059,5,1
2,Payment,1764751502.876374,25925,15,1
2,Payment,1764751502.876398,12535,6,1
1,NewOrder,1764751502.883242,18962,8,1
1,NewOrder,1764751502.883255,20630,3,1
3,OrderStatus,1764751502.883958,4872,4,1
2,Payment,1764751502.886288,15792,10,1
2,Payment,1764751502.886368,15742,0,1
1,NewOrder,1764751502.886974,29376,14,1
1,NewOrder,1764751502.888718,27859,2,1
3,OrderStatus,1764751502.888748,2412,9,1
1,NewOrder,1764751502.888836,42054,4,1
1,NewOrder,1764751502.888897,36078,12,1
1,NewOrder,1764751502.888936,16128,6,1
2,Payment,1764751502.889027,15967,7,1
1,NewOrder,1764751502.890749,25607,1,1
5,StockLevel,1764751502.891167,11963,9,1
2,Payment,1764751502.902013,14285,13,1
1,NewOrder,1764751502.902089,24587,10,1
2,Payment,1764751502.902118,14229,0,1
2,Payment,1764751502.902207,14106,8,1
2,Payment,1764751502.902306,17809,15,1
3,OrderStatus,1764751502.903136,13186,9,1
2,Payment,1764751502.903283,16684,11,1
2,Payment,1764751502.903418,21392,5,1
2,Payment,1764751502.903891,16024,3,1
1,NewOrder,1764751502.905001,21622,7,1
2,Payment,1764751502.905071,14983,6,1
1,NewOrder,1764751502.916307,21213,13,1
2,Payment,1764751502.916321,14550,8,1
2,Payment,1764751502.916329,14504,9,1
1,NewOrder,1764751502.916353,21075,0,1
2,Payment,1764751502.916357,29643,14,1
1,NewOrder,1764751502.916363,28688,1,1
3,OrderStatus,1764751502.916582,4921,2,1
2,Payment,1764751502.919924,13711,3,1
1,NewOrder,1764751502.919974,25109,11,1
3,OrderStatus,1764751502.920060,1536,6,1
2,Payment,1764751502.920120,13615,15,1
2,Payment,1764751502.921510,12161,2,1
2,Payment,1764751502.921603,15788,6,1
1,NewOrder,1764751502.924816,29781,5,1
1,NewOrder,1764751502.924983,20016,12,1
2,Payment,1764751502.926630,27941,7,1
1,NewOrder,1764751502.926683,32326,10,1
3,OrderStatus,1764751502.930843,14198,9,1
1,NewOrder,1764751502.930878,23558,8,1
2,Payment,1764751502.930897,14152,4,1
3,OrderStatus,1764751502.933642,1009,3,1
1,NewOrder,1764751502.933677,23018,2,1
1,NewOrder,1764751502.933738,22935,15,1
2,Payment,1764751502.934658,11389,3,1
1,NewOrder,1764751502.937399,23686,6,1
5,StockLevel,1764751502.937435,11996,0,1
2,Payment,1764751502.937523,11918,13,1
1,NewOrder,1764751502.945006,30008,12,1
2,Payment,1764751502.945048,13952,9,1
3,OrderStatus,1764751502.945051,1372,4,1
1,NewOrder,1764751502.945071,29939,1,1
1,NewOrder,1764751502.945092,21907,11,1
1,NewOrder,1764751502.946006,24766,14,1
2,Payment,1764751502.946054,13747,3,1
1,NewOrder,1764751502.946430,20610,4,1
1,NewOrder,1764751502.949438,21112,0,1
1,NewOrder,1764751502.949447,27834,13,1
2,Payment,1764751502.954447,13446,8,1
2,Payment,1764751502.954578,13307,7,1
3,OrderStatus,1764751502.954606,1137,5,1
2,Payment,1764751502.955750,12391,5,1
2,Payment,1764751502.956680,13895,15,1
1,NewOrder,1764751502.956703,26267,2,1
3,OrderStatus,1764751502.959008,11534,9,1
2,Payment,1764751502.959016,11651,10,1
2,Payment,1764751502.959807,10907,3,1
1,NewOrder,1764751502.961092,36567,6,1
2,Payment,1764751502.967006,15978,11,1
4,Delivery,1764751502.967046,27463,4,1
1,NewOrder,1764751502.967893,23262,7,1
2,Payment,1764751502.967901,15016,8,1
1,NewOrder,1764751502.968146,29394,5,1
1,NewOrder,1764751502.970549,23976,9,1
1,NewOrder,1764751502.970557,27090,0,1
2,Payment,1764751502.970576,16832,15,1
1,NewOrder,1764751502.970674,23866,10,1
1,NewOrder,1764751502.970722,20431,3,1
5,StockLevel,1764751502.970777,16634,14,1
1,NewOrder,1764751502.975017,22694,1,1
2,Payment,1764751502.975022,16077,12,1
4,Delivery,1764751502.977288,32569,13,1
1,NewOrder,1764751502.982924,18385,8,1
4,Delivery,1764751502.982977,41930,2,1
2,Payment,1764751502.982993,14558,11,1
5,StockLevel,1764751502.987420,13873,15,1
1,NewOrder,1764751502.987421,17388,14,1
2,Payment,1764751502.991108,13679,12,1
1,NewOrder,1764751502.991155,20416,3,1
1,NewOrder,1764751502.991162,24829,7,1
2,Payment,1764751502.994516,10276,4,1
2,Payment,1764751502.994531,10258,9,1
2,Payment,1764751502.994547,22778,10,1
3,OrderStatus,1764751502.997557,12333,5,1
5,StockLevel,1764751502.997559,13962,11,1
1,NewOrder,1764751502.997653,24822,0,1
5,StockLevel,1764751502.997662,13873,6,1
4,Delivery,1764751502.997720,27825,1,1
1,NewOrder,1764751503.001300,29609,15,1
1,NewOrder,1764751503.001316,28475,8,1
2,Payment,1764751503.004794,17747,12,1
1,NewOrder,1764751503.004796,27235,9,1
2,Payment,1764751503.004799,11203,4,1
3,OrderStatus,1764751503.004815,9997,14,1
3,OrderStatus,1764751503.009867,12616,13,1
2,Payment,1764751503.009898,35719,5,1
1,NewOrder,1764751503.011528,18514,11,1
1,NewOrder,1764751503.011542,19522,6,1
1,NewOrder,1764751503.011577,23648,3,1
2,Payment,1764751503.014819,14920,14,1
1,NewOrder,1764751503.015997,29680,7,1
2,Payment,1764751503.016008,13711,4,1
2,Payment,1764751503.017332,12348,10,1
1,NewOrder,1764751503.022486,29370,0,1
1,NewOrder,1764751503.022492,20231,13,1
5,StockLevel,1764751503.022545,12698,12,1
2,Payment,1764751503.024916,13775,2,1
1,NewOrder,1764751503.025550,20066,1,1
1,NewOrder,1764751503.029687,26742,10,1
1,NewOrder,1764751503.029726,28661,4,1
2,Payment,1764751503.029749,15869,14,1
1,NewOrder,1764751503.029798,26645,8,1
1,NewOrder,1764751503.030058,21941,11,1
1,NewOrder,1764751503.030916,30759,15,1
2,Payment,1764751503.031068,15119,6,1
2,Payment,1764751503.032037,13929,9,1
4,Delivery,1764751503.035231,29984,3,1
2,Payment,1764751503.035249,11174,12,1
1,NewOrder,1764751503.038699,24550,2,1
4,Delivery,1764751503.042730,34803,13,1
1,NewOrder,1764751503.045623,22710,1,1
2,Payment,1764751503.045626,12736,5,1
5,StockLevel,1764751503.045627,1707,14,1
2,Payment,1764751503.045686,15747,7,1
1,NewOrder,1764751503.045972,31663,9,1
1,NewOrder,1764751503.046193,27104,6,1
2,Payment,1764751503.046430,15090,12,1
2,Payment,1764751503.047341,14056,14,1
2,Payment,1764751503.051879,11305,0,1
2,Payment,1764751503.052008,11129,11,1
4,Delivery,1764751503.056437,36757,10,1
1,NewOrder,1764751503.056450,21338,8,1
2,Payment,1764751503.058369,14951,5,1
2,Payment,1764751503.058394,29811,4,1
2,Payment,1764751503.061407,16103,14,1
2,Payment,1764751503.061440,16326,7,1
2,Payment,1764751503.061527,16035,12,1
2,Payment,1764751503.061681,32421,15,1
2,Payment,1764751503.063146,14456,11,1
2,Payment,1764751503.063192,14338,0,1
2,Payment,1764751503.063252,14426,2,1
1,NewOrder,1764751503.065222,32985,3,1
2,Payment,1764751503.068341,25677,1,1
2,Payment,1764751503.073305,20383,6,1
2,Payment,1764751503.073328,30649,5,1
1,NewOrder,1764751503.077517,30017,14,1
2,Payment,1764751503.077536,16213,0,1
1,NewOrder,1764751503.077540,30010,13,1
1,NewOrder,1764751503.077569,37770,12,1
1,NewOrder,1764751503.077604,30075,11,1
2,Payment,1764751503.077638,15959,9,1
1,NewOrder,1764751503.077682,32093,2,1
1,NewOrder,1764751503.077769,29853,7,1
2,Payment,1764751503.077794,15388,8,1
1,NewOrder,1764751503.088220,39114,4,1
2,Payment,1764751503.093192,22168,8,1
1,NewOrder,1764751503.093201,25870,10,1
1,NewOrder,1764751503.093602,33520,9,1
1,NewOrder,1764751503.093693,33439,6,1
1,NewOrder,1764751503.093755,30162,0,1
1,NewOrder,1764751503.094025,38669,1,1
2,Payment,1764751503.094109,13663,15,1
1,NewOrder,1764751503.098216,25682,3,1
2,Payment,1764751503.103985,19898,5,1
2,Payment,1764751503.107542,16432,14,1
1,NewOrder,1764751503.107557,25869,13,1
1,NewOrder,1764751503.107629,25116,7,1
2,Payment,1764751503.107683,16223,11,1
2,Payment,1764751503.107775,30277,15,1
1,NewOrder,1764751503.109783,22370,2,1
2,Payment,1764751503.115350,17461,12,1
2,Payment,1764751503.115371,16785,8,1
1,NewOrder,1764751503.119079,18927,10,1
4,Delivery,1764751503.123896,33731,5,1
1,NewOrder,1764751503.123906,27894,3,1
2,Payment,1764751503.123913,14080,11,1
1,NewOrder,1764751503.123924,27866,0,1
1,NewOrder,1764751503.123981,27938,14,1
1,NewOrder,1764751503.127131,27587,9,1
2,Payment,1764751503.127139,15968,6,1
2,Payment,1764751503.127341,15849,4,1
2,Payment,1764751503.132160,19658,2,1
1,NewOrder,1764751503.132165,19786,8,1
3,OrderStatus,1764751503.132701,15205,1,1
2,Payment,1764751503.132781,24815,7,1
2,Payment,1764751503.132816,19006,12,1
1,NewOrder,1764751503.133433,20720,13,1
3,OrderStatus,1764751503.138001,2934,11,1
2,Payment,1764751503.138013,13849,10,1
2,Payment,1764751503.138059,14012,15,1
2,Payment,1764751503.140943,13116,11,1
1,NewOrder,1764751503.143114,27183,6,1
2,Payment,1764751503.143200,14435,4,1
2,Payment,1764751503.147915,37496,1,1
1,NewOrder,1764751503.151798,21780,0,1
3,OrderStatus,1764751503.151808,13821,3,1
2,Payment,1764751503.151825,14045,2,1
1,NewOrder,1764751503.151830,8945,12,1
2,Payment,1764751503.151868,13967,10,1
1,NewOrder,1764751503.151923,33166,14,1
2,Payment,1764751503.151956,13729,8,1
2,Payment,1764751503.152079,18126,15,1
2,Payment,1764751503.154067,16285,11,1
2,Payment,1764751503.154164,16331,13,1
1,NewOrder,1764751503.154725,99776,9,1
2,Payment,1764751503.157604,14980,7,1
2,Payment,1764751503.157633,12521,5,1
1,NewOrder,1764751503.157641,30883,4,1
4,Delivery,1764751503.160779,27589,12,1
2,Payment,1764751503.165636,19536,3,1
2,Payment,1764751503.165693,19532,8,1
5,StockLevel,1764751503.165844,22506,10,1
1,NewOrder,1764751503.165876,22657,2,1
2,Payment,1764751503.170168,80701,5,1
5,StockLevel,1764751503.170214,84248,15,1
1,NewOrder,1764751503.170304,89673,6,1
1,NewOrder,1764751503.170356,84986,11,1
1,NewOrder,1764751503.170502,85017,13,1
2,Payment,1764751503.172591,15848,7,1
5,StockLevel,1764751503.173587,14826,0,1
1,NewOrder,1764751503.185108,74912,14,1
1,NewOrder,1764751503.185218,75273,3,1
2,Payment,1764751503.185232,74706,8,1
1,NewOrder,1764751503.185417,74653,1,1
2,Payment,1764751503.188361,71624,10,1
1,NewOrder,1764751503.188379,71785,12,1
1,NewOrder,1764751503.188419,71939,0,1
2,Payment,1764751503.188446,71730,7,1
1,NewOrder,1764751503.188530,93248,4,1
1,NewOrder,1764751503.188538,71607,2,1
1,NewOrder,1764751503.250886,27333,5,1
1,NewOrder,1764751503.254473,29454,15,1
4,Delivery,1764751503.254509,27327,9,1
1,NewOrder,1764751503.255347,22965,11,1
2,Payment,1764751503.255524,14185,13,1
1,NewOrder,1764751503.259945,24121,8,1
2,Payment,1764751503.259982,18250,6,1
1,NewOrder,1764751503.259991,30626,10,1
1,NewOrder,1764751503.260022,24006,14,1
3,OrderStatus,1764751503.260075,6975,1,1
2,Payment,1764751503.260151,18111,2,1
1,NewOrder,1764751503.260168,40701,12,1
2,Payment,1764751503.260178,30453,7,1
2,Payment,1764751503.260362,18991,0,1
4,Delivery,1764751503.260496,30583,3,1
1,NewOrder,1764751503.267062,41707,1,1
1,NewOrder,1764751503.269722,31154,13,1
2,Payment,1764751503.278234,12512,5,1
2,Payment,1764751503.278241,26607,6,1
5,StockLevel,1764751503.278264,12224,2,1
1,NewOrder,1764751503.278319,30382,11,1
1,NewOrder,1764751503.279374,22216,0,1
1,NewOrder,1764751503.281786,43283,4,1
1,NewOrder,1764751503.281842,27100,9,1
3,OrderStatus,1764751503.283933,1697,15,1
1,NewOrder,1764751503.284035,20765,14,1
1,NewOrder,1764751503.284072,17936,8,1
2,Payment,1764751503.285636,15194,15,1
4,Delivery,1764751503.290502,37887,2,1
1,NewOrder,1764751503.290625,18157,10,1
2,Payment,1764751503.290635,34493,7,1
1,NewOrder,1764751503.290752,27401,5,1
3,OrderStatus,1764751503.291086,3071,3,1
2,Payment,1764751503.294165,14907,3,1
2,Payment,1764751503.300845,14175,15,1
2,Payment,1764751503.300879,10443,12,1
1,NewOrder,1764751503.300882,27499,13,1
2,Payment,1764751503.301597,14852,0,1
2,Payment,1764751503.302014,12933,8,1
3,OrderStatus,1764751503.304807,10233,14,1
2,Payment,1764751503.304855,35892,6,1
2,Payment,1764751503.308709,12995,11,1
1,NewOrder,1764751503.308776,19606,1,1
2,Payment,1764751503.308789,16277,10,1
1,NewOrder,1764751503.308948,27776,9,1
4,Delivery,1764751503.309077,32015,3,1
2,Payment,1764751503.311330,13769,12,1
1,NewOrder,1764751503.314956,17314,8,1
1,NewOrder,1764751503.315026,17272,15,1
1,NewOrder,1764751503.315042,28390,14,1
2,Payment,1764751503.316456,16234,0,1
2,Payment,1764751503.318159,14525,5,1
1,NewOrder,1764751503.321714,22018,11,1
1,NewOrder,1764751503.325073,30724,10,1
2,Payment,1764751503.325075,23176,4,1
2,Payment,1764751503.325105,16657,12,1
2,Payment,1764751503.325131,34795,7,1
2,Payment,1764751503.328394,24300,13,1
3,OrderStatus,1764751503.328394,12760,1,1
1,NewOrder,1764751503.328397,24214,2,1
1,NewOrder,1764751503.332283,29251,8,1
1,NewOrder,1764751503.332306,23576,15,1
1,NewOrder,1764751503.332690,19940,5,1
1,NewOrder,1764751503.332697,35302,0,1
4,Delivery,1764751503.336731,23488,9,1
3,OrderStatus,1764751503.340756,12273,6,1
2,Payment,1764751503.341099,14702,3,1
2,Payment,1764751503.341161,18792,1,1
2,Payment,1764751503.341769,25664,12,1
2,Payment,1764751503.343439,12354,14,1
1,NewOrder,1764751503.343738,23612,11,1
2,Payment,1764751503.348279,11773,4,1
5,StockLevel,1764751503.352620,14340,2,1
1,NewOrder,1764751503.352637,31688,5,1
1,NewOrder,1764751503.352701,22082,13,1
2,Payment,1764751503.353035,21688,6,1
1,NewOrder,1764751503.355801,25843,14,1
1,NewOrder,1764751503.355805,25925,10,1
2,Payment,1764751503.355809,11217,3,1
2,Payment,1764751503.355891,15511,15,1
1,NewOrder,1764751503.359934,21593,7,1
2,Payment,1764751503.359960,14749,1,1
3,OrderStatus,1764751503.360056,11639,4,1
1,NewOrder,1764751503.360226,28240,9,1
1,NewOrder,1764751503.361540,19993,8,1
2,Payment,1764751503.366975,21202,2,1
1,NewOrder,1764751503.367037,21129,3,1
2,Payment,1764751503.367354,14188,11,1
2,Payment,1764751503.367439,14108,12,1
1,NewOrder,1764751503.368006,31636,0,1
2,Payment,1764751503.371409,12903,15,1
2,Payment,1764751503.371702,12616,4,1
1,NewOrder,1764751503.374718,81752,1,1
2,Payment,1764751503.374731,9642,6,1
4,Delivery,1764751503.374789,89961,13,1
1,NewOrder,1764751503.381537,83230,7,1
1,NewOrder,1764751503.381541,74942,8,1
1,NewOrder,1764751503.381548,83180,11,1
1,NewOrder,1764751503.381554,77930,12,1
2,Payment,1764751503.381648,74808,14,1
1,NewOrder,1764751503.381733,90763,10,1
1,NewOrder,1764751503.384319,80518,15,1
1,NewOrder,1764751503.384326,80570,4,1
2,Payment,1764751503.384332,66956,5,1
2,Payment,1764751503.384379,72059,6,1
2,Payment,1764751503.388174,68302,3,1
2,Payment,1764751503.388184,68261,2,1
1,NewOrder,1764751503.388470,71013,9,1
2,Payment,1764751503.399659,65283,0,1
2,Payment,1764751503.451304,17013,5,1
4,Delivery,1764751503.456452,20714,6,1
1,NewOrder,1764751503.456454,20698,2,1
1,NewOrder,1764751503.456462,23908,14,1
2,Payment,1764751503.456476,16010,1,1
3,OrderStatus,1764751503.456482,11859,3,1
3,OrderStatus,1764751503.456489,780,8,1
1,NewOrder,1764751503.457274,23159,8,1
1,NewOrder,1764751503.459491,21021,12,1
1,NewOrder,1764751503.459492,25193,9,1
2,Payment,1764751503.464740,15656,11,1
1,NewOrder,1764751503.464758,20021,13,1
2,Payment,1764751503.464773,12370,7,1
2,Payment,1764751503.464841,15607,15,1
2,Payment,1764751503.464898,20149,4,1
2,Payment,1764751503.464944,15471,0,1
2,Payment,1764751503.468324,33710,5,1
5,StockLevel,1764751503.468346,16297,3,1
1,NewOrder,1764751503.472495,29407,1,1
2,Payment,1764751503.472503,14494,10,1
1,NewOrder,1764751503.477151,18655,7,1
2,Payment,1764751503.477159,13217,2,1
2,Payment,1764751503.477172,13169,6,1
1,NewOrder,1764751503.480378,25206,14,1
2,Payment,1764751503.480402,17331,11,1
2,Payment,1764751503.480421,17024,0,1
2,Payment,1764751503.480439,15169,8,1
2,Payment,1764751503.480454,15088,15,1
2,Payment,1764751503.480515,15854,12,1
1,NewOrder,1764751503.484653,21405,3,1
5,StockLevel,1764751503.484692,17743,9,1
1,NewOrder,1764751503.484785,40300,13,1
1,NewOrder,1764751503.485053,34951,4,1
1,NewOrder,1764751503.487004,38066,10,1
1,NewOrder,1764751503.490350,23864,6,1
1,NewOrder,1764751503.490383,23814,2,1
1,NewOrder,1764751503.495554,29477,15,1
2,Payment,1764751503.495616,18631,8,1
4,Delivery,1764751503.495813,39914,7,1
4,Delivery,1764751503.496376,37211,12,1
2,Payment,1764751503.497452,17486,0,1
1,NewOrder,1764751503.497739,22077,11,1
1,NewOrder,1764751503.501916,17905,1,1
2,Payment,1764751503.502042,12619,5,1
1,NewOrder,1764751503.502442,26537,9,1
2,Payment,1764751503.505593,14335,14,1
2,Payment,1764751503.506065,13800,3,1
1,NewOrder,1764751503.514212,28020,2,1
1,NewOrder,1764751503.514223,26126,6,1
1,NewOrder,1764751503.514249,21515,8,1
2,Payment,1764751503.514668,18761,5,1
2,Payment,1764751503.514944,18574,0,1
3,OrderStatus,1764751503.519828,13591,11,1
5,StockLevel,1764751503.519830,15885,1,1
1,NewOrder,1764751503.519873,30189,3,1
2,Payment,1764751503.519934,16151,14,1
2,Payment,1764751503.520011,43893,4,1
2,Payment,1764751503.525049,22343,15,1
1,NewOrder,1764751503.525081,21297,10,1
1,NewOrder,1764751503.525093,25804,13,1
1,NewOrder,1764751503.529010,29185,9,1
1,NewOrder,1764751503.533432,34286,11,1
2,Payment,1764751503.533438,14176,5,1
1,NewOrder,1764751503.533526,24679,0,1
2,Payment,1764751503.533590,12653,12,1
1,NewOrder,1764751503.535722,27952,1,1
2,Payment,1764751503.535736,11239,7,1
2,Payment,1764751503.535770,14125,8,1
2,Payment,1764751503.536093,27892,14,1
1,NewOrder,1764751503.540361,48077,6,1
1,NewOrder,1764751503.542242,18225,2,1
2,Payment,1764751503.546254,14260,12,1
1,NewOrder,1764751503.546389,21495,10,1
2,Payment,1764751503.546982,13468,7,1
2,Payment,1764751503.547398,31276,15,1
1,NewOrder,1764751503.547620,27278,5,1
2,Payment,1764751503.549906,14388,8,1
2,Payment,1764751503.550073,13617,3,1
1,NewOrder,1764751503.550904,37436,13,1
1,NewOrder,1764751503.558211,38234,9,1
1,NewOrder,1764751503.558216,35290,0,1
2,Payment,1764751503.560461,18172,7,1
1,NewOrder,1764751503.560476,36348,2,1
1,NewOrder,1764751503.560521,28025,12,1
1,NewOrder,1764751503.563687,25137,1,1
2,Payment,1764751503.563700,14753,3,1
1,NewOrder,1764751503.563911,24475,4,1
1,NewOrder,1764751503.563992,24580,14,1
1,NewOrder,1764751503.564301,47853,8,1
2,Payment,1764751503.567726,16484,11,1
2,Payment,1764751503.567894,16317,10,1
1,NewOrder,1764751503.574909,21490,5,1
1,NewOrder,1764751503.578461,18273,3,1
2,Payment,1764751503.578642,17736,7,1
2,Payment,1764751503.578676,17699,15,1
2,Payment,1764751503.584222,12229,10,1
2,Payment,1764751503.584223,15466,11,1
2,Payment,1764751503.588350,14285,13,1
5,StockLevel,1764751503.588393,11959,4,1
3,OrderStatus,1764751503.588445,8070,6,1
2,Payment,1764751503.588553,29022,12,1
1,NewOrder,1764751503.588576,30948,14,1
4,Delivery,1764751503.588831,28677,1,1
2,Payment,1764751503.593519,11477,0,1
4,Delivery,1764751503.596386,48073,15,1
2,Payment,1764751503.596387,16288,7,1
3,OrderStatus,1764751503.596407,16034,5,1
2,Payment,1764751503.596452,15782,9,1
1,NewOrder,1764751503.596454,27317,10,1
4,Delivery,1764751503.596522,23217,6,1
1,NewOrder,1764751503.596740,23046,3,1
1,NewOrder,1764751503.596830,31186,2,1
1,NewOrder,1764751503.599698,24137,11,1
2,Payment,1764751503.600360,17567,4,1
5,StockLevel,1764751503.602642,16728,13,1
2,Payment,1764751503.605004,14695,0,1
2,Payment,1764751503.612166,11649,8,1
1,NewOrder,1764751503.612238,18760,9,1
1,NewOrder,1764751503.612451,30821,5,1
2,Payment,1764751503.612683,11144,7,1
2,Payment,1764751503.617518,13927,1,1
1,NewOrder,1764751503.617583,25287,12,1
3,OrderStatus,1764751503.617934,10023,4,1
1,NewOrder,1764751503.619376,23595,13,1
2,Payment,1764751503.619527,19881,14,1
1,NewOrder,1764751503.619705,23255,0,1
2,Payment,1764751503.619746,19697,6,1
2,Payment,1764751503.619793,14603,3,1
1,NewOrder,1764751503.623779,30113,10,1
1,NewOrder,1764751503.623817,22240,8,1
5,StockLevel,1764751503.623833,15516,7,1
2,Payment,1764751503.623841,15455,11,1
1,NewOrder,1764751503.627964,29296,4,1
2,Payment,1764751503.628022,18146,2,1
2,Payment,1764751503.631004,15057,9,1
2,Payment,1764751503.631451,25225,1,1
1,NewOrder,1764751503.634404,19521,3,1
2,Payment,1764751503.639303,14622,11,1
2,Payment,1764751503.639370,14516,7,1
1,NewOrder,1764751503.639411,24178,14,1
1,NewOrder,1764751503.639452,32901,6,1
2,Payment,1764751503.642878,29420,12,1
2,Payment,1764751503.642968,13713,0,1
2,Payment,1764751503.642978,13727,13,1
4,Delivery,1764751503.643279,42310,5,1
2,Payment,1764751503.644465,12293,15,1
3,OrderStatus,1764751503.646065,1385,8,1
2,Payment,1764751503.646068,10884,9,1
2,Payment,1764751503.646175,26243,2,1
2,Payment,1764751503.647456,11242,8,1
1,NewOrder,1764751503.653894,34994,7,1
3,OrderStatus,1764751503.653899,9783,10,1
1,NewOrder,1764751503.653928,31676,11,1
2,Payment,1764751503.653931,18372,3,1
4,Delivery,1764751503.656683,32269,1,1
1,NewOrder,1764751503.656689,23334,0,1
1,NewOrder,1764751503.656707,28910,13,1
5,StockLevel,1764751503.656765,15536,15,1
1,NewOrder,1764751503.656959,29188,9,1
1,NewOrder,1764751503.657267,28406,4,1
1,NewOrder,1764751503.658705,30416,8,1
2,Payment,1764751503.663597,16424,14,1
1,NewOrder,1764751503.663689,38700,10,1
2,Payment,1764751503.672315,14344,3,1
2,Payment,1764751503.672315,14282,12,1
1,NewOrder,1764751503.672315,30111,15,1
2,Payment,1764751503.672364,14175,6,1
1,NewOrder,1764751503.672466,27172,2,1
2,Payment,1764751503.680035,18491,14,1
2,Payment,1764751503.680036,12055,0,1
1,NewOrder,1764751503.685598,32170,5,1
2,Payment,1764751503.685612,16992,11,1
4,Delivery,1764751503.685624,55702,13,1
2,Payment,1764751503.685676,16702,4,1
2,Payment,1764751503.686154,21622,9,1
1,NewOrder,1764751503.686547,28188,6,1
1,NewOrder,1764751503.686603,28152,12,1
2,Payment,1764751503.686666,21210,3,1
1,NewOrder,1764751503.688897,28952,7,1
1,NewOrder,1764751503.688959,29004,1,1
2,Payment,1764751503.689128,25666,8,1
2,Payment,1764751503.692105,22643,0,1
1,NewOrder,1764751503.698536,42864,14,1
2,Payment,1764751503.699647,18278,2,1
2,Payment,1764751503.702385,18985,4,1
4,Delivery,1764751503.702396,51541,10,1
2,Payment,1764751503.702433,38905,15,1
2,Payment,1764751503.702614,38972,11,1
4,Delivery,1764751503.707786,47332,9,1
2,Payment,1764751503.707885,33515,3,1
1,NewOrder,1764751503.714745,39287,6,1
1,NewOrder,1764751503.714755,39363,0,1
1,NewOrder,1764751503.714762,41234,12,1
1,NewOrder,1764751503.714797,39658,8,1
1,NewOrder,1764751503.717776,36339,5,1
2,Payment,1764751503.717852,36069,7,1
2,Payment,1764751503.717932,31515,2,1
2,Payment,1764751503.717966,50697,1,1
2,Payment,1764751503.721379,32533,4,1
1,NewOrder,1764751503.741337,40623,13,1
1,NewOrder,1764751503.741344,37477,15,1
1,NewOrder,1764751503.741406,26631,14,1
1,NewOrder,1764751503.741408,28670,3,1
2,Payment,1764751503.741601,12376,11,1
2,Payment,1764751503.749462,35110,2,1
2,Payment,1764751503.753925,19024,4,1
1,NewOrder,1764751503.753931,24895,7,1
1,NewOrder,1764751503.753943,30709,10,1
1,NewOrder,1764751503.753984,31381,11,1
1,NewOrder,1764751503.754038,30546,6,1
1,NewOrder,1764751503.754118,44726,5,1
2,Payment,1764751503.754123,24635,0,1
2,Payment,1764751503.754460,24339,8,1
2,Payment,1764751503.755122,17821,9,1
1,NewOrder,1764751503.756002,28579,12,1
2,Payment,1764751503.768049,16750,14,1
1,NewOrder,1764751503.768670,38607,1,1
5,StockLevel,1764751503.770084,28758,3,1
2,Payment,1764751503.772951,25899,9,1
1,NewOrder,1764751503.772956,34333,4,1
2,Payment,1764751503.778771,25061,0,1
1,NewOrder,1764751503.778807,28460,8,1
2,Payment,1764751503.778827,28442,15,1
2,Payment,1764751503.778830,25038,7,1
1,NewOrder,1764751503.781970,25385,13,1
2,Payment,1764751503.784581,22648,2,1
1,NewOrder,1764751503.784589,25132,12,1
1,NewOrder,1764751503.784591,40991,6,1
1,NewOrder,1764751503.784656,37310,10,1
1,NewOrder,1764751503.784804,22533,14,1
2,Payment,1764751503.785370,21998,11,1
2,Payment,1764751503.798849,14249,3,1
1,NewOrder,1764751503.798851,23104,5,1
2,Payment,1764751503.798856,13926,9,1
2,Payment,1764751503.803840,14318,0,1
2,Payment,1764751503.803875,13915,7,1
2,Payment,1764751503.807236,30330,2,1
4,Delivery,1764751503.807274,35751,8,1
1,NewOrder,1764751503.807276,22185,15,1
2,Payment,1764751503.807283,14883,1,1
2,Payment,1764751503.807295,14889,4,1
1,NewOrder,1764751503.807340,22078,14,1
1,NewOrder,1764751503.807356,25997,13,1
1,NewOrder,1764751503.807370,32528,11,1
1,NewOrder,1764751503.809730,23719,12,1
2,Payment,1764751503.812793,16641,9,1
2,Payment,1764751503.813106,24468,3,1
3,OrderStatus,1764751503.817803,1913,7,1
1,NewOrder,1764751503.818168,19399,0,1
1,NewOrder,1764751503.819724,20203,7,1
2,Payment,1764751503.821963,15610,5,1
2,Payment,1764751503.821973,21015,10,1
2,Payment,1764751503.822173,26363,1,1
1,NewOrder,1764751503.822191,29853,4,1
1,NewOrder,1764751503.825589,17476,6,1
2,Payment,1764751503.829426,29782,14,1
1,NewOrder,1764751503.829441,19120,9,1
2,Payment,1764751503.829467,13621,15,1
2,Payment,1764751503.833366,12744,13,1
2,Payment,1764751503.833458,28269,12,1
1,NewOrder,1764751503.837573,31518,2,1
2,Payment,1764751503.837576,11093,0,1
1,NewOrder,1764751503.837579,31749,5,1
4,Delivery,1764751503.837581,34234,3,1
1,NewOrder,1764751503.839926,29172,11,1
2,Payment,1764751503.839933,12126,7,1
5,StockLevel,1764751503.842998,16146,10,1
2,Payment,1764751503.843032,16299,8,1
2,Payment,1764751503.843073,26100,6,1
2,Payment,1764751503.843097,29701,15,1
2,Payment,1764751503.846119,26413,13,1
1,NewOrder,1764751503.848543,31296,1,1
5,StockLevel,1764751503.848567,20673,9,1
2,Payment,1764751503.848673,16108,0,1
2,Payment,1764751503.852051,17170,4,1
1,NewOrder,1764751503.852066,27770,7,1
4,Delivery,1764751503.859153,35485,10,1
3,OrderStatus,1764751503.859215,1372,14,1
2,Payment,1764751503.859338,12422,8,1
2,Payment,1764751503.860594,26281,14,1
4,Delivery,1764751503.861733,20162,12,1
1,NewOrder,1764751503.864788,17057,0,1
2,Payment,1764751503.869104,12660,2,1
1,NewOrder,1764751503.869106,21061,11,1
4,Delivery,1764751503.869180,25488,6,1
2,Payment,1764751503.869224,12592,4,1
2,Payment,1764751503.869247,12524,9,1
1,NewOrder,1764751503.869332,35405,5,1
1,NewOrder,1764751503.871767,22823,8,1
2,Payment,1764751503.871821,15114,3,1
1,NewOrder,1764751503.872539,28477,13,1
2,Payment,1764751503.872803,32075,15,1
2,Payment,1764751503.879848,21300,1,1
1,NewOrder,1764751503.879848,25093,7,1
2,Payment,1764751503.881770,34024,2,1
1,NewOrder,1764751503.881778,22972,9,1
1,NewOrder,1764751503.881823,42714,4,1
2,Payment,1764751503.881851,19141,0,1
1,NewOrder,1764751503.881902,26491,12,1
5,StockLevel,1764751503.886883,17934,14,1
1,NewOrder,1764751503.886941,21600,3,1
1,NewOrder,1764751503.890174,25658,11,1
1,NewOrder,1764751503.894598,25366,8,1
1,NewOrder,1764751503.894645,21238,10,1
2,Payment,1764751503.894674,13799,6,1
1,NewOrder,1764751503.901004,23633,0,1
2,Payment,1764751503.901023,14797,13,1
1,NewOrder,1764751503.901154,23388,1,1
2,Payment,1764751503.904747,15289,5,1
2,Payment,1764751503.904774,11065,9,1
1,NewOrder,1764751503.904823,29266,14,1
2,Payment,1764751503.904884,15077,15,1
2,Payment,1764751503.904945,19609,7,1
2,Payment,1764751503.908402,25695,12,1
2,Payment,1764751503.908477,33410,6,1
5,StockLevel,1764751503.908548,16216,3,1
1,NewOrder,1764751503.915803,26160,2,1
1,NewOrder,1764751503.915827,22316,13,1
1,NewOrder,1764751503.915839,25984,11,1
2,Payment,1764751503.915845,18237,9,1
1,NewOrder,1764751503.915889,22290,10,1
2,Payment,1764751503.919968,18049,15,1
2,Payment,1764751503.919971,18097,8,1
2,Payment,1764751503.920042,17976,5,1
1,NewOrder,1764751503.924547,44626,4,1
1,NewOrder,1764751503.924557,20461,1,1
1,NewOrder,1764751503.924562,23734,7,1
2,Payment,1764751503.924647,17184,0,1
1,NewOrder,1764751503.924768,23512,3,1
4,Delivery,1764751503.934095,26842,9,1
1,NewOrder,1764751503.934098,30106,14,1
2,Payment,1764751503.934102,10886,12,1
2,Payment,1764751503.938025,10365,15,1
3,OrderStatus,1764751503.938027,7058,5,1
1,NewOrder,1764751503.938073,29951,8,1
1,NewOrder,1764751503.938147,30958,13,1
2,Payment,1764751503.938183,15072,10,1
5,StockLevel,1764751503.941829,19094,11,1
1,NewOrder,1764751503.941837,26183,0,1
2,Payment,1764751503.941890,19047,6,1
1,NewOrder,1764751503.941968,26197,2,1
2,Payment,1764751503.944996,16526,12,1
1,NewOrder,1764751503.945019,19205,1,1
2,Payment,1764751503.945091,16417,5,1
2,Payment,1764751503.948287,15904,3,1
2,Payment,1764751503.948302,20995,7,1
2,Payment,1764751503.948396,19717,15,1
2,Payment,1764751503.953264,14842,10,1
2,Payment,1764751503.960932,8255,11,1
2,Payment,1764751503.960944,35305,9,1
1,NewOrder,1764751503.960945,34260,6,1
3,OrderStatus,1764751503.961513,9043,5,1
1,NewOrder,1764751503.961528,24255,12,1
2,Payment,1764751503.964200,9831,3,1
2,Payment,1764751503.964211,36197,14,1
2,Payment,1764751503.964231,9771,1,1
2,Payment,1764751503.968028,14663,0,1
1,NewOrder,1764751503.968067,28288,8,1
2,Payment,1764751503.968113,14574,10,1
2,Payment,1764751503.968117,9876,15,1
2,Payment,1764751503.968171,18663,2,1
4,Delivery,1764751503.969111,29671,13,1
4,Delivery,1764751503.969179,27194,4,1
2,Payment,1764751503.969193,16578,11,1
1,NewOrder,1764751503.969300,27062,7,1
3,OrderStatus,1764751503.970563,12074,5,1
5,StockLevel,1764751503.974010,11810,1,1
2,Payment,1764751503.974037,11771,3,1
2,Payment,1764751503.978000,12012,15,1
1,NewOrder,1764751503.982643,25615,5,1
2,Payment,1764751503.982693,25689,10,1
2,Payment,1764751503.982701,13609,0,1
1,NewOrder,1764751503.985779,33182,11,1
2,Payment,1764751503.985789,12904,12,1
2,Payment,1764751503.985814,12931,3,1
5,StockLevel,1764751503.985822,2078,1,1
2,Payment,1764751503.986840,11925,2,1
1,NewOrder,1764751503.987907,20307,1,1
2,Payment,1764751503.990018,28939,15,1
1,NewOrder,1764751503.995216,26523,6,1
2,Payment,1764751503.996275,27694,9,1
1,NewOrder,1764751503.996317,30863,0,1
2,Payment,1764751503.996356,12398,8,1
1,NewOrder,1764751503.996368,47718,7,1
1,NewOrder,1764751503.996375,31940,4,1
3,OrderStatus,1764751503.998700,1432,12,1
5,StockLevel,1764751503.998752,15000,3,1
1,NewOrder,1764751503.998772,22624,2,1
1,NewOrder,1764751503.998819,22818,13,1
1,NewOrder,1764751504.000138,23890,12,1
4,Delivery,1764751504.000414,23448,14,1
2,Payment,1764751504.008223,13283,1,1
1,NewOrder,1764751504.008277,27905,5,1
1,NewOrder,1764751504.008386,35599,10,1
1,NewOrder,1764751504.008760,35221,8,1
2,Payment,1764751504.013759,18161,3,1
2,Payment,1764751504.018970,17176,15,1
1,NewOrder,1764751504.018970,28301,11,1
1,NewOrder,1764751504.021403,26262,2,1
1,NewOrder,1764751504.021513,25756,1,1
1,NewOrder,1764751504.021646,29502,13,1
2,Payment,1764751504.021743,17181,6,1
2,Payment,1764751504.023868,23507,14,1
4,Delivery,1764751504.023975,23193,9,1
2,Payment,1764751504.024031,14355,12,1
2,Payment,1764751504.027189,16792,0,1
2,Payment,1764751504.028323,15789,4,1
2,Payment,1764751504.031932,15136,3,1
2,Payment,1764751504.036154,25844,15,1
2,Payment,1764751504.036189,25809,5,1
2,Payment,1764751504.038392,12660,12,1
1,NewOrder,1764751504.038930,29665,6,1
3,OrderStatus,1764751504.043992,1207,8,1
2,Payment,1764751504.043992,13779,10,1
1,NewOrder,1764751504.043992,24617,0,1
1,NewOrder,1764751504.044089,30389,7,1
1,NewOrder,1764751504.044114,30515,4,1
2,Payment,1764751504.045205,16733,8,1
2,Payment,1764751504.047074,17166,3,1
2,Payment,1764751504.047174,27248,9,1
2,Payment,1764751504.047275,14691,1,1
1,NewOrder,1764751504.047278,30746,11,1
2,Payment,1764751504.047380,27124,14,1
1,NewOrder,1764751504.047688,26810,2,1
2,Payment,1764751504.051060,13214,12,1
1,NewOrder,1764751504.051155,23428,13,1
1,NewOrder,1764751504.057782,20287,10,1
2,Payment,1764751504.061950,12560,8,1
2,Payment,1764751504.061974,12578,1,1
2,Payment,1764751504.062004,27421,15,1
2,Payment,1764751504.062005,12491,5,1
1,NewOrder,1764751504.064246,20799,3,1
2,Payment,1764751504.064281,13694,12,1
2,Payment,1764751504.068602,12990,6,1
2,Payment,1764751504.068616,13018,0,1
2,Payment,1764751504.074428,15291,9,1
2,Payment,1764751504.074485,18995,7,1
1,NewOrder,1764751504.074503,19257,5,1
1,NewOrder,1764751504.074505,32310,2,1
1,NewOrder,1764751504.074509,19080,14,1
1,NewOrder,1764751504.074516,29866,8,1
2,Payment,1764751504.074556,15078,1,1
5,StockLevel,1764751504.074586,14934,13,1
2,Payment,1764751504.074633,14798,4,1
4,Delivery,1764751504.077983,23225,12,1
1,NewOrder,1764751504.078030,23129,11,1
1,NewOrder,1764751504.078075,43421,10,1
1,NewOrder,1764751504.081599,20722,6,1
2,Payment,1764751504.081636,11796,0,1
2,Payment,1764751504.085054,11675,3,1
1,NewOrder,1764751504.089436,33663,15,1
2,Payment,1764751504.089438,14883,4,1
1,NewOrder,1764751504.089524,25447,13,1
2,Payment,1764751504.089641,14682,1,1
3,OrderStatus,1764751504.089725,11363,9,1
1,NewOrder,1764751504.093445,26846,0,1
2,Payment,1764751504.093488,14345,7,1
2,Payment,1764751504.093596,14270,14,1
4,Delivery,1764751504.093767,36950,5,1
2,Payment,1764751504.096736,13242,3,1
2,Payment,1764751504.101095,14026,9,1
2,Payment,1764751504.101165,13847,11,1
2,Payment,1764751504.101211,13760,12,1
1,NewOrder,1764751504.102328,30435,6,1
1,NewOrder,1764751504.104328,28413,4,1
2,Payment,1764751504.104331,16055,1,1
1,NewOrder,1764751504.104388,18700,8,1
2,Payment,1764751504.106821,26108,2,1
1,NewOrder,1764751504.107842,22854,7,1
2,Payment,1764751504.107872,15209,14,1
2,Payment,1764751504.109985,13642,3,1
3,OrderStatus,1764751504.114979,834,13,1
1,NewOrder,1764751504.114986,31125,12,1
4,Delivery,1764751504.115022,90601,11,1
1,NewOrder,1764751504.115127,26514,9,1
5,StockLevel,1764751504.115819,14854,13,1
1,NewOrder,1764751504.120303,21324,0,1
5,StockLevel,1764751504.120395,12638,1,1
1,NewOrder,1764751504.121504,79585,10,1
2,Payment,1764751504.123087,84731,14,1
2,Payment,1764751504.123094,14812,8,1
2,Payment,1764751504.123106,14809,15,1
1,NewOrder,1764751504.123634,77453,3,1
2,Payment,1764751504.130683,15402,13,1
1,NewOrder,1764751504.130704,80179,7,1
1,NewOrder,1764751504.130724,70497,5,1
2,Payment,1764751504.132748,13341,4,1
1,NewOrder,1764751504.132770,73208,6,1
1,NewOrder,1764751504.132934,72787,2,1
2,Payment,1764751504.133040,68047,1,1
2,Payment,1764751504.137914,67705,8,1
1,NewOrder,1764751504.137921,72725,15,1
2,Payment,1764751504.141635,68792,0,1
3,OrderStatus,1764751504.141648,1368,9,1
1,NewOrder,1764751504.143021,67892,9,1
2,Payment,1764751504.146092,64835,13,1
1,NewOrder,1764751504.146097,64948,4,1
2,Payment,1764751504.146117,75347,12,1
2,Payment,1764751504.201103,15234,10,1
4,Delivery,1764751504.201103,24663,1,1
1,NewOrder,1764751504.201106,20487,3,1
2,Payment,1764751504.201226,15215,5,1
1,NewOrder,1764751504.205626,27655,8,1
1,NewOrder,1764751504.205629,15996,11,1
2,Payment,1764751504.205725,13723,2,1
2,Payment,1764751504.205983,13201,6,1
1,NewOrder,1764751504.207824,21773,14,1
3,OrderStatus,1764751504.210436,3949,0,1
2,Payment,1764751504.210654,10795,15,1
1,NewOrder,1764751504.210889,31093,7,1
1,NewOrder,1764751504.210916,26722,9,1
2,Payment,1764751504.210933,24287,13,1
1,NewOrder,1764751504.211051,27251,4,1
2,Payment,1764751504.214396,15221,0,1
4,Delivery,1764751504.216344,29632,10,1
2,Payment,1764751504.216448,16706,5,1
2,Payment,1764751504.219191,16127,6,1
1,NewOrder,1764751504.219454,30087,2,1
4,Delivery,1764751504.221456,29746,15,1
4,Delivery,1764751504.221470,29151,12,1
2,Payment,1764751504.221599,16234,3,1
2,Payment,1764751504.221631,16145,11,1
2,Payment,1764751504.225779,16224,1,1
2,Payment,1764751504.229607,12333,14,1
3,OrderStatus,1764751504.229624,12310,0,1
5,StockLevel,1764751504.233166,17778,5,1
1,NewOrder,1764751504.233287,25996,8,1
2,Payment,1764751504.235227,14313,13,1
2,Payment,1764751504.235323,14215,6,1
2,Payment,1764751504.237644,13045,9,1
3,OrderStatus,1764751504.237783,12255,11,1
1,NewOrder,1764751504.237839,36905,3,1
1,NewOrder,1764751504.238307,31366,4,1
1,NewOrder,1764751504.241946,20366,0,1
1,NewOrder,1764751504.241947,24212,14,1
3,OrderStatus,1764751504.241984,1684,7,1
1,NewOrder,1764751504.242004,20241,1,1
5,StockLevel,1764751504.243695,18497,7,1
1,NewOrder,1764751504.245985,31095,10,1
2,Payment,1764751504.249548,13078,13,1
2,Payment,1764751504.249548,16645,2,1
3,OrderStatus,1764751504.249550,12618,6,1
2,Payment,1764751504.250043,16276,11,1
2,Payment,1764751504.250626,27497,12,1
2,Payment,1764751504.250695,18787,9,1
2,Payment,1764751504.250951,11296,5,1
1,NewOrder,1764751504.251207,35298,15,1
2,Payment,1764751504.259294,15606,8,1
2,Payment,1764751504.262178,15191,6,1
2,Payment,1764751504.262200,28949,7,1
2,Payment,1764751504.262247,15378,1,1
1,NewOrder,1764751504.262250,28608,5,1
1,NewOrder,1764751504.262315,26097,0,1
2,Payment,1764751504.262633,28402,13,1
1,NewOrder,1764751504.266166,24703,14,1
2,Payment,1764751504.266201,24820,2,1
1,NewOrder,1764751504.266325,32406,11,1
2,Payment,1764751504.269489,18962,9,1
1,NewOrder,1764751504.269679,25030,4,1
2,Payment,1764751504.274756,16113,3,1
1,NewOrder,1764751504.274912,19866,8,1
1,NewOrder,1764751504.277087,42189,10,1
4,Delivery,1764751504.277376,24202,6,1
2,Payment,1764751504.277633,29772,1,1
2,Payment,1764751504.278129,29294,12,1
3,OrderStatus,1764751504.286519,1184,15,1
2,Payment,1764751504.287711,13770,15,1
1,NewOrder,1764751504.288433,22912,0,1
2,Payment,1764751504.288474,15971,9,1
1,NewOrder,1764751504.290866,20493,5,1
1,NewOrder,1764751504.290875,42189,14,1
1,NewOrder,1764751504.290876,20531,3,1
1,NewOrder,1764751504.291028,28092,2,1
2,Payment,1764751504.291038,30258,13,1
2,Payment,1764751504.291154,16463,7,1
2,Payment,1764751504.294718,13161,4,1
2,Payment,1764751504.294784,12555,8,1
2,Payment,1764751504.298743,12663,11,1
2,Payment,1764751504.301489,14347,15,1
1,NewOrder,1764751504.301585,32972,6,1
4,Delivery,1764751504.304454,21220,9,1
2,Payment,1764751504.307352,13837,8,1
2,Payment,1764751504.307413,13885,1,1
1,NewOrder,1764751504.307432,41608,12,1
2,Payment,1764751504.307623,13519,7,1
2,Payment,1764751504.307884,13503,4,1
2,Payment,1764751504.311355,14299,0,1
1,NewOrder,1764751504.311367,37285,5,1
1,NewOrder,1764751504.311413,33959,11,1
2,Payment,1764751504.311414,14237,3,1
2,Payment,1764751504.315846,14916,15,1
1,NewOrder,1764751504.319132,29278,2,1
2,Payment,1764751504.319284,13710,10,1
1,NewOrder,1764751504.321149,31893,7,1
2,Payment,1764751504.321196,13428,8,1
1,NewOrder,1764751504.321303,32160,13,1
5,StockLevel,1764751504.321303,13550,1,1
2,Payment,1764751504.321395,13798,4,1
1,NewOrder,1764751504.325661,22811,3,1
5,StockLevel,1764751504.325663,17613,0,1
2,Payment,1764751504.325681,22693,9,1
1,NewOrder,1764751504.330772,22181,15,1
1,NewOrder,1764751504.333005,28732,10,1
2,Payment,1764751504.333068,15311,14,1
1,NewOrder,1764751504.334565,30780,6,1
1,NewOrder,1764751504.334631,27282,8,1
3,OrderStatus,1764751504.334860,8352,1,1
2,Payment,1764751504.335419,12975,4,1
2,Payment,1764751504.343228,13352,1,1
2,Payment,1764751504.343286,18354,0,1
2,Payment,1764751504.345378,16266,11,1
2,Payment,1764751504.348381,16315,9,1
4,Delivery,1764751504.348386,23360,14,1
2,Payment,1764751504.348401,13653,4,1
2,Payment,1764751504.348416,23340,2,1
4,Delivery,1764751504.348479,38435,3,1
1,NewOrder,1764751504.348662,23153,5,1
1,NewOrder,1764751504.349047,25001,12,1
1,NewOrder,1764751504.352962,20991,15,1
1,NewOrder,1764751504.353048,28971,7,1
2,Payment,1764751504.353469,11295,13,1
2,Payment,1764751504.356588,48243,1,1
1,NewOrder,1764751504.361651,38102,0,1
2,Payment,1764751504.361653,11891,11,1
2,Payment,1764751504.361745,15592,10,1
1,NewOrder,1764751504.361920,34549,8,1
1,NewOrder,1764751504.362061,24887,4,1
1,NewOrder,1764751504.364703,26498,9,1
2,Payment,1764751504.364771,12073,13,1
1,NewOrder,1764751504.365351,34962,6,1
1,NewOrder,1764751504.371760,28062,14,1
2,Payment,1764751504.371766,14844,2,1
1,NewOrder,1764751504.371822,27980,5,1
2,Payment,1764751504.373553,22903,11,1
2,Payment,1764751504.373959,22564,15,1
1,NewOrder,1764751504.374054,34730,12,1
3,OrderStatus,1764751504.376865,14422,13,1
1,NewOrder,1764751504.377345,46398,10,1
2,Payment,1764751504.382032,17784,7,1
2,Payment,1764751504.386623,93413,2,1
1,NewOrder,1764751504.386922,21792,3,1
2,Payment,1764751504.386951,12840,4,1
1,NewOrder,1764751504.391212,32605,9,1
4,Delivery,1764751504.391290,102991,13,1
4,Delivery,1764751504.396467,101298,11,1
2,Payment,1764751504.396478,28790,8,1
5,StockLevel,1764751504.396530,83505,15,1
1,NewOrder,1764751504.399768,176400,0,1
1,NewOrder,1764751504.399793,94532,4,1
5,StockLevel,1764751504.399812,80302,5,1
2,Payment,1764751504.399819,80217,7,1
1,NewOrder,1764751504.399830,94483,14,1
2,Payment,1764751504.400319,175675,6,1
2,Payment,1764751504.404843,171432,1,1
1,NewOrder,1764751504.408728,167276,3,1
1,NewOrder,1764751504.408793,85521,12,1
2,Payment,1764751504.423759,148692,10,1
1,NewOrder,1764751504.423833,155634,9,1
2,Payment,1764751504.425275,151083,8,1
2,Payment,1764751504.480054,96011,15,1
4,Delivery,1764751504.480054,99991,2,1
2,Payment,1764751504.480055,109319,7,1
2,Payment,1764751504.480120,96050,5,1
1,NewOrder,1764751504.494293,85487,13,1
1,NewOrder,1764751504.494320,108865,14,1
1,NewOrder,1764751504.494320,85523,12,1
2,Payment,1764751504.494330,95679,4,1
1,NewOrder,1764751504.497776,84147,11,1
1,NewOrder,1764751504.572476,35248,10,1
1,NewOrder,1764751504.576006,31748,6,1
2,Payment,1764751504.576013,13818,3,1
2,Payment,1764751504.576068,14219,15,1
1,NewOrder,1764751504.576172,27103,0,1
5,StockLevel,1764751504.576178,13707,5,1
1,NewOrder,1764751504.576280,22700,1,1
2,Payment,1764751504.576361,16714,8,1
2,Payment,1764751504.579474,13607,9,1
2,Payment,1764751504.579785,13849,13,1
1,NewOrder,1764751504.579849,23319,12,1
2,Payment,1764751504.580051,14382,2,1
1,NewOrder,1764751504.581928,30215,11,1
1,NewOrder,1764751504.589382,18544,7,1
1,NewOrder,1764751504.589837,23359,3,1
1,NewOrder,1764751504.589891,25833,5,1
2,Payment,1764751504.590012,13410,4,1
2,Payment,1764751504.590291,17491,15,1
1,NewOrder,1764751504.593081,20121,8,1
2,Payment,1764751504.593087,14669,9,1
1,NewOrder,1764751504.593639,19557,13,1
1,NewOrder,1764751504.594439,21264,2,1
2,Payment,1764751504.598990,14198,1,1
5,StockLevel,1764751504.603177,12518,12,1
2,Payment,1764751504.603192,16996,14,1
2,Payment,1764751504.603280,12476,0,1
2,Payment,1764751504.603426,13903,4,1
1,NewOrder,1764751504.607729,21572,10,1
2,Payment,1764751504.607761,12651,6,1
2,Payment,1764751504.607763,12443,9,1
2,Payment,1764751504.607787,24227,15,1
2,Payment,1764751504.607929,24088,7,1
4,Delivery,1764751504.612149,33040,11,1
2,Payment,1764751504.613194,10253,1,1
2,Payment,1764751504.613202,10332,3,1
2,Payment,1764751504.613203,10319,13,1
2,Payment,1764751504.613209,10251,8,1
1,NewOrder,1764751504.615701,32607,12,1
1,NewOrder,1764751504.615708,32255,2,1
2,Payment,1764751504.615727,13456,5,1
2,Payment,1764751504.615762,13407,0,1
3,OrderStatus,1764751504.617336,10315,4,1
2,Payment,1764751504.620194,25530,14,1
2,Payment,1764751504.620211,11776,9,1
2,Payment,1764751504.620417,26265,6,1
2,Payment,1764751504.623453,11872,1,1
1,NewOrder,1764751504.623466,20910,8,1
3,OrderStatus,1764751504.623524,8703,13,1
1,NewOrder,1764751504.623537,24513,3,1
5,StockLevel,1764751504.627658,16714,4,1
2,Payment,1764751504.629177,15198,0,1
1,NewOrder,1764751504.629189,28882,5,1
2,Payment,1764751504.629307,16437,10,1
3,OrderStatus,1764751504.631995,1556,9,1
4,Delivery,1764751504.632023,42231,15,1
1,NewOrder,1764751504.632024,27185,7,1
2,Payment,1764751504.632231,13744,13,1
3,OrderStatus,1764751504.633557,1413,9,1
1,NewOrder,1764751504.634976,25328,9,1
2,Payment,1764751504.635331,12667,1,1
1,NewOrder,1764751504.644382,33298,4,1
2,Payment,1764751504.644383,14908,0,1
2,Payment,1764751504.644384,14835,8,1
1,NewOrder,1764751504.645195,26402,11,1
1,NewOrder,1764751504.645730,28536,14,1
1,NewOrder,1764751504.645751,28523,10,1
4,Delivery,1764751504.645981,40840,13,1
2,Payment,1764751504.646689,13789,6,1
1,NewOrder,1764751504.647970,29713,2,1
1,NewOrder,1764751504.648000,34428,1,1
2,Payment,1764751504.648056,12691,3,1
2,Payment,1764751504.648313,19759,12,1
2,Payment,1764751504.658082,16156,5,1
1,NewOrder,1764751504.659218,32488,7,1
1,NewOrder,1764751504.659226,23688,8,1
2,Payment,1764751504.659298,18420,0,1
5,StockLevel,1764751504.660311,14194,9,1
1,NewOrder,1764751504.660484,31251,6,1
2,Payment,1764751504.660752,16901,3,1
2,Payment,1764751504.668086,15111,12,1
1,NewOrder,1764751504.671608,25591,11,1
1,NewOrder,1764751504.674246,26175,5,1
5,StockLevel,1764751504.674262,12613,15,1
4,Delivery,1764751504.674272,26092,14,1
2,Payment,1764751504.674280,17423,10,1
2,Payment,1764751504.674511,28387,9,1
2,Payment,1764751504.677660,19566,3,1
1,NewOrder,1764751504.677687,25209,4,1
4,Delivery,1764751504.677689,39577,2,1
2,Payment,1764751504.677724,19476,0,1
2,Payment,1764751504.682438,14797,1,1
2,Payment,1764751504.682921,14287,8,1
2,Payment,1764751504.683202,17203,12,1
5,StockLevel,1764751504.686832,13575,13,1
4,Delivery,1764751504.686883,60252,15,1
2,Payment,1764751504.691712,25499,10,1
2,Payment,1764751504.691713,15014,7,1
1,NewOrder,1764751504.691742,23270,6,1
2,Payment,1764751504.697211,14936,0,1
2,Payment,1764751504.697212,14896,11,1
1,NewOrder,1764751504.697214,30176,8,1
5,StockLevel,1764751504.697232,15147,3,1
2,Payment,1764751504.697237,17758,1,1
1,NewOrder,1764751504.700371,27085,14,1
1,NewOrder,1764751504.700412,36145,12,1
2,Payment,1764751504.700414,16146,13,1
1,NewOrder,1764751504.700428,7215,5,1
1,NewOrder,1764751504.702907,28134,9,1
2,Payment,1764751504.702908,14399,4,1
1,NewOrder,1764751504.706737,20930,7,1
2,Payment,1764751504.707681,23382,5,1
1,NewOrder,1764751504.712118,26594,11,1
1,NewOrder,1764751504.712155,35168,0,1
1,NewOrder,1764751504.712386,34797,3,1
1,NewOrder,1764751504.715002,29671,1,1
2,Payment,1764751504.715018,16026,6,1
1,NewOrder,1764751504.716567,36053,13,1
1,NewOrder,1764751504.717218,29947,10,1
2,Payment,1764751504.717269,13966,2,1
2,Payment,1764751504.717309,46376,4,1
2,Payment,1764751504.727402,17241,8,1
2,Payment,1764751504.727467,17164,14,1
2,Payment,1764751504.727674,36022,7,1
2,Payment,1764751504.731048,16259,9,1
2,Payment,1764751504.731051,16420,6,1
2,Payment,1764751504.731069,16061,5,1
1,NewOrder,1764751504.731241,29990,2,1
1,NewOrder,1764751504.736565,20315,12,1
1,NewOrder,1764751504.738720,22462,11,1
1,NewOrder,1764751504.744640,18940,14,1
1,NewOrder,1764751504.744650,38802,8,1
1,NewOrder,1764751504.744680,22116,1,1
2,Payment,1764751504.747138,36327,5,1
2,Payment,1764751504.747142,14057,15,1
2,Payment,1764751504.747166,16400,10,1
5,StockLevel,1764751504.747189,2351,3,1
1,NewOrder,1764751504.747314,18025,9,1
1,NewOrder,1764751504.747335,19437,0,1
1,NewOrder,1764751504.747477,31402,6,1
1,NewOrder,1764751504.749547,29372,3,1
2,Payment,1764751504.752628,14134,13,1
2,Payment,1764751504.756891,45038,12,1
1,NewOrder,1764751504.761192,36365,11,1
1,NewOrder,1764751504.761207,25524,15,1
1,NewOrder,1764751504.761238,31833,2,1
2,Payment,1764751504.763572,15485,10,1
2,Payment,1764751504.763586,19873,14,1
1,NewOrder,1764751504.763691,29465,4,1
2,Payment,1764751504.763703,19775,7,1
2,Payment,1764751504.765348,32110,9,1
2,Payment,1764751504.766768,16724,13,1
2,Payment,1764751504.766779,19984,0,1
1,NewOrder,1764751504.766802,30699,1,1
2,Payment,1764751504.778891,18845,6,1
1,NewOrder,1764751504.778928,44809,3,1
2,Payment,1764751504.779063,56527,10,1
4,Delivery,1764751504.783461,47799,8,1
1,NewOrder,1764751504.783468,40361,14,1
1,NewOrder,1764751504.783473,40266,5,1
1,NewOrder,1764751504.783485,23786,7,1
2,Payment,1764751504.783494,48098,13,1
2,Payment,1764751504.786742,20258,15,1
1,NewOrder,1764751504.786771,37049,0,1
3,OrderStatus,1764751504.793083,13889,2,1
2,Payment,1764751504.793165,13863,4,1
2,Payment,1764751504.797466,26313,9,1
2,Payment,1764751504.797504,26453,1,1
2,Payment,1764751504.797565,27475,11,1
2,Payment,1764751504.797746,26211,6,1
2,Payment,1764751504.801936,42528,12,1
1,NewOrder,1764751504.806979,24031,2,1
2,Payment,1764751504.807006,24348,15,1
1,NewOrder,1764751504.807034,24338,4,1
4,Delivery,1764751504.807277,33389,7,1
4,Delivery,1764751504.823753,36815,3,1
2,Payment,1764751504.823754,16923,5,1
1,NewOrder,1764751504.823785,26175,9,1
3,OrderStatus,1764751504.823823,11761,0,1
4,Delivery,1764751504.823831,20911,14,1
2,Payment,1764751504.823961,11615,6,1
2,Payment,1764751504.823964,16710,1,1
4,Delivery,1764751504.825046,35098,11,1
1,NewOrder,1764751504.831015,35288,2,1
2,Payment,1764751504.831267,13206,8,1
2,Payment,1764751504.831362,13175,15,1
1,NewOrder,1764751504.831375,32597,4,1
2,Payment,1764751504.831599,28546,13,1
5,StockLevel,1764751504.835583,11387,6,1
2,Payment,1764751504.835591,11287,0,1
2,Payment,1764751504.835596,11462,10,1
2,Payment,1764751504.840678,16770,7,1
2,Payment,1764751504.840683,16615,1,1
5,StockLevel,1764751504.840684,16023,5,1
1,NewOrder,1764751504.844473,24924,12,1
1,NewOrder,1764751504.844480,46224,8,1
2,Payment,1764751504.844540,15607,15,1
1,NewOrder,1764751504.844747,30149,14,1
1,NewOrder,1764751504.846885,45561,0,1
1,NewOrder,1764751504.846972,31293,6,1
2,Payment,1764751504.847064,13212,10,1
2,Payment,1764751504.849973,28295,9,1
1,NewOrder,1764751504.856722,34014,5,1
5,StockLevel,1764751504.857318,12766,1,1
1,NewOrder,1764751504.857453,29844,7,1
2,Payment,1764751504.860153,14684,13,1
1,NewOrder,1764751504.860154,30581,11,1
1,NewOrder,1764751504.860154,32068,15,1
1,NewOrder,1764751504.860279,30719,10,1
1,NewOrder,1764751504.860574,22114,3,1
2,Payment,1764751504.863979,14368,4,1
2,Payment,1764751504.866311,12310,2,1
1,NewOrder,1764751504.869404,30646,12,1
4,Delivery,1764751504.870092,34964,1,1
1,NewOrder,1764751504.874849,34226,13,1
2,Payment,1764751504.874906,18327,14,1
1,NewOrder,1764751504.878273,26299,6,1
2,Payment,1764751504.878274,12565,9,1
1,NewOrder,1764751504.878355,33972,4,1
3,OrderStatus,1764751504.878626,10005,2,1
1,NewOrder,1764751504.882702,26420,3,1
3,OrderStatus,1764751504.887312,12875,7,1
1,NewOrder,1764751504.888643,23433,2,1
1,NewOrder,1764751504.890714,21327,8,1
3,OrderStatus,1764751504.890739,10566,5,1
1,NewOrder,1764751504.890743,18653,11,1
2,Payment,1764751504.890843,18820,9,1
1,NewOrder,1764751504.891005,54859,10,1
2,Payment,1764751504.892230,16830,15,1
1,NewOrder,1764751504.892453,20041,0,1
1,NewOrder,1764751504.893239,19012,14,1
1,NewOrder,1764751504.900059,7599,12,1
1,NewOrder,1764751504.900194,20048,7,1
2,Payment,1764751504.901311,13823,5,1
1,NewOrder,1764751504.904581,31863,6,1
1,NewOrder,1764751504.905079,40765,1,1
1,NewOrder,1764751504.907663,21434,12,1
1,NewOrder,1764751504.909067,27409,15,1
1,NewOrder,1764751504.909082,27312,13,1
2,Payment,1764751504.909124,15910,3,1
1,NewOrder,1764751504.909402,27085,11,1
2,Payment,1764751504.909668,15426,9,1
1,NewOrder,1764751504.912048,37653,8,1
1,NewOrder,1764751504.912086,30388,2,1
1,NewOrder,1764751504.912258,29661,14,1
2,Payment,1764751504.912330,19623,4,1
1,NewOrder,1764751504.912499,33324,0,1
1,NewOrder,1764751504.915144,34498,5,1
1,NewOrder,1764751504.920255,21625,7,1
1,NewOrder,1764751504.925042,32054,3,1
2,Payment,1764751504.925102,20731,9,1
5,StockLevel,1764751504.929105,20529,12,1
1,NewOrder,1764751504.931976,17770,4,1
2,Payment,1764751504.936406,13363,13,1
2,Payment,1764751504.936453,18419,6,1
1,NewOrder,1764751504.936480,20639,15,1
2,Payment,1764751504.936494,13140,11,1
1,NewOrder,1764751504.941890,42287,7,1
1,NewOrder,1764751504.941929,22277,14,1
1,NewOrder,1764751504.942481,21849,2,1
2,Payment,1764751504.945832,16355,0,1
1,NewOrder,1764751504.945840,19345,9,1
2,Payment,1764751504.945850,16389,1,1
1,NewOrder,1764751504.945872,19378,10,1
2,Payment,1764751504.949642,32483,12,1
1,NewOrder,1764751504.949642,28612,11,1
1,NewOrder,1764751504.949649,28621,5,1
1,NewOrder,1764751504.949703,22663,8,1
2,Payment,1764751504.949749,14552,4,1
2,Payment,1764751504.949776,14569,13,1
2,Payment,1764751504.954881,10362,6,1
2,Payment,1764751504.957103,11603,3,1
2,Payment,1764751504.957125,15165,15,1
1,NewOrder,1764751504.962195,16113,0,1
2,Payment,1764751504.962246,12755,1,1
1,NewOrder,1764751504.964213,36549,14,1
2,Payment,1764751504.964307,14029,4,1
4,Delivery,1764751504.964332,36495,2,1
1,NewOrder,1764751504.964352,19830,13,1
2,Payment,1764751504.965192,13524,9,1
1,NewOrder,1764751504.965249,27363,6,1
1,NewOrder,1764751504.965267,26869,10,1
5,StockLevel,1764751504.968716,13499,3,1
1,NewOrder,1764751504.972298,20068,15,1
2,Payment,1764751504.972369,11870,8,1
1,NewOrder,1764751504.975008,25777,1,1
2,Payment,1764751504.978263,14017,11,1
1,NewOrder,1764751504.978279,22568,5,1
2,Payment,1764751504.978315,18714,0,1
3,OrderStatus,1764751504.978339,2189,4,1
2,Payment,1764751504.978724,13557,9,1
2,Payment,1764751504.980536,16805,4,1
1,NewOrder,1764751504.982133,22340,12,1
2,Payment,1764751504.982222,14855,3,1
1,NewOrder,1764751504.984184,24100,7,1
2,Payment,1764751504.984189,12897,13,1
2,Payment,1764751504.984245,16792,8,1
1,NewOrder,1764751504.992144,23875,10,1
2,Payment,1764751504.992285,12174,9,1
2,Payment,1764751504.992287,12179,11,1
3,OrderStatus,1764751504.992370,12479,15,1
1,NewOrder,1764751504.992618,31694,6,1
1,NewOrder,1764751504.997040,32517,0,1
1,NewOrder,1764751504.997083,27243,3,1
2,Payment,1764751504.997093,16650,13,1
2,Payment,1764751504.997347,16442,4,1
1,NewOrder,1764751505.000771,28757,14,1
1,NewOrder,1764751505.000792,23512,1,1
4,Delivery,1764751505.000829,39924,2,1
3,OrderStatus,1764751505.000853,2846,5,1
2,Payment,1764751505.001068,19997,8,1
1,NewOrder,1764751505.003706,19622,5,1
2,Payment,1764751505.004466,16351,9,1
1,NewOrder,1764751505.004473,24978,11,1
1,NewOrder,1764751505.004479,39460,12,1
2,Payment,1764751505.004855,19454,15,1
2,Payment,1764751505.008292,16350,7,1
3,OrderStatus,1764751505.013756,15685,13,1
2,Payment,1764751505.013798,15686,4,1
2,Payment,1764751505.016026,17396,10,1
1,NewOrder,1764751505.020824,26026,9,1
2,Payment,1764751505.021072,12529,8,1
2,Payment,1764751505.023333,20666,5,1
2,Payment,1764751505.024313,10823,1,1
1,NewOrder,1764751505.024317,28455,15,1
2,Payment,1764751505.024319,16396,6,1
2,Payment,1764751505.024333,16977,3,1
3,OrderStatus,1764751505.024647,8886,7,1
2,Payment,1764751505.029453,14422,13,1
2,Payment,1764751505.029459,14422,11,1
1,NewOrder,1764751505.029487,17364,4,1
2,Payment,1764751505.029534,14252,14,1
1,NewOrder,1764751505.029564,23219,0,1
3,OrderStatus,1764751505.033430,10616,10,1
1,NewOrder,1764751505.033541,27276,7,1
1,NewOrder,1764751505.033603,24835,8,1
2,Payment,1764751505.035142,11708,1,1
2,Payment,1764751505.040727,20321,6,1
1,NewOrder,1764751505.040762,32623,2,1
2,Payment,1764751505.041317,15585,3,1
1,NewOrder,1764751505.043794,38439,14,1
2,Payment,1764751505.043882,17540,13,1
2,Payment,1764751505.043885,13179,11,1
1,NewOrder,1764751505.043945,29423,12,1
2,Payment,1764751505.044002,19343,5,1
2,Payment,1764751505.044049,16826,10,1
1,NewOrder,1764751505.046858,27733,9,1
1,NewOrder,1764751505.046860,21163,1,1
2,Payment,1764751505.046863,35732,4,1
1,NewOrder,1764751505.052779,29776,15,1
2,Payment,1764751505.052790,15251,0,1
2,Payment,1764751505.056909,16435,3,1
2,Payment,1764751505.057071,16331,11,1
2,Payment,1764751505.058448,15153,8,1
1,NewOrder,1764751505.060825,27539,7,1
2,Payment,1764751505.060884,13906,10,1
4,Delivery,1764751505.061055,23969,6,1
1,NewOrder,1764751505.061428,38085,13,1
1,NewOrder,1764751505.063365,36049,5,1
2,Payment,1764751505.068033,16963,1,1
2,Payment,1764751505.068047,17145,0,1
1,NewOrder,1764751505.073355,26023,3,1
1,NewOrder,1764751505.073376,19051,12,1
2,Payment,1764751505.073392,32021,2,1
2,Payment,1764751505.073408,15000,11,1
2,Payment,1764751505.073606,14742,8,1
1,NewOrder,1764751505.074598,30963,9,1
4,Delivery,1764751505.074796,33092,10,1
2,Payment,1764751505.082242,17181,14,1
1,NewOrder,1764751505.082561,25337,15,1
1,NewOrder,1764751505.082600,25275,4,1
4,Delivery,1764751505.085002,23132,1,1
1,NewOrder,1764751505.085030,30355,6,1
2,Payment,1764751505.085202,20299,0,1
2,Payment,1764751505.088357,19492,8,1
1,NewOrder,1764751505.088372,26448,7,1
1,NewOrder,1764751505.088412,29306,11,1
1,NewOrder,1764751505.092436,31815,12,1
2,Payment,1764751505.099390,15382,3,1
1,NewOrder,1764751505.099425,18206,5,1
1,NewOrder,1764751505.099425,28172,14,1
3,OrderStatus,1764751505.099520,4860,13,1
4,Delivery,1764751505.104391,40630,13,1
2,Payment,1764751505.105423,13784,2,1
5,StockLevel,1764751505.105509,13589,0,1
1,NewOrder,1764751505.105563,25411,9,1
1,NewOrder,1764751505.107855,26516,8,1
1,NewOrder,1764751505.107883,23437,4,1
2,Payment,1764751505.107896,16293,10,1
1,NewOrder,1764751505.107904,26552,15,1
1,NewOrder,1764751505.108142,32304,1,1
1,NewOrder,1764751505.114780,19660,3,1
2,Payment,1764751505.114826,16097,7,1
2,Payment,1764751505.115392,29655,6,1
1,NewOrder,1764751505.117640,16750,5,1
2,Payment,1764751505.117724,16711,11,1
2,Payment,1764751505.119105,15285,0,1
1,NewOrder,1764751505.119213,22784,2,1
2,Payment,1764751505.124201,16136,10,1
2,Payment,1764751505.124269,10190,12,1
1,NewOrder,1764751505.127607,46503,14,1
1,NewOrder,1764751505.130931,45025,7,1
2,Payment,1764751505.130982,42453,9,1
1,NewOrder,1764751505.131328,43918,4,1
1,NewOrder,1764751505.134381,10088,8,1
2,Payment,1764751505.134398,17951,5,1
2,Payment,1764751505.134399,17918,0,1
2,Payment,1764751505.134443,18545,11,1
1,NewOrder,1764751505.134446,37591,3,1
2,Payment,1764751505.134463,18110,15,1
2,Payment,1764751505.134464,17885,12,1
2,Payment,1764751505.140346,79744,10,1
1,NewOrder,1764751505.140454,43463,1,1
1,NewOrder,1764751505.142004,31182,2,1
2,Payment,1764751505.144474,29167,8,1
1,NewOrder,1764751505.145028,81118,13,1
1,NewOrder,1764751505.145053,39823,6,1
1,NewOrder,1764751505.152327,73908,0,1
2,Payment,1764751505.152357,31521,12,1
2,Payment,1764751505.152359,31809,5,1
4,Delivery,1764751505.152577,79919,15,1
2,Payment,1764751505.152997,32654,11,1
1,NewOrder,1764751505.172055,48022,3,1
2,Payment,1764751505.173199,34590,2,1
1,NewOrder,1764751505.173443,52694,9,1
1,NewOrder,1764751505.173647,52554,8,1
2,Payment,1764751505.174117,46102,14,1
2,Payment,1764751505.175252,62360,4,1
1,NewOrder,1764751505.175962,50143,7,1
1,NewOrder,1764751505.183893,43222,12,1
1,NewOrder,1764751505.183919,51384,1,1
2,Payment,1764751505.184178,41931,5,1
1,NewOrder,1764751505.184886,42469,6,1
1,NewOrder,1764751505.185657,41803,11,1
1,NewOrder,1764751505.207807,27957,2,1
2,Payment,1764751505.220092,15375,3,1
2,Payment,1764751505.220098,15388,10,1
1,NewOrder,1764751505.220228,32160,14,1
4,Delivery,1764751505.226117,45305,7,1
1,NewOrder,1764751505.226118,24421,5,1
2,Payment,1764751505.226143,25049,9,1
2,Payment,1764751505.226152,11078,13,1
2,Payment,1764751505.226208,11503,8,1
4,Delivery,1764751505.226238,47365,0,1
1,NewOrder,1764751505.227122,29072,12,1
1,NewOrder,1764751505.227361,33670,6,1
2,Payment,1764751505.227466,11148,11,1
1,NewOrder,1764751505.232505,32231,15,1
1,NewOrder,1764751505.235312,29530,1,1
2,Payment,1764751505.235474,15121,3,1
2,Payment,1764751505.235493,32331,10,1
1,NewOrder,1764751505.235769,35631,2,1
2,Payment,1764751505.237239,15608,13,1
3,OrderStatus,1764751505.237618,6074,4,1
1,NewOrder,1764751505.237717,26996,8,1
2,Payment,1764751505.238621,12835,11,1
1,NewOrder,1764751505.243700,36332,4,1
1,NewOrder,1764751505.250553,22851,5,1
1,NewOrder,1764751505.250603,40689,3,1
3,OrderStatus,1764751505.251198,2701,9,1
2,Payment,1764751505.251462,16869,11,1
2,Payment,1764751505.252394,18977,14,1
2,Payment,1764751505.252853,14941,13,1
1,NewOrder,1764751505.253905,25790,9,1
1,NewOrder,1764751505.256202,17469,12,1
1,NewOrder,1764751505.261043,35893,6,1
1,NewOrder,1764751505.264722,33387,8,1
2,Payment,1764751505.264744,26484,15,1
1,NewOrder,1764751505.264848,32063,1,1
2,Payment,1764751505.267801,23504,13,1
1,NewOrder,1764751505.267830,23534,10,1
2,Payment,1764751505.268337,15929,11,1
1,NewOrder,1764751505.271377,38232,14,1
2,Payment,1764751505.271422,19899,2,1
1,NewOrder,1764751505.271426,25460,7,1
4,Delivery,1764751505.273411,39550,5,1
1,NewOrder,1764751505.273607,26931,0,1
2,Payment,1764751505.273677,52151,12,1
1,NewOrder,1764751505.279709,23789,9,1
4,Delivery,1764751505.280044,33867,4,1
1,NewOrder,1764751505.284274,28681,11,1
2,Payment,1764751505.291241,18415,15,1
2,Payment,1764751505.291295,18344,3,1
2,Payment,1764751505.291314,18303,13,1
1,NewOrder,1764751505.291328,21723,2,1
2,Payment,1764751505.291371,18339,10,1
1,NewOrder,1764751505.296894,32548,7,1
2,Payment,1764751505.296918,16011,1,1
1,NewOrder,1764751505.296938,28892,6,1
2,Payment,1764751505.298116,14846,8,1
2,Payment,1764751505.300546,12410,0,1
1,NewOrder,1764751505.303505,34616,9,1
2,Payment,1764751505.309617,16235,14,1
2,Payment,1764751505.309624,29516,13,1
1,NewOrder,1764751505.309646,19911,3,1
2,Payment,1764751505.309658,29835,15,1
2,Payment,1764751505.309716,16139,10,1
1,NewOrder,1764751505.312937,25183,1,1
1,NewOrder,1764751505.312962,25185,11,1
2,Payment,1764751505.312964,16555,0,1
2,Payment,1764751505.312968,16484,5,1
1,NewOrder,1764751505.312971,31516,8,1
1,NewOrder,1764751505.313054,26105,2,1
2,Payment,1764751505.313916,28108,4,1
4,Delivery,1764751505.325845,21539,12,1
2,Payment,1764751505.325846,13425,6,1
2,Payment,1764751505.325859,32392,14,1
2,Payment,1764751505.325862,18557,10,1
1,NewOrder,1764751505.329451,35275,7,1
2,Payment,1764751505.329466,28763,5,1
1,NewOrder,1764751505.329525,22687,0,1
2,Payment,1764751505.329566,13086,3,1
2,Payment,1764751505.338131,20119,1,1
2,Payment,1764751505.338132,35170,9,1
1,NewOrder,1764751505.338153,20103,11,1
2,Payment,1764751505.339146,19105,13,1
1,NewOrder,1764751505.339166,30555,2,1
1,NewOrder,1764751505.339275,25333,6,1
1,NewOrder,1764751505.339501,32398,15,1
3,OrderStatus,1764751505.342032,3976,4,1
2,Payment,1764751505.342658,15636,3,1
2,Payment,1764751505.344426,17333,10,1
2,Payment,1764751505.344489,17264,8,1
2,Payment,1764751505.346015,27769,4,1
1,NewOrder,1764751505.347392,56368,12,1
1,NewOrder,1764751505.352225,21218,0,1
2,Payment,1764751505.358240,26660,5,1
1,NewOrder,1764751505.358258,25053,14,1
1,NewOrder,1764751505.358260,26654,13,1
3,OrderStatus,1764751505.358261,4395,1,1
2,Payment,1764751505.358263,14969,11,1
1,NewOrder,1764751505.358297,23454,3,1
3,OrderStatus,1764751505.361768,2118,10,1
5,StockLevel,1764751505.361768,17982,8,1
1,NewOrder,1764751505.362662,25456,1,1
1,NewOrder,1764751505.363893,32942,10,1
1,NewOrder,1764751505.364614,26685,6,1
2,Payment,1764751505.364732,17065,7,1
2,Payment,1764751505.369730,13168,2,1
2,Payment,1764751505.371908,10963,15,1
2,Payment,1764751505.373239,10089,11,1
1,NewOrder,1764751505.373308,23909,9,1
2,Payment,1764751505.373453,11842,0,1
2,Payment,1764751505.373790,23371,4,1
1,NewOrder,1764751505.379769,21958,8,1
2,Payment,1764751505.381760,15352,3,1
2,Payment,1764751505.381807,15355,7,1
1,NewOrder,1764751505.382877,22434,15,1
2,Payment,1764751505.382905,13706,2,1
1,NewOrder,1764751505.383316,28508,14,1
2,Payment,1764751505.383335,13341,11,1
1,NewOrder,1764751505.384922,26957,13,1
1,NewOrder,1764751505.385060,26863,5,1
1,NewOrder,1764751505.385302,33789,0,1
1,NewOrder,1764751505.388130,33872,1,1
2,Payment,1764751505.391307,32910,6,1
2,Payment,1764751505.396621,13005,2,1
2,Payment,1764751505.396684,22178,11,1
1,NewOrder,1764751505.396844,24374,10,1
3,OrderStatus,1764751505.397119,5848,3,1
1,NewOrder,1764751505.397165,24078,4,1
2,Payment,1764751505.397169,14742,7,1
2,Payment,1764751505.397223,21665,9,1
2,Payment,1764751505.401736,17208,8,1
5,StockLevel,1764751505.402974,16165,3,1
1,NewOrder,1764751505.403767,23490,12,1
2,Payment,1764751505.405317,16356,15,1
2,Payment,1764751505.409636,11926,2,1
1,NewOrder,1764751505.411835,44903,14,1
2,Payment,1764751505.411881,12936,13,1
1,NewOrder,1764751505.411913,22804,7,1
1,NewOrder,1764751505.411930,22472,5,1
2,Payment,1764751505.418872,15669,11,1
1,NewOrder,1764751505.418896,37811,9,1
1,NewOrder,1764751505.418948,25933,8,1
2,Payment,1764751505.419097,15256,0,1
2,Payment,1764751505.419143,15462,3,1
2,Payment,1764751505.421227,13371,10,1
1,NewOrder,1764751505.421261,28947,4,1
2,Payment,1764751505.421569,12917,2,1
1,NewOrder,1764751505.421680,23311,15,1
2,Payment,1764751505.422008,44269,1,1
2,Payment,1764751505.424224,13345,6,1
1,NewOrder,1764751505.424824,32141,13,1
2,Payment,1764751505.427264,10609,12,1
4,Delivery,1764751505.434368,39786,0,1
1,NewOrder,1764751505.434486,22213,5,1
2,Payment,1764751505.434494,15627,2,1
2,Payment,1764751505.434548,15651,11,1
2,Payment,1764751505.434601,15393,10,1
2,Payment,1764751505.434609,15930,3,1
1,NewOrder,1764751505.434723,28078,7,1
1,NewOrder,1764751505.437577,19169,6,1
1,NewOrder,1764751505.437881,18705,12,1
2,Payment,1764751505.444896,11799,8,1
2,Payment,1764751505.445121,11498,15,1
1,NewOrder,1764751505.450003,24187,10,1
1,NewOrder,1764751505.450129,23954,2,1
2,Payment,1764751505.450202,12567,11,1
1,NewOrder,1764751505.450215,24041,4,1
2,Payment,1764751505.450544,15766,3,1
1,NewOrder,1764751505.456600,17707,12,1
2,Payment,1764751505.456629,17563,15,1
1,NewOrder,1764751505.456704,26253,8,1
2,Payment,1764751505.456706,13483,5,1
3,OrderStatus,1764751505.456715,1197,9,1
3,OrderStatus,1764751505.456744,4630,14,1
2,Payment,1764751505.456755,17549,6,1
2,Payment,1764751505.456971,17107,13,1
2,Payment,1764751505.457918,16163,9,1
1,NewOrder,1764751505.461383,39421,14,1
1,NewOrder,1764751505.462777,27032,11,1
2,Payment,1764751505.462808,27920,7,1
1,NewOrder,1764751505.466285,23817,1,1
1,NewOrder,1764751505.466318,23771,3,1
2,Payment,1764751505.470196,16510,5,1
2,Payment,1764751505.474088,15988,13,1
2,Payment,1764751505.474089,15644,9,1
4,Delivery,1764751505.474091,37632,2,1
1,NewOrder,1764751505.474161,18804,0,1
2,Payment,1764751505.474196,15973,15,1
1,NewOrder,1764751505.474198,30366,10,1
1,NewOrder,1764751505.474259,41100,4,1
1,NewOrder,1764751505.474310,19979,6,1
2,Payment,1764751505.474311,31045,12,1
1,NewOrder,1764751505.482972,28806,8,1
2,Payment,1764751505.486720,13090,5,1
2,Payment,1764751505.489743,14827,9,1
1,NewOrder,1764751505.489817,31366,11,1
5,StockLevel,1764751505.490084,14509,13,1
2,Payment,1764751505.490099,19304,3,1
2,Payment,1764751505.490108,14804,1,1
1,NewOrder,1764751505.490171,25188,15,1
1,NewOrder,1764751505.490734,27745,7,1
3,OrderStatus,1764751505.492972,5487,0,1
1,NewOrder,1764751505.494296,21072,6,1
1,NewOrder,1764751505.498468,22518,0,1
1,NewOrder,1764751505.499818,21243,5,1
2,Payment,1764751505.500811,14549,14,1
1,NewOrder,1764751505.504576,24038,10,1
2,Payment,1764751505.504578,13841,9,1
1,NewOrder,1764751505.504599,23914,13,1
2,Payment,1764751505.504918,13531,1,1
1,NewOrder,1764751505.505362,31327,12,1
2,Payment,1764751505.509411,11795,3,1
2,Payment,1764751505.511735,21884,2,1
2,Payment,1764751505.511785,12839,8,1
2,Payment,1764751505.515370,13331,4,1
3,OrderStatus,1764751505.515370,861,15,1
2,Payment,1764751505.515370,13133,14,1
1,NewOrder,1764751505.515376,18263,6,1
2,Payment,1764751505.516238,49454,15,1
2,Payment,1764751505.518426,10191,9,1
1,NewOrder,1764751505.518456,23551,1,1
2,Payment,1764751505.518482,10030,7,1
1,NewOrder,1764751505.520994,27117,0,1
2,Payment,1764751505.521064,23472,5,1
1,NewOrder,1764751505.521191,27167,11,1
2,Payment,1764751505.521213,15567,3,1
1,NewOrder,1764751505.524632,27320,8,1
2,Payment,1764751505.528511,20065,14,1
1,NewOrder,1764751505.528520,27187,7,1
2,Payment,1764751505.528520,13571,13,1
1,NewOrder,1764751505.528620,27253,10,1
2,Payment,1764751505.528621,13265,9,1
2,Payment,1764751505.528704,27010,4,1
2,Payment,1764751505.533632,11050,2,1
1,NewOrder,1764751505.533649,21388,6,1
1,NewOrder,1764751505.536701,87387,12,1
2,Payment,1764751505.536788,15151,3,1
2,Payment,1764751505.541896,13932,9,1
1,NewOrder,1764751505.542014,27688,1,1
2,Payment,1764751505.542102,12880,13,1
3,OrderStatus,1764751505.544545,10380,5,1
2,Payment,1764751505.544687,11093,2,1
1,NewOrder,1764751505.548121,75983,0,1
4,Delivery,1764751505.548364,88738,11,1
2,Payment,1764751505.548584,86705,14,1
2,Payment,1764751505.551947,72168,3,1
4,Delivery,1764751505.551959,84899,8,1
2,Payment,1764751505.554934,72777,5,1
1,NewOrder,1764751505.554984,69120,13,1
2,Payment,1764751505.555047,69062,6,1
1,NewOrder,1764751505.555713,93235,7,1
1,NewOrder,1764751505.555721,79805,4,1
1,NewOrder,1764751505.555787,81065,2,1
1,NewOrder,1764751505.555834,81231,9,1
1,NewOrder,1764751505.555879,79399,10,1
1,NewOrder,1764751505.565707,71463,15,1
2,Payment,1764751505.569717,67132,1,1
2,Payment,1764751505.624107,14677,12,1
1,NewOrder,1764751505.624114,26649,0,1
2,Payment,1764751505.624114,30372,13,1
1,NewOrder,1764751505.624115,17060,6,1
1,NewOrder,1764751505.624121,26157,3,1
1,NewOrder,1764751505.627719,21292,5,1
1,NewOrder,1764751505.635294,18961,10,1
2,Payment,1764751505.635297,14894,14,1
2,Payment,1764751505.635530,14715,4,1
2,Payment,1764751505.636856,17275,1,1
3,OrderStatus,1764751505.636859,12094,2,1
1,NewOrder,1764751505.636864,21796,8,1
2,Payment,1764751505.637068,17092,9,1
1,NewOrder,1764751505.637105,38100,11,1
2,Payment,1764751505.637176,37939,15,1
2,Payment,1764751505.638792,36615,12,1
1,NewOrder,1764751505.641183,28819,6,1
2,Payment,1764751505.648963,20904,7,1
3,OrderStatus,1764751505.648964,5042,2,1
2,Payment,1764751505.649014,20879,5,1
1,NewOrder,1764751505.650198,29797,14,1
1,NewOrder,1764751505.650252,31884,4,1
1,NewOrder,1764751505.650284,39037,3,1
1,NewOrder,1764751505.650768,29050,0,1
1,NewOrder,1764751505.654018,21134,2,1
2,Payment,1764751505.654139,21025,1,1
5,StockLevel,1764751505.654167,20949,9,1
3,OrderStatus,1764751505.654263,2572,10,1
2,Payment,1764751505.654491,38015,13,1
2,Payment,1764751505.656845,18423,10,1
3,OrderStatus,1764751505.658667,16530,8,1
5,StockLevel,1764751505.669884,16871,7,1
1,NewOrder,1764751505.669904,28992,5,1
1,NewOrder,1764751505.670007,28758,6,1
2,Payment,1764751505.675126,15109,9,1
2,Payment,1764751505.675126,17475,15,1
1,NewOrder,1764751505.675154,29851,2,1
2,Payment,1764751505.675170,14175,1,1
1,NewOrder,1764751505.675203,35814,8,1
1,NewOrder,1764751505.675213,17564,11,1
1,NewOrder,1764751505.675274,23637,10,1
2,Payment,1764751505.675413,29460,12,1
2,Payment,1764751505.679827,13010,0,1
1,NewOrder,1764751505.680002,40435,14,1
4,Delivery,1764751505.682144,24458,4,1
1,NewOrder,1764751505.686765,19909,7,1
1,NewOrder,1764751505.689331,25591,3,1
1,NewOrder,1764751505.689353,35048,1,1
1,NewOrder,1764751505.690242,22108,9,1
3,OrderStatus,1764751505.692514,3025,13,1
1,NewOrder,1764751505.692611,26786,15,1
2,Payment,1764751505.692783,12092,11,1
1,NewOrder,1764751505.692844,29968,0,1
1,NewOrder,1764751505.695550,28936,13,1
2,Payment,1764751505.698777,13599,6,1
2,Payment,1764751505.698905,13742,5,1
2,Payment,1764751505.698917,13669,10,1
1,NewOrder,1764751505.704882,29900,12,1
2,Payment,1764751505.704883,14478,11,1
2,Payment,1764751505.705012,14278,2,1
2,Payment,1764751505.706613,22151,4,1
1,NewOrder,1764751505.706682,28161,7,1
2,Payment,1764751505.711027,13428,8,1
3,OrderStatus,1764751505.712358,12385,9,1
1,NewOrder,1764751505.712383,27471,6,1
2,Payment,1764751505.712593,17444,10,1
1,NewOrder,1764751505.712653,23534,5,1
2,Payment,1764751505.714930,10384,3,1
2,Payment,1764751505.719299,15481,2,1
2,Payment,1764751505.719369,15768,11,1
1,NewOrder,1764751505.719404,16796,15,1
5,StockLevel,1764751505.720445,14115,14,1
1,NewOrder,1764751505.722822,31002,0,1
1,NewOrder,1764751505.724410,35134,1,1
1,NewOrder,1764751505.724464,40680,8,1
4,Delivery,1764751505.724490,47055,13,1
2,Payment,1764751505.724749,18616,9,1
2,Payment,1764751505.725321,10920,3,1
2,Payment,1764751505.728771,14613,4,1
1,NewOrder,1764751505.730045,27905,10,1
1,NewOrder,1764751505.734568,27390,14,1
5,StockLevel,1764751505.734787,19140,2,1
4,Delivery,1764751505.734789,37338,12,1
1,NewOrder,1764751505.734848,30243,7,1
2,Payment,1764751505.735142,18728,11,1
1,NewOrder,1764751505.736193,38683,5,1
1,NewOrder,1764751505.736207,21740,15,1
1,NewOrder,1764751505.736248,23235,3,1
2,Payment,1764751505.739861,18122,6,1
1,NewOrder,1764751505.743374,31533,9,1
1,NewOrder,1764751505.743394,21712,4,1
1,NewOrder,1764751505.753838,24051,0,1
2,Payment,1764751505.753880,12459,11,1
1,NewOrder,1764751505.753930,27528,2,1
2,Payment,1764751505.757957,16989,15,1
2,Payment,1764751505.757959,16978,10,1
1,NewOrder,1764751505.757984,19781,6,1
2,Payment,1764751505.759504,15376,3,1
2,Payment,1764751505.759551,15358,1,1
2,Payment,1764751505.761964,25027,14,1
5,StockLevel,1764751505.765099,12638,7,1
5,StockLevel,1764751505.765113,12645,4,1
2,Payment,1764751505.765146,16268,8,1
2,Payment,1764751505.766346,11417,11,1
2,Payment,1764751505.771552,12055,13,1
2,Payment,1764751505.772133,27053,12,1
1,NewOrder,1764751505.774883,26272,5,1
2,Payment,1764751505.774887,13558,3,1
2,Payment,1764751505.774914,13797,9,1
1,NewOrder,1764751505.774916,28080,1,1
2,Payment,1764751505.774943,30420,10,1
2,Payment,1764751505.774947,26246,15,1
1,NewOrder,1764751505.777744,23511,7,1
1,NewOrder,1764751505.777765,28855,4,1
4,Delivery,1764751505.777770,34485,11,1
2,Payment,1764751505.777773,12597,6,1
1,NewOrder,1764751505.777896,27474,0,1
2,Payment,1764751505.781433,12297,8,1
2,Payment,1764751505.781465,12618,2,1
1,NewOrder,1764751505.783613,35951,13,1
1,NewOrder,1764751505.786997,32782,14,1
3,OrderStatus,1764751505.788452,14354,3,1
1,NewOrder,1764751505.788718,23552,9,1
2,Payment,1764751505.790381,21960,6,1
1,NewOrder,1764751505.793740,26297,8,1
1,NewOrder,1764751505.794091,25459,2,1
1,NewOrder,1764751505.799195,26531,12,1
2,Payment,1764751505.801164,18747,5,1
1,NewOrder,1764751505.801201,28576,15,1
2,Payment,1764751505.801264,24175,7,1
2,Payment,1764751505.802813,17341,3,1
4,Delivery,1764751505.803002,26852,1,1
1,NewOrder,1764751505.805374,20214,10,1
1,NewOrder,1764751505.805378,24366,0,1
2,Payment,1764751505.806627,23511,4,1
1,NewOrder,1764751505.812276,34051,11,1
1,NewOrder,1764751505.812278,18972,9,1
1,NewOrder,1764751505.812348,23178,6,1
2,Payment,1764751505.819562,11892,2,1
1,NewOrder,1764751505.819575,21797,13,1
1,NewOrder,1764751505.819784,19369,14,1
1,NewOrder,1764751505.819918,33163,5,1
2,Payment,1764751505.820041,13261,8,1
2,Payment,1764751505.820161,12843,3,1
1,NewOrder,1764751505.825448,20881,7,1
5,StockLevel,1764751505.825595,16592,10,1
1,NewOrder,1764751505.825733,24104,12,1
1,NewOrder,1764751505.829751,23394,0,1
2,Payment,1764751505.829784,16549,15,1
1,NewOrder,1764751505.829857,23243,1,1
2,Payment,1764751505.830144,16153,4,1
2,Payment,1764751505.831257,15098,9,1
2,Payment,1764751505.831463,14857,2,1
2,Payment,1764751505.833011,13314,3,1
2,Payment,1764751505.833311,16480,8,1
5,StockLevel,1764751505.835533,14187,6,1
2,Payment,1764751505.839160,39015,14,1
1,NewOrder,1764751505.841377,19356,13,1
5,StockLevel,1764751505.842192,10886,10,1
2,Payment,1764751505.846304,14409,4,1
1,NewOrder,1764751505.846326,21823,2,1
2,Payment,1764751505.846332,14889,3,1
1,NewOrder,1764751505.846335,21842,11,1
3,OrderStatus,1764751505.846337,8778,7,1
2,Payment,1764751505.846340,14605,15,1
2,Payment,1764751505.846361,14515,9,1
1,NewOrder,1764751505.849726,21509,6,1
2,Payment,1764751505.849798,15307,8,1
2,Payment,1764751505.849841,15265,12,1
1,NewOrder,1764751505.853086,28045,10,1
2,Payment,1764751505.853090,25828,5,1
4,Delivery,1764751505.853107,25105,1,1
1,NewOrder,1764751505.853151,24998,0,1
1,NewOrder,1764751505.855122,23160,7,1
4,Delivery,1764751505.860721,20551,4,1
1,NewOrder,1764751505.860741,29067,13,1
1,NewOrder,1764751505.860882,20291,9,1
1,NewOrder,1764751505.860950,28943,15,1
2,Payment,1764751505.861227,16792,3,1
1,NewOrder,1764751505.865117,21024,12,1
1,NewOrder,1764751505.865117,35418,8,1
2,Payment,1764751505.868157,13463,2,1
2,Payment,1764751505.868184,13959,11,1
1,NewOrder,1764751505.871242,22364,6,1
5,StockLevel,1764751505.878028,12042,3,1
4,Delivery,1764751505.878161,51891,0,1
1,NewOrder,1764751505.878182,33369,14,1
2,Payment,1764751505.878214,18913,1,1
2,Payment,1764751505.878301,11493,7,1
1,NewOrder,1764751505.878925,28522,5,1
2,Payment,1764751505.881138,15942,10,1
3,OrderStatus,1764751505.881179,2079,9,1
2,Payment,1764751505.881279,12326,4,1
2,Payment,1764751505.881627,29956,2,1
2,Payment,1764751505.882149,14936,11,1
1,NewOrder,1764751505.883265,28205,9,1
2,Payment,1764751505.886149,14311,12,1
2,Payment,1764751505.889803,15136,7,1
1,NewOrder,1764751505.889815,40524,13,1
1,NewOrder,1764751505.889900,21738,15,1
1,NewOrder,1764751505.890076,28381,3,1
2,Payment,1764751505.893614,44369,6,1
2,Payment,1764751505.893616,17915,4,1
1,NewOrder,1764751505.897090,26980,10,1
1,NewOrder,1764751505.897092,40882,11,1
2,Payment,1764751505.897134,32929,1,1
1,NewOrder,1764751505.900471,34207,12,1
1,NewOrder,1764751505.900544,29505,8,1
2,Payment,1764751505.904946,13423,7,1
1,NewOrder,1764751505.907454,33439,5,1
1,NewOrder,1764751505.911477,26481,9,1
1,NewOrder,1764751505.911537,29351,4,1
2,Payment,1764751505.911558,18520,14,1
1,NewOrder,1764751505.911590,109554,2,1
2,Payment,1764751505.911640,109576,15,1
2,Payment,1764751505.918381,124274,7,1
1,NewOrder,1764751505.918459,102738,3,1
1,NewOrder,1764751505.924084,103097,10,1
3,OrderStatus,1764751505.930063,10827,0,1
2,Payment,1764751505.930064,91086,8,1
2,Payment,1764751505.930071,91191,1,1
1,NewOrder,1764751505.930084,112850,14,1
2,Payment,1764751505.930347,90844,13,1
2,Payment,1764751505.934686,111788,12,1
1,NewOrder,1764751505.937966,104757,9,1
2,Payment,1764751505.937982,104677,11,1
1,NewOrder,1764751505.937989,104685,6,1
2,Payment,1764751505.940895,101802,4,1
1,NewOrder,1764751505.940898,80929,0,1
2,Payment,1764751505.940900,133547,5,1
1,NewOrder,1764751506.021164,30069,2,1
2,Payment,1764751506.021164,29978,8,1
2,Payment,1764751506.021199,55687,13,1
1,NewOrder,1764751506.021203,33106,3,1
2,Payment,1764751506.021221,25225,15,1
2,Payment,1764751506.021266,25193,1,1
1,NewOrder,1764751506.021831,29532,0,1
2,Payment,1764751506.027190,23943,10,1
1,NewOrder,1764751506.042671,105764,11,1
1,NewOrder,1764751506.042671,100956,7,1
3,OrderStatus,1764751506.042679,10549,6,1
1,NewOrder,1764751506.042702,34187,4,1
1,NewOrder,1764751506.042726,105741,9,1
1,NewOrder,1764751506.042939,105578,14,1
2,Payment,1764751506.046452,30381,15,1
2,Payment,1764751506.046464,97064,1,1
1,NewOrder,1764751506.046480,101947,12,1
1,NewOrder,1764751506.051139,97303,10,1
1,NewOrder,1764751506.051148,97478,8,1
2,Payment,1764751506.051238,247180,2,1
1,NewOrder,1764751506.051369,97138,0,1
4,Delivery,1764751506.053234,95396,6,1
2,Payment,1764751506.054316,94257,3,1
1,NewOrder,1764751506.074462,151920,5,1
2,Payment,1764751506.076844,149276,15,1
1,NewOrder,1764751506.076893,149225,13,1
1,NewOrder,1764751506.076895,150045,4,1
1,NewOrder,1764751506.143546,155590,1,1
2,Payment,1764751506.143635,154784,7,1
2,Payment,1764751506.148435,150092,12,1
2,Payment,1764751506.148442,150047,11,1
1,NewOrder,1764751506.148448,284044,10,1
1,NewOrder,1764751506.148473,150113,9,1
1,NewOrder,1764751506.148513,285204,0,1
1,NewOrder,1764751506.148522,284824,14,1
1,NewOrder,1764751506.148575,222913,3,1
2,Payment,1764751506.148628,149991,8,1
1,NewOrder,1764751506.148635,285865,6,1
4,Delivery,1764751506.226137,207228,15,1
2,Payment,1764751506.226137,206335,13,1
2,Payment,1764751506.226387,80349,5,1
1,NewOrder,1764751506.226946,219222,4,1
1,NewOrder,1764751506.298435,134166,7,1
1,NewOrder,1764751506.298435,146742,2,1
2,Payment,1764751506.298500,134115,11,1
1,NewOrder,1764751506.298533,133939,12,1
1,NewOrder,1764751506.298591,135884,9,1
1,NewOrder,1764751506.298624,146575,8,1
1,NewOrder,1764751506.299141,135478,1,1
1,NewOrder,1764751506.306754,139189,5,1
2,Payment,1764751506.371507,94309,3,1
1,NewOrder,1764751506.432489,54991,12,1
1,NewOrder,1764751506.432489,54942,13,1
1,NewOrder,1764751506.432499,54900,10,1
2,Payment,1764751506.432607,33182,7,1
1,NewOrder,1764751506.432618,55219,11,1
2,Payment,1764751506.433352,53913,14,1
3,OrderStatus,1764751506.433370,32420,15,1
2,Payment,1764751506.433723,53760,0,1
2,Payment,1764751506.434480,52832,9,1
1,NewOrder,1764751506.434506,53077,6,1
1,NewOrder,1764751506.434621,52758,1,1
2,Payment,1764751506.445190,42103,2,1
2,Payment,1764751506.445206,42302,8,1
1,NewOrder,1764751506.445948,41884,5,1
1,NewOrder,1764751506.446173,42276,4,1
1,NewOrder,1764751506.465806,40118,7,1
1,NewOrder,1764751506.465806,122741,15,1
2,Payment,1764751506.465821,40085,3,1
2,Payment,1764751506.487280,101043,14,1
1,NewOrder,1764751506.487302,109107,2,1
2,Payment,1764751506.487318,37943,9,1
1,NewOrder,1764751506.487385,101004,1,1
1,NewOrder,1764751506.487404,100984,10,1
3,OrderStatus,1764751506.487441,744,13,1
2,Payment,1764751506.487486,100849,12,1
1,NewOrder,1764751506.487489,100953,0,1
5,StockLevel,1764751506.487510,100912,8,1
2,Payment,1764751506.487585,100925,6,1
3,OrderStatus,1764751506.487837,13995,5,1
1,NewOrder,1764751506.487840,100626,11,1
2,Payment,1764751506.488189,366306,13,1
2,Payment,1764751506.488455,100005,4,1
2,Payment,1764751506.501847,488438,5,1
2,Payment,1764751506.505918,90401,3,1
4,Delivery,1764751506.505931,348584,7,1
2,Payment,1764751506.525277,329194,9,1
3,OrderStatus,1764751506.588341,1349,14,1
1,NewOrder,1764751506.588343,467814,12,1
1,NewOrder,1764751506.588394,492432,10,1
4,Delivery,1764751506.588395,466877,1,1
1,NewOrder,1764751506.588424,467212,8,1
2,Payment,1764751506.588444,401847,0,1
1,NewOrder,1764751506.588462,467437,4,1
1,NewOrder,1764751506.588469,466893,11,1
1,NewOrder,1764751506.588514,467530,6,1
1,NewOrder,1764751506.588549,467301,15,1
1,NewOrder,1764751506.589696,466372,14,1
2,Payment,1764751506.596337,459506,3,1
2,Payment,1764751506.596418,458853,2,1
1,NewOrder,1764751506.854487,226295,9,1
2,Payment,1764751506.854504,226237,13,1
5,StockLevel,1764751506.854521,226146,7,1
2,Payment,1764751506.990301,92543,5,1
2,Payment,1764751506.990303,92318,0,1
2,Payment,1764751507.055287,225525,2,1
2,Payment,1764751507.055287,85012,1,1
1,NewOrder,1764751507.055368,218060,11,1
4,Delivery,1764751507.055640,221658,8,1
2,Payment,1764751507.055848,84537,3,1
1,NewOrder,1764751507.055872,84514,15,1
1,NewOrder,1764751507.055904,219625,4,1
1,NewOrder,1764751507.056048,180484,6,1
2,Payment,1764751507.056072,84280,14,1
1,NewOrder,1764751507.056161,221435,12,1
1,NewOrder,1764751507.080682,199624,7,1
1,NewOrder,1764751507.080745,196443,13,1
2,Payment,1764751507.080785,194342,9,1
1,NewOrder,1764751507.080829,194650,10,1
2,Payment,1764751507.082634,196110,0,1
2,Payment,1764751507.082852,191344,5,1
1,NewOrder,1764751507.140326,141229,1,1
1,NewOrder,1764751507.140365,135403,14,1
5,StockLevel,1764751507.140392,135745,3,1
2,Payment,1764751507.140393,140214,15,1
2,Payment,1764751507.236548,65484,6,1
2,Payment,1764751507.273445,114563,11,1
2,Payment,1764751507.274207,113790,5,1
2,Payment,1764751507.275137,605487,9,1
2,Payment,1764751507.275481,112905,10,1
1,NewOrder,1764751507.275535,112712,4,1
1,NewOrder,1764751507.275772,112213,14,1
5,StockLevel,1764751507.276143,111794,3,1
1,NewOrder,1764751507.277193,603624,13,1
2,Payment,1764751507.277304,111962,8,1
2,Payment,1764751507.277619,110405,12,1
1,NewOrder,1764751507.278751,377271,0,1
2,Payment,1764751507.280312,375665,7,1
1,NewOrder,1764751507.280613,107322,15,1
4,Delivery,1764751507.280818,264099,2,1
5,StockLevel,1764751507.281560,106489,1,1
1,NewOrder,1764751507.302048,353939,6,1
2,Payment,1764751507.387954,492964,15,1
2,Payment,1764751507.387954,492669,3,1
2,Payment,1764751507.387991,783059,14,1
1,NewOrder,1764751507.388003,777289,5,1
2,Payment,1764751507.388011,494046,11,1
1,NewOrder,1764751507.388029,492674,12,1
2,Payment,1764751507.388057,493266,1,1
2,Payment,1764751507.388251,492658,4,1
2,Payment,1764751507.388390,783122,10,1
2,Payment,1764751507.389271,492097,8,1
1,NewOrder,1764751507.544934,624939,2,1
1,NewOrder,1764751507.655993,513602,7,1
1,NewOrder,1764751507.655996,514207,6,1
2,Payment,1764751507.656027,513584,0,1
4,Delivery,1764751507.880641,394971,3,1
2,Payment,1764751507.880641,402749,9,1
1,NewOrder,1764751507.880709,289020,12,1
2,Payment,1764751507.880819,291210,13,1
1,NewOrder,1764751507.880913,289292,4,1
2,Payment,1764751507.880924,402583,15,1
1,NewOrder,1764751507.881329,290869,1,1
2,Payment,1764751507.881370,288229,8,1
1,NewOrder,1764751507.882063,290050,11,1
4,Delivery,1764751508.165309,271277,5,1
2,Payment,1764751508.169610,113512,7,1
1,NewOrder,1764751508.169610,267114,8,1
5,StockLevel,1764751508.169617,113488,0,1
4,Delivery,1764751508.169732,113747,12,1
2,Payment,1764751508.169879,114057,2,1
2,Payment,1764751508.170209,554720,6,1
2,Payment,1764751508.170210,112905,4,1
2,Payment,1764751508.171055,552941,14,1
1,NewOrder,1764751508.171518,111852,10,1
1,NewOrder,1764751508.172035,111981,13,1
2,Payment,1764751508.172118,112291,11,1
1,NewOrder,1764751508.172200,111629,1,1
1,NewOrder,1764751508.275627,449314,3,1
2,Payment,1764751508.283118,442368,0,1
1,NewOrder,1764751508.283125,441328,4,1
1,NewOrder,1764751508.283128,441394,7,1
4,Delivery,1764751508.283374,441081,10,1
2,Payment,1764751508.283482,442549,12,1
1,NewOrder,1764751508.283509,442663,15,1
2,Payment,1764751508.283781,440216,9,1
2,Payment,1764751508.283836,440160,1,1
2,Payment,1764751508.283941,1138032,2,1
1,NewOrder,1764751508.284021,440536,13,1
1,NewOrder,1764751508.284414,440171,11,1
2,Payment,1764751508.436611,288038,5,1
1,NewOrder,1764751508.436737,288234,8,1
1,NewOrder,1764751508.724013,698727,1,1
1,NewOrder,1764751508.724013,698021,14,1
2,Payment,1764751508.724013,734525,9,1
1,NewOrder,1764751508.724457,699818,4,1
2,Payment,1764751508.724459,696928,10,1
1,NewOrder,1764751508.724524,697294,7,1
5,StockLevel,1764751508.724562,696770,13,1
1,NewOrder,1764751508.724586,697896,11,1
1,NewOrder,1764751508.724654,697282,5,1
1,NewOrder,1764751508.724933,697237,6,1
1,NewOrder,1764751508.724946,709956,3,1
1,NewOrder,1764751508.724972,696698,8,1
1,NewOrder,1764751508.725492,696051,0,1
2,Payment,1764751508.726036,695790,12,1
2,Payment,1764751508.726175,695088,15,1
2,Payment,1764751509.421280,26945,15,1
2,Payment,1764751509.421334,37136,13,1
1,NewOrder,1764751509.421395,37058,10,1
2,Payment,1764751509.421547,36873,0,1
1,NewOrder,1764751509.421672,36826,8,1
2,Payment,1764751509.421823,26372,7,1
1,NewOrder,1764751509.421831,36719,12,1
1,NewOrder,1764751509.421939,36635,5,1
1,NewOrder,1764751509.421978,36630,2,1
2,Payment,1764751509.422036,106346,14,1
1,NewOrder,1764751509.422173,113684,6,1
1,NewOrder,1764751509.422487,36052,11,1
4,Delivery,1764751509.422745,35710,1,1
1,NewOrder,1764751509.424281,34267,4,1
1,NewOrder,1764751509.434916,93455,3,1
1,NewOrder,1764751509.448210,86512,7,1
2,Payment,1764751509.448233,112426,15,1
2,Payment,1764751509.458435,78209,0,1
1,NewOrder,1764751509.458461,82141,1,1
2,Payment,1764751509.458463,76413,10,1
2,Payment,1764751509.458475,76568,13,1
2,Payment,1764751509.458501,78825,8,1
3,OrderStatus,1764751509.458540,76188,11,1
2,Payment,1764751509.458544,104816,9,1
2,Payment,1764751509.458553,76202,4,1
2,Payment,1764751509.458554,104859,12,1
3,OrderStatus,1764751509.458580,3794,5,1
5,StockLevel,1764751509.458612,78009,2,1
1,NewOrder,1764751509.462381,106501,5,1
5,StockLevel,1764751509.528388,32157,3,1
2,Payment,1764751509.528390,52403,14,1
2,Payment,1764751509.534729,28864,7,1
2,Payment,1764751509.534735,28676,11,1
2,Payment,1764751509.534757,28562,4,1
2,Payment,1764751509.534880,45975,10,1
2,Payment,1764751509.535048,45806,13,1
1,NewOrder,1764751509.535862,32370,6,1
3,OrderStatus,1764751509.536626,26699,2,1
1,NewOrder,1764751509.536645,32123,0,1
2,Payment,1764751509.537332,30664,8,1
2,Payment,1764751509.540610,27395,1,1
4,Delivery,1764751509.560577,36744,3,1
1,NewOrder,1764751509.560667,23888,15,1
4,Delivery,1764751509.563325,27815,4,1
5,StockLevel,1764751509.563331,17681,2,1
3,OrderStatus,1764751509.563366,17541,9,1
2,Payment,1764751509.563413,17587,11,1
2,Payment,1764751509.563418,33822,12,1
2,Payment,1764751509.563599,17867,7,1
1,NewOrder,1764751509.568004,29334,8,1
2,Payment,1764751509.568010,22890,1,1
2,Payment,1764751509.568237,29163,6,1
2,Payment,1764751509.568774,22213,0,1
2,Payment,1764751509.568888,22003,5,1
1,NewOrder,1764751509.580809,26187,14,1
2,Payment,1764751509.580862,16406,10,1
2,Payment,1764751509.580863,36252,13,1
3,OrderStatus,1764751509.580910,1302,9,1
1,NewOrder,1764751509.581003,33164,11,1
2,Payment,1764751509.581018,61422,2,1
4,Delivery,1764751509.581471,35665,7,1
2,Payment,1764751509.582217,34904,9,1
1,NewOrder,1764751509.584562,29646,15,1
4,Delivery,1764751509.590899,54582,5,1
2,Payment,1764751509.590907,16100,1,1
1,NewOrder,1764751509.590990,26125,0,1
2,Payment,1764751509.591146,15842,4,1
5,StockLevel,1764751509.597246,19930,12,1
2,Payment,1764751509.597274,55529,10,1
5,StockLevel,1764751509.597323,19827,3,1
2,Payment,1764751509.597343,19848,8,1
1,NewOrder,1764751509.597405,44847,6,1
2,Payment,1764751509.607001,35251,4,1
2,Payment,1764751509.607003,35274,14,1
2,Payment,1764751509.607012,50364,1,1
2,Payment,1764751509.614180,38407,11,1
2,Payment,1764751509.614215,43254,15,1
1,NewOrder,1764751509.617123,42671,0,1
1,NewOrder,1764751509.617126,40248,9,1
2,Payment,1764751509.617141,35590,7,1
2,Payment,1764751509.617155,35981,13,1
1,NewOrder,1764751509.617156,35459,3,1
3,OrderStatus,1764751509.617179,35388,12,1
2,Payment,1764751509.617451,35201,8,1
1,NewOrder,1764751509.642265,49489,4,1
2,Payment,1764751509.642265,78230,6,1
3,OrderStatus,1764751509.642282,1012,14,1
1,NewOrder,1764751509.642446,49308,2,1
2,Payment,1764751509.643300,75913,14,1
1,NewOrder,1764751509.645487,46267,5,1
5,StockLevel,1764751509.652578,66540,12,1
1,NewOrder,1764751509.652594,66501,11,1
5,StockLevel,1764751509.652620,66338,3,1
1,NewOrder,1764751509.652657,66330,8,1
1,NewOrder,1764751509.652735,66627,7,1
1,NewOrder,1764751509.652807,66669,10,1
2,Payment,1764751509.653140,65731,13,1
1,NewOrder,1764751509.657381,63408,9,1
2,Payment,1764751509.657383,61630,1,1
2,Payment,1764751509.657472,98411,15,1
2,Payment,1764751509.659800,59201,0,1
2,Payment,1764751509.691770,64112,5,1
1,NewOrder,1764751509.691770,72609,2,1
2,Payment,1764751509.691770,92816,4,1
2,Payment,1764751509.718887,42274,13,1
1,NewOrder,1764751509.718967,42434,3,1
2,Payment,1764751509.718993,42093,8,1
1,NewOrder,1764751509.719007,42043,0,1
1,NewOrder,1764751509.719016,42262,1,1
4,Delivery,1764751509.719099,45593,11,1
1,NewOrder,1764751509.719135,41921,12,1
1,NewOrder,1764751509.719218,41936,14,1
2,Payment,1764751509.719367,36622,7,1
2,Payment,1764751509.719479,41576,10,1
1,NewOrder,1764751509.720501,43854,6,1
2,Payment,1764751509.720793,71804,9,1
2,Payment,1764751509.755900,56587,5,1
2,Payment,1764751509.755900,28674,15,1
1,NewOrder,1764751509.755994,44915,7,1
1,NewOrder,1764751509.761061,39605,0,1
2,Payment,1764751509.761063,55703,10,1
2,Payment,1764751509.761064,31527,12,1
1,NewOrder,1764751509.761092,39500,8,1
1,NewOrder,1764751509.761159,70994,14,1
1,NewOrder,1764751509.761166,40425,13,1
3,OrderStatus,1764751509.761283,31462,1,1
2,Payment,1764751509.761407,31599,3,1
1,NewOrder,1764751509.764364,52391,6,1
2,Payment,1764751509.764385,36202,2,1
1,NewOrder,1764751509.764697,52119,11,1
1,NewOrder,1764751509.784586,47567,15,1
1,NewOrder,1764751509.784594,47559,4,1
2,Payment,1764751509.792621,52031,9,1
3,OrderStatus,1764751509.792621,24351,12,1
2,Payment,1764751509.792748,117834,1,1
2,Payment,1764751509.793012,39141,3,1
2,Payment,1764751509.800603,31602,2,1
1,NewOrder,1764751509.800604,31549,8,1
1,NewOrder,1764751509.800673,109915,0,1
1,NewOrder,1764751509.800914,35106,7,1
2,Payment,1764751509.801597,30576,13,1
2,Payment,1764751509.812498,23471,5,1
2,Payment,1764751509.816766,27864,6,1
2,Payment,1764751509.816773,105807,10,1
2,Payment,1764751509.816818,27856,11,1
2,Payment,1764751509.816978,93539,12,1
1,NewOrder,1764751509.832171,90148,4,1
1,NewOrder,1764751509.832171,83142,8,1
2,Payment,1764751509.832171,78315,3,1
2,Payment,1764751509.832171,78360,14,1
1,NewOrder,1764751509.832171,83120,15,1
1,NewOrder,1764751509.832179,83120,13,1
2,Payment,1764751509.832208,96975,2,1
1,NewOrder,1764751509.835979,79306,5,1
1,NewOrder,1764751509.836027,86233,7,1
1,NewOrder,1764751509.844646,77669,6,1
1,NewOrder,1764751509.844672,77675,9,1
4,Delivery,1764751509.844679,78249,11,1
1,NewOrder,1764751509.910504,24615,3,1
2,Payment,1764751509.910526,18660,12,1
2,Payment,1764751509.910537,18651,14,1
1,NewOrder,1764751509.910586,23799,1,1
2,Payment,1764751509.910596,18585,0,1
1,NewOrder,1764751509.915292,19636,5,1
1,NewOrder,1764751509.915298,49172,15,1
2,Payment,1764751509.915304,45749,13,1
2,Payment,1764751509.915319,19860,8,1
2,Payment,1764751509.922272,42294,7,1
2,Payment,1764751509.922323,13165,6,1
2,Payment,1764751509.922326,12087,4,1
1,NewOrder,1764751509.922349,57903,9,1
2,Payment,1764751509.922584,12179,10,1
2,Payment,1764751509.922934,12301,11,1
1,NewOrder,1764751509.929188,35098,0,1
1,NewOrder,1764751509.929189,50745,2,1
1,NewOrder,1764751509.929192,50638,12,1
1,NewOrder,1764751509.929194,35102,14,1
2,Payment,1764751509.934393,30040,1,1
3,OrderStatus,1764751509.934418,5968,4,1
2,Payment,1764751509.934768,29856,10,1
2,Payment,1764751509.934932,29490,5,1
2,Payment,1764751509.935125,29479,3,1
1,NewOrder,1764751509.935183,44658,8,1
5,StockLevel,1764751509.935237,29122,11,1
1,NewOrder,1764751509.935494,44379,6,1
4,Delivery,1764751509.940403,49582,4,1
1,NewOrder,1764751509.961079,28998,13,1
5,StockLevel,1764751509.964295,25675,0,1
3,OrderStatus,1764751509.964304,1820,14,1
2,Payment,1764751509.964362,25865,11,1
2,Payment,1764751509.964425,25584,5,1
4,Delivery,1764751509.964435,36770,1,1
1,NewOrder,1764751509.964476,25538,15,1
1,NewOrder,1764751509.964572,36908,7,1
2,Payment,1764751509.964607,25572,3,1
2,Payment,1764751509.964625,25424,10,1
2,Payment,1764751509.966129,23850,14,1
1,NewOrder,1764751509.979841,25883,12,1
2,Payment,1764751509.979848,21372,8,1
2,Payment,1764751509.979875,21329,6,1
2,Payment,1764751509.979939,21320,2,1
2,Payment,1764751509.980262,25428,9,1
5,StockLevel,1764751509.989984,15686,0,1
2,Payment,1764751509.989987,47111,14,1
1,NewOrder,1764751509.989991,26591,4,1
2,Payment,1764751509.990015,15692,5,1
2,Payment,1764751509.990020,16116,15,1
1,NewOrder,1764751509.990055,26656,10,1
1,NewOrder,1764751509.990079,27156,13,1
2,Payment,1764751509.990182,15767,3,1
2,Payment,1764751509.990232,15538,11,1
2,Payment,1764751510.001212,15370,6,1
1,NewOrder,1764751510.001213,35831,1,1
5,StockLevel,1764751510.001226,15418,8,1
2,Payment,1764751510.001262,15577,2,1
1,NewOrder,1764751510.001483,45503,7,1
1,NewOrder,1764751510.005677,41277,0,1
2,Payment,1764751510.005696,31326,9,1
1,NewOrder,1764751510.005711,109942,5,1
2,Payment,1764751510.005730,37840,12,1
1,NewOrder,1764751510.005776,41134,11,1
2,Payment,1764751510.006008,31062,3,1
1,NewOrder,1764751510.006141,109551,15,1
1,NewOrder,1764751510.016599,106368,6,1
1,NewOrder,1764751510.016599,99204,4,1
1,NewOrder,1764751510.016650,106943,8,1
1,NewOrder,1764751510.016717,118861,10,1
1,NewOrder,1764751510.016844,98883,2,1
1,NewOrder,1764751510.017241,118367,13,1
4,Delivery,1764751510.037035,101880,9,1
1,NewOrder,1764751510.037052,85641,1,1
1,NewOrder,1764751510.037072,98307,3,1
1,NewOrder,1764751510.037100,99060,14,1
1,NewOrder,1764751510.043583,94178,12,1
2,Payment,1764751510.046921,88469,11,1
1,NewOrder,1764751510.046968,89337,0,1
2,Payment,1764751510.046987,88656,7,1
3,OrderStatus,1764751510.115670,6329,5,1
2,Payment,1764751510.115701,27224,15,1
1,NewOrder,1764751510.115730,38687,2,1
1,NewOrder,1764751510.115809,27113,4,1
2,Payment,1764751510.122007,32516,5,1
5,StockLevel,1764751510.122699,31708,1,1
2,Payment,1764751510.122973,59965,6,1
1,NewOrder,1764751510.123599,34766,8,1
1,NewOrder,1764751510.135388,27631,3,1
1,NewOrder,1764751510.135397,34253,11,1
1,NewOrder,1764751510.135582,34098,10,1
2,Payment,1764751510.135613,22758,13,1
2,Payment,1764751510.135645,22831,7,1
1,NewOrder,1764751510.136166,38626,14,1
2,Payment,1764751510.136310,23068,0,1
1,NewOrder,1764751510.137767,25695,12,1
2,Payment,1764751510.138921,21907,9,1
2,Payment,1764751510.142931,39980,4,1
2,Payment,1764751510.142932,20028,15,1
2,Payment,1764751510.154423,44052,1,1
2,Payment,1764751510.154426,20981,2,1
1,NewOrder,1764751510.154736,28154,5,1
2,Payment,1764751510.158373,24578,8,1
1,NewOrder,1764751510.158378,29142,13,1
1,NewOrder,1764751510.158482,34063,7,1
1,NewOrder,1764751510.159384,28175,0,1
1,NewOrder,1764751510.160834,34901,9,1
2,Payment,1764751510.162966,24582,15,1
2,Payment,1764751510.163022,24587,3,1
2,Payment,1764751510.163467,24015,12,1
1,NewOrder,1764751510.169667,49864,11,1
1,NewOrder,1764751510.169686,44962,10,1
1,NewOrder,1764751510.174799,44714,14,1
2,Payment,1764751510.175414,44046,2,1
1,NewOrder,1764751510.182905,45911,5,1
5,StockLevel,1764751510.182919,12829,4,1
1,NewOrder,1764751510.182944,45889,6,1
2,Payment,1764751510.182953,18480,8,1
1,NewOrder,1764751510.187494,37151,12,1
2,Payment,1764751510.187521,27080,13,1
2,Payment,1764751510.187555,27030,15,1
2,Payment,1764751510.187565,27010,0,1
1,NewOrder,1764751510.187615,37054,3,1
2,Payment,1764751510.192558,26913,7,1
1,NewOrder,1764751510.195747,33058,9,1
2,Payment,1764751510.195755,23694,4,1
2,Payment,1764751510.198483,35011,1,1
2,Payment,1764751510.201441,23057,8,1
1,NewOrder,1764751510.214592,29972,0,1
2,Payment,1764751510.214594,17835,15,1
1,NewOrder,1764751510.214607,29930,13,1
2,Payment,1764751510.214654,17803,10,1
2,Payment,1764751510.219462,14018,4,1
1,NewOrder,1764751510.219467,25242,2,1
1,NewOrder,1764751510.219477,25115,7,1
2,Payment,1764751510.219519,36796,14,1
2,Payment,1764751510.219533,13986,11,1
2,Payment,1764751510.224508,20388,8,1
2,Payment,1764751510.224652,20184,12,1
2,Payment,1764751510.224676,19969,3,1
2,Payment,1764751510.228818,15952,9,1
1,NewOrder,1764751510.228824,38264,5,1
1,NewOrder,1764751510.228838,38386,6,1
1,NewOrder,1764751510.232437,34721,15,1
2,Payment,1764751510.232471,34646,10,1
2,Payment,1764751510.233486,22822,4,1
1,NewOrder,1764751510.233500,33586,1,1
2,Payment,1764751510.233522,22824,11,1
1,NewOrder,1764751510.244555,22611,13,1
1,NewOrder,1764751510.244573,36008,0,1
2,Payment,1764751510.244594,22689,7,1
1,NewOrder,1764751510.244651,38277,3,1
2,Payment,1764751510.244715,22365,2,1
1,NewOrder,1764751510.244772,45420,9,1
2,Payment,1764751510.244838,22390,12,1
1,NewOrder,1764751510.244898,33136,8,1
1,NewOrder,1764751510.256325,26415,4,1
1,NewOrder,1764751510.256325,4873,14,1
3,OrderStatus,1764751510.256352,15974,11,1
1,NewOrder,1764751510.261204,21611,14,1
2,Payment,1764751510.267090,15473,2,1
1,NewOrder,1764751510.267093,27610,1,1
2,Payment,1764751510.267094,22829,5,1
1,NewOrder,1764751510.267119,27543,10,1
2,Payment,1764751510.267164,15296,15,1
1,NewOrder,1764751510.267168,35938,13,1
3,OrderStatus,1764751510.267227,15228,6,1
1,NewOrder,1764751510.267231,27401,12,1
3,OrderStatus,1764751510.267289,3093,7,1
5,StockLevel,1764751510.270389,12261,7,1
2,Payment,1764751510.272333,17555,11,1
1,NewOrder,1764751510.278049,25024,8,1
1,NewOrder,1764751510.280593,37782,0,1
1,NewOrder,1764751510.282466,31531,6,1
1,NewOrder,1764751510.282468,26889,15,1
1,NewOrder,1764751510.282566,35827,2,1
2,Payment,1764751510.282655,17979,7,1
2,Payment,1764751510.282745,41296,4,1
2,Payment,1764751510.282819,16529,14,1
2,Payment,1764751510.282931,16677,3,1
1,NewOrder,1764751510.289903,24090,11,1
2,Payment,1764751510.289931,19419,5,1
2,Payment,1764751510.290198,19154,9,1
1,NewOrder,1764751510.294641,23751,12,1
3,OrderStatus,1764751510.294668,731,10,1
1,NewOrder,1764751510.294709,23870,1,1
3,OrderStatus,1764751510.295405,18627,10,1
2,Payment,1764751510.299357,19036,14,1
1,NewOrder,1764751510.299615,24216,3,1
1,NewOrder,1764751510.300639,17819,7,1
2,Payment,1764751510.303082,15304,8,1
2,Payment,1764751510.303113,15509,13,1
1,NewOrder,1764751510.309364,30938,9,1
2,Payment,1764751510.309364,30931,15,1
2,Payment,1764751510.309365,31024,5,1
3,OrderStatus,1764751510.314006,16386,11,1
1,NewOrder,1764751510.314006,26918,6,1
1,NewOrder,1764751510.314037,26383,10,1
5,StockLevel,1764751510.318383,22044,0,1
1,NewOrder,1764751510.318392,22235,8,1
2,Payment,1764751510.318398,17702,12,1
1,NewOrder,1764751510.318399,22021,14,1
1,NewOrder,1764751510.318400,22027,2,1
1,NewOrder,1764751510.318464,21948,7,1
2,Payment,1764751510.318583,21907,1,1
5,StockLevel,1764751510.318626,22807,13,1
1,NewOrder,1764751510.323846,26565,3,1
2,Payment,1764751510.324048,36402,4,1
1,NewOrder,1764751510.330400,37939,11,1
4,Delivery,1764751510.336108,32264,12,1
2,Payment,1764751510.340303,35100,15,1
1,NewOrder,1764751510.340308,23696,9,1
1,NewOrder,1764751510.340395,31254,5,1
1,NewOrder,1764751510.340418,27957,7,1
1,NewOrder,1764751510.340421,34940,10,1
2,Payment,1764751510.340424,19977,14,1
5,StockLevel,1764751510.340432,20328,2,1
1,NewOrder,1764751510.340434,27989,0,1
2,Payment,1764751510.340492,19904,1,1
1,NewOrder,1764751510.340631,27845,8,1
2,Payment,1764751510.340930,19528,6,1
2,Payment,1764751510.341441,22554,13,1
1,NewOrder,1764751510.350426,24984,3,1
1,NewOrder,1764751510.360412,22158,1,1
1,NewOrder,1764751510.360412,22241,14,1
1,NewOrder,1764751510.360456,30160,4,1
1,NewOrder,1764751510.360463,22489,6,1
3,OrderStatus,1764751510.360768,4749,2,1
1,NewOrder,1764751510.364001,34605,13,1
1,NewOrder,1764751510.364011,18814,9,1
2,Payment,1764751510.365523,13810,2,1
2,Payment,1764751510.368346,14879,11,1
1,NewOrder,1764751510.368378,24567,12,1
2,Payment,1764751510.368381,18199,7,1
1,NewOrder,1764751510.368428,30025,0,1
5,StockLevel,1764751510.368482,14115,8,1
1,NewOrder,1764751510.371655,26711,5,1
2,Payment,1764751510.375372,15276,10,1
2,Payment,1764751510.375411,15319,15,1
1,NewOrder,1764751510.375418,28623,3,1
1,NewOrder,1764751510.379343,26191,2,1
2,Payment,1764751510.382583,15630,1,1
1,NewOrder,1764751510.382604,22940,8,1
1,NewOrder,1764751510.382667,35127,14,1
1,NewOrder,1764751510.382830,34983,9,1
5,StockLevel,1764751510.382958,15710,6,1
1,NewOrder,1764751510.383230,34525,11,1
1,NewOrder,1764751510.386591,31484,7,1
5,StockLevel,1764751510.390625,27357,4,1
1,NewOrder,1764751510.390654,27268,10,1
1,NewOrder,1764751510.390738,27029,15,1
1,NewOrder,1764751510.392952,25546,12,1
3,OrderStatus,1764751510.398221,730,1,1
1,NewOrder,1764751510.398374,24594,5,1
1,NewOrder,1764751510.398459,24664,0,1
2,Payment,1764751510.398612,19226,13,1
2,Payment,1764751510.398674,19347,6,1
2,Payment,1764751510.398955,18756,1,1
2,Payment,1764751510.404049,18001,3,1
2,Payment,1764751510.405540,27070,2,1
1,NewOrder,1764751510.405550,17470,8,1
2,Payment,1764751510.417728,33544,1,1
2,Payment,1764751510.417764,14718,11,1
2,Payment,1764751510.417773,14829,15,1
2,Payment,1764751510.417796,33500,14,1
1,NewOrder,1764751510.417814,22193,9,1
2,Payment,1764751510.417843,14627,13,1
1,NewOrder,1764751510.417926,26502,10,1
2,Payment,1764751510.417985,15035,4,1
2,Payment,1764751510.418025,19027,6,1
1,NewOrder,1764751510.418079,26330,7,1
4,Delivery,1764751510.418504,21502,12,1
1,NewOrder,1764751510.422061,19619,3,1
2,Payment,1764751510.422976,28338,5,1
1,NewOrder,1764751510.423026,28317,8,1
2,Payment,1764751510.423129,16963,0,1
2,Payment,1764751510.432483,18869,13,1
1,NewOrder,1764751510.432490,27294,11,1
1,NewOrder,1764751510.432605,50808,15,1
1,NewOrder,1764751510.432615,24310,2,1
2,Payment,1764751510.433025,37396,4,1
2,Payment,1764751510.437060,19825,6,1
1,NewOrder,1764751510.440015,38352,12,1
2,Payment,1764751510.440015,17132,9,1
1,NewOrder,1764751510.440096,24232,0,1
2,Payment,1764751510.441686,18012,3,1
2,Payment,1764751510.444417,33845,7,1
2,Payment,1764751510.444435,51188,10,1
5,StockLevel,1764751510.451293,19130,1,1
2,Payment,1764751510.451305,19108,14,1
2,Payment,1764751510.451320,37292,5,1
1,NewOrder,1764751510.451357,26968,13,1
2,Payment,1764751510.451593,18899,8,1
1,NewOrder,1764751510.456912,26427,6,1
1,NewOrder,1764751510.456932,21568,2,1
2,Payment,1764751510.457151,21537,9,1
2,Payment,1764751510.459705,18719,3,1
2,Payment,1764751510.459791,19631,11,1
1,NewOrder,1764751510.464336,18859,0,1
1,NewOrder,1764751510.470422,25227,14,1
2,Payment,1764751510.470430,32562,4,1
1,NewOrder,1764751510.470432,32054,1,1
3,OrderStatus,1764751510.470498,1095,8,1
4,Delivery,1764751510.471597,40725,8,1
2,Payment,1764751510.478273,17467,7,1
1,NewOrder,1764751510.478331,29409,13,1
2,Payment,1764751510.478373,17269,12,1
2,Payment,1764751510.478430,17344,3,1
1,NewOrder,1764751510.478502,24061,2,1
3,OrderStatus,1764751510.478693,3724,9,1
2,Payment,1764751510.479430,16249,11,1
2,Payment,1764751510.482426,29846,9,1
2,Payment,1764751510.483203,12469,0,1
2,Payment,1764751510.483345,28967,6,1
1,NewOrder,1764751510.483415,29882,15,1
1,NewOrder,1764751510.488625,19315,5,1
1,NewOrder,1764751510.495637,30334,10,1
1,NewOrder,1764751510.495650,24159,12,1
1,NewOrder,1764751510.495655,24146,14,1
1,NewOrder,1764751510.495677,29745,0,1
1,NewOrder,1764751510.495680,76586,11,1
1,NewOrder,1764751510.495746,29710,7,1
1,NewOrder,1764751510.495776,76485,3,1
2,Payment,1764751510.502496,17438,1,1
1,NewOrder,1764751510.502570,22812,2,1
1,NewOrder,1764751510.503001,72708,4,1
1,NewOrder,1764751510.507753,73225,13,1
5,StockLevel,1764751510.507946,17597,5,1
1,NewOrder,1764751510.512281,126496,9,1
2,Payment,1764751510.512321,59934,6,1
2,Payment,1764751510.512325,59919,8,1
4,Delivery,1764751510.513304,125534,15,1
2,Payment,1764751510.519814,55884,14,1
2,Payment,1764751510.519818,55897,12,1
1,NewOrder,1764751510.519940,61033,1,1
2,Payment,1764751510.525391,113364,2,1
1,NewOrder,1764751510.525429,113591,0,1
2,Payment,1764751510.525461,185634,7,1
1,NewOrder,1764751510.525552,113201,5,1
1,NewOrder,1764751510.525977,5295,10,1
2,Payment,1764751510.531278,107753,10,1
2,Payment,1764751510.572271,138894,3,1
1,NewOrder,1764751510.572272,210651,6,1
1,NewOrder,1764751510.572273,143151,8,1
1,NewOrder,1764751510.572274,215552,11,1
2,Payment,1764751510.575708,139159,14,1
1,NewOrder,1764751510.575715,212527,4,1
2,Payment,1764751510.575720,139095,12,1
1,NewOrder,1764751510.580985,216602,1,1
2,Payment,1764751510.580986,219580,13,1
1,NewOrder,1764751510.638770,144430,2,1
1,NewOrder,1764751510.638770,161962,5,1
2,Payment,1764751510.638783,144488,9,1
5,StockLevel,1764751510.638843,149538,15,1
2,Payment,1764751510.639025,144124,0,1
2,Payment,1764751510.639037,179503,10,1
2,Payment,1764751510.711113,86369,7,1
2,Payment,1764751510.711173,86438,3,1
1,NewOrder,1764751510.714821,103706,12,1
2,Payment,1764751510.714870,85634,14,1
2,Payment,1764751510.715430,85076,8,1
1,NewOrder,1764751510.782942,43037,6,1
2,Payment,1764751510.783157,38183,0,1
1,NewOrder,1764751510.783205,35543,2,1
1,NewOrder,1764751510.783274,36951,9,1
1,NewOrder,1764751510.787831,181486,11,1
1,NewOrder,1764751510.788247,31990,4,1
2,Payment,1764751510.788387,34429,15,1
2,Payment,1764751510.797495,22740,7,1
1,NewOrder,1764751510.797591,28390,1,1
2,Payment,1764751510.797619,22702,3,1
1,NewOrder,1764751510.800511,25622,14,1
1,NewOrder,1764751510.800512,176563,8,1
2,Payment,1764751510.800568,22032,13,1
1,NewOrder,1764751510.800738,168604,5,1
1,NewOrder,1764751510.818542,158772,12,1
1,NewOrder,1764751510.818549,158698,10,1
1,NewOrder,1764751510.818751,158955,2,1
2,Payment,1764751510.820230,174410,9,1
1,NewOrder,1764751510.820241,157146,7,1
2,Payment,1764751510.820243,156860,4,1
1,NewOrder,1764751510.820325,165284,3,1
5,StockLevel,1764751510.821346,155953,0,1
4,Delivery,1764751510.822606,163076,13,1
2,Payment,1764751510.822821,154400,15,1
2,Payment,1764751510.825986,151234,6,1
1,NewOrder,1764751510.825987,152084,1,1
2,Payment,1764751510.826139,301106,14,1
1,NewOrder,1764751510.969335,161163,11,1
1,NewOrder,1764751510.969350,157917,5,1
1,NewOrder,1764751510.977082,153780,8,1
1,NewOrder,1764751510.977109,153220,4,1
2,Payment,1764751510.977223,149980,6,1
1,NewOrder,1764751510.977229,153364,15,1
2,Payment,1764751510.977248,217980,10,1
1,NewOrder,1764751510.977306,217835,0,1
1,NewOrder,1764751510.977317,153220,12,1
1,NewOrder,1764751510.977390,153069,7,1
2,Payment,1764751510.977712,149525,2,1
2,Payment,1764751510.978077,223496,1,1
1,NewOrder,1764751510.985623,208695,3,1
1,NewOrder,1764751510.985684,209433,13,1
1,NewOrder,1764751510.994654,206881,9,1
1,NewOrder,1764751511.127220,86660,6,1
2,Payment,1764751511.127244,149077,2,1
3,OrderStatus,1764751511.127250,1384,14,1
2,Payment,1764751511.127274,74270,5,1
2,Payment,1764751511.128640,76273,14,1
2,Payment,1764751511.130335,145947,4,1
2,Payment,1764751511.130464,83419,7,1
1,NewOrder,1764751511.130504,83243,11,1
1,NewOrder,1764751511.130540,83505,12,1
2,Payment,1764751511.130599,145864,15,1
3,OrderStatus,1764751511.130867,1036,8,1
5,StockLevel,1764751511.131909,82038,8,1
1,NewOrder,1764751511.194336,81948,3,1
1,NewOrder,1764751511.195130,92839,13,1
2,Payment,1764751511.195151,81249,0,1
2,Payment,1764751511.195231,81108,10,1
1,NewOrder,1764751511.201546,103343,9,1
3,OrderStatus,1764751511.201551,12124,5,1
1,NewOrder,1764751511.201579,74701,1,1
1,NewOrder,1764751511.204920,91104,14,1
1,NewOrder,1764751511.213691,96976,5,1
2,Payment,1764751511.213754,82340,11,1
1,NewOrder,1764751511.213885,82561,6,1
5,StockLevel,1764751511.213888,82129,7,1
1,NewOrder,1764751511.213953,82094,8,1
1,NewOrder,1764751511.214049,82256,12,1
1,NewOrder,1764751511.276301,33967,1,1
2,Payment,1764751511.276301,24144,4,1
2,Payment,1764751511.276301,24104,3,1
4,Delivery,1764751511.276328,36170,2,1
2,Payment,1764751511.276341,24089,10,1
2,Payment,1764751511.276403,24070,0,1
1,NewOrder,1764751511.276469,8885,15,1
2,Payment,1764751511.285365,25003,15,1
2,Payment,1764751511.287981,22798,13,1
4,Delivery,1764751511.296030,39015,7,1
1,NewOrder,1764751511.296033,39043,14,1
1,NewOrder,1764751511.296052,32884,8,1
5,StockLevel,1764751511.296103,16318,11,1
2,Payment,1764751511.296311,53911,12,1
2,Payment,1764751511.296452,15884,6,1
2,Payment,1764751511.300413,16461,3,1
1,NewOrder,1764751511.300437,28404,10,1
1,NewOrder,1764751511.300447,28444,4,1
1,NewOrder,1764751511.300479,28704,0,1
1,NewOrder,1764751511.304897,27451,9,1
2,Payment,1764751511.310278,18535,1,1
1,NewOrder,1764751511.310375,28266,15,1
1,NewOrder,1764751511.310675,18149,5,1
2,Payment,1764751511.310785,18332,13,1
2,Payment,1764751511.312343,16509,6,1
1,NewOrder,1764751511.312427,43373,11,1
2,Payment,1764751511.312504,37876,2,1
2,Payment,1764751511.316883,15158,3,1
2,Payment,1764751511.328830,34154,1,1
1,NewOrder,1764751511.328832,28839,5,1
1,NewOrder,1764751511.328846,31284,10,1
1,NewOrder,1764751511.328857,26934,6,1
1,NewOrder,1764751511.328897,29217,4,1
1,NewOrder,1764751511.328942,29203,8,1
1,NewOrder,1764751511.329122,29011,13,1
2,Payment,1764751511.329189,20971,0,1
1,NewOrder,1764751511.332048,27844,3,1
2,Payment,1764751511.332353,17809,9,1
2,Payment,1764751511.335051,20777,7,1
1,NewOrder,1764751511.335081,24874,14,1
2,Payment,1764751511.338648,17166,15,1
2,Payment,1764751511.350177,12624,9,1
2,Payment,1764751511.350177,12802,0,1
1,NewOrder,1764751511.350228,30367,12,1
1,NewOrder,1764751511.350385,23611,2,1
2,Payment,1764751511.355805,14888,6,1
1,NewOrder,1764751511.355810,28186,11,1
2,Payment,1764751511.355834,28252,7,1
1,NewOrder,1764751511.355835,24874,15,1
5,StockLevel,1764751511.357678,13021,5,1
2,Payment,1764751511.358134,16202,4,1
1,NewOrder,1764751511.358139,30416,13,1
1,NewOrder,1764751511.358150,26017,8,1
2,Payment,1764751511.359900,12987,3,1
4,Delivery,1764751511.359961,20657,14,1
1,NewOrder,1764751511.360136,28097,10,1
1,NewOrder,1764751511.362808,25211,9,1
2,Payment,1764751511.362985,13571,0,1
2,Payment,1764751511.362990,13735,1,1
1,NewOrder,1764751511.370705,22494,6,1
2,Payment,1764751511.370707,17292,5,1
2,Payment,1764751511.372894,11318,3,1
1,NewOrder,1764751511.374001,23962,2,1
1,NewOrder,1764751511.374342,18671,4,1
2,Payment,1764751511.376564,11473,0,1
1,NewOrder,1764751511.376731,21598,1,1
1,NewOrder,1764751511.380605,29481,12,1
1,NewOrder,1764751511.380625,4779,14,1
4,Delivery,1764751511.380717,40746,15,1
2,Payment,1764751511.384003,15349,11,1
1,NewOrder,1764751511.384088,19727,7,1
1,NewOrder,1764751511.384173,19631,8,1
1,NewOrder,1764751511.384215,16255,3,1
2,Payment,1764751511.385409,12927,14,1
2,Payment,1764751511.388009,12623,5,1
2,Payment,1764751511.388025,16076,9,1
1,NewOrder,1764751511.388043,26396,0,1
2,Payment,1764751511.388238,28296,10,1
1,NewOrder,1764751511.388562,21424,13,1
2,Payment,1764751511.393020,21449,4,1
1,NewOrder,1764751511.393206,21086,6,1
2,Payment,1764751511.397973,16118,2,1
2,Payment,1764751511.398335,34939,1,1
1,NewOrder,1764751511.398342,35603,14,1
1,NewOrder,1764751511.399358,25314,11,1
1,NewOrder,1764751511.400475,32819,3,1
2,Payment,1764751511.400635,23986,5,1
1,NewOrder,1764751511.403813,29560,8,1
2,Payment,1764751511.403821,12796,7,1
1,NewOrder,1764751511.404109,20401,9,1
3,OrderStatus,1764751511.409999,1558,13,1
2,Payment,1764751511.410096,14641,12,1
1,NewOrder,1764751511.411563,21635,13,1
2,Payment,1764751511.414100,35818,2,1
1,NewOrder,1764751511.414298,26601,6,1
5,StockLevel,1764751511.414446,10244,0,1
2,Payment,1764751511.414475,26354,4,1
1,NewOrder,1764751511.416539,24276,10,1
2,Payment,1764751511.416623,16559,7,1
2,Payment,1764751511.421475,11868,15,1
1,NewOrder,1764751511.424521,16338,9,1
1,NewOrder,1764751511.424628,25247,5,1
2,Payment,1764751511.424678,16088,11,1
2,Payment,1764751511.424699,16073,0,1
1,NewOrder,1764751511.424740,29820,12,1
4,Delivery,1764751511.433192,35045,7,1
1,NewOrder,1764751511.433204,4991,13,1
2,Payment,1764751511.433279,34706,1,1
5,StockLevel,1764751511.433302,16668,3,1
2,Payment,1764751511.433349,16664,15,1
2,Payment,1764751511.433379,16496,8,1
1,NewOrder,1764751511.433950,30571,14,1
3,OrderStatus,1764751511.438200,16375,13,1
1,NewOrder,1764751511.440773,27212,11,1
3,OrderStatus,1764751511.440778,4939,0,1
3,OrderStatus,1764751511.440820,13803,10,1
2,Payment,1764751511.440832,19202,4,1
2,Payment,1764751511.440861,19083,9,1
2,Payment,1764751511.440902,18990,6,1
1,NewOrder,1764751511.445728,27927,0,1
2,Payment,1764751511.449885,25987,5,1
1,NewOrder,1764751511.449885,27186,8,1
2,Payment,1764751511.449924,35353,2,1
2,Payment,1764751511.449976,18006,3,1
2,Payment,1764751511.450016,17958,15,1
1,NewOrder,1764751511.454571,24620,12,1
1,NewOrder,1764751511.454584,22567,13,1
2,Payment,1764751511.454627,37157,10,1
1,NewOrder,1764751511.459900,27934,6,1
2,Payment,1764751511.459949,15820,9,1
1,NewOrder,1764751511.460036,27729,4,1
1,NewOrder,1764751511.464531,27380,14,1
1,NewOrder,1764751511.467984,32952,15,1
2,Payment,1764751511.467989,17082,3,1
2,Payment,1764751511.467990,17185,11,1
3,OrderStatus,1764751511.467993,5472,1,1
1,NewOrder,1764751511.468313,26344,7,1
5,StockLevel,1764751511.473474,14486,1,1
2,Payment,1764751511.473678,18448,0,1
2,Payment,1764751511.475787,29035,9,1
1,NewOrder,1764751511.475879,29090,5,1
2,Payment,1764751511.477077,15151,8,1
4,Delivery,1764751511.477156,38334,13,1
1,NewOrder,1764751511.479197,32790,12,1
1,NewOrder,1764751511.485080,26877,3,1
1,NewOrder,1764751511.485182,26901,11,1
1,NewOrder,1764751511.485282,30018,2,1
2,Payment,1764751511.487772,17714,4,1
1,NewOrder,1764751511.487840,24094,6,1
1,NewOrder,1764751511.487967,24430,1,1
2,Payment,1764751511.491791,26559,10,1
5,StockLevel,1764751511.491915,20436,14,1
4,Delivery,1764751511.492132,45439,0,1
1,NewOrder,1764751511.492234,12853,8,1
1,NewOrder,1764751511.494665,26990,7,1
2,Payment,1764751511.500955,11060,15,1
2,Payment,1764751511.504829,27119,9,1
2,Payment,1764751511.504973,13323,5,1
2,Payment,1764751511.505124,13060,8,1
1,NewOrder,1764751511.505492,32009,4,1
1,NewOrder,1764751511.511947,15914,6,1
3,OrderStatus,1764751511.511965,10251,3,1
1,NewOrder,1764751511.511990,20922,12,1
2,Payment,1764751511.512017,14759,15,1
1,NewOrder,1764751511.512085,31857,11,1
1,NewOrder,1764751511.512367,22786,14,1
2,Payment,1764751511.512399,12854,1,1
1,NewOrder,1764751511.515308,35458,2,1
4,Delivery,1764751511.515496,39491,13,1
1,NewOrder,1764751511.518191,25805,8,1
1,NewOrder,1764751511.518303,29053,5,1
1,NewOrder,1764751511.518353,26144,10,1
2,Payment,1764751511.521663,13552,7,1
1,NewOrder,1764751511.522222,32644,3,1
3,OrderStatus,1764751511.525266,10337,1,1
1,NewOrder,1764751511.526783,20237,15,1
2,Payment,1764751511.527868,19326,6,1
2,Payment,1764751511.531960,12463,9,1
2,Payment,1764751511.532921,14303,12,1
2,Payment,1764751511.535162,12331,14,1
2,Payment,1764751511.535224,27493,7,1
4,Delivery,1764751511.535609,27050,1,1
2,Payment,1764751511.537509,13295,4,1
1,NewOrder,1764751511.537577,26384,0,1
2,Payment,1764751511.543956,13803,11,1
3,OrderStatus,1764751511.544005,1362,8,1
1,NewOrder,1764751511.544429,24276,9,1
3,OrderStatus,1764751511.544503,10722,10,1
2,Payment,1764751511.545372,17473,8,1
3,OrderStatus,1764751511.547026,10886,15,1
2,Payment,1764751511.547200,32626,6,1
2,Payment,1764751511.547231,16694,12,1
1,NewOrder,1764751511.547363,28385,5,1
2,Payment,1764751511.547499,15342,14,1
1,NewOrder,1764751511.550774,29093,2,1
3,OrderStatus,1764751511.550806,4478,4,1
2,Payment,1764751511.554875,13835,3,1
1,NewOrder,1764751511.554993,16833,13,1
1,NewOrder,1764751511.555231,18138,10,1
1,NewOrder,1764751511.555290,25263,4,1
1,NewOrder,1764751511.557765,22111,11,1
1,NewOrder,1764751511.557915,26432,15,1
2,Payment,1764751511.562666,17221,1,1
2,Payment,1764751511.562720,33854,7,1
1,NewOrder,1764751511.562848,17819,14,1
1,NewOrder,1764751511.562851,24652,8,1
2,Payment,1764751511.563932,16288,12,1
5,StockLevel,1764751511.563969,11791,0,1
2,Payment,1764751511.568718,11822,9,1
2,Payment,1764751511.568719,11886,3,1
1,NewOrder,1764751511.571832,33032,13,1
5,StockLevel,1764751511.573375,13880,10,1
1,NewOrder,1764751511.575754,25699,5,1
2,Payment,1764751511.575767,11445,0,1
2,Payment,1764751511.579835,25231,6,1
5,StockLevel,1764751511.579874,12949,2,1
1,NewOrder,1764751511.579882,28157,11,1
1,NewOrder,1764751511.579893,15248,1,1
2,Payment,1764751511.580229,14883,12,1
1,NewOrder,1764751511.580545,24432,9,1
2,Payment,1764751511.580560,14416,4,1
4,Delivery,1764751511.580611,43747,3,1
4,Delivery,1764751511.580673,20781,14,1
1,NewOrder,1764751511.584354,28273,15,1
1,NewOrder,1764751511.587220,26469,0,1
4,Delivery,1764751511.587260,37050,10,1
2,Payment,1764751511.587509,13821,8,1
1,NewOrder,1764751511.592830,31552,2,1
3,OrderStatus,1764751511.594981,3198,4,1
1,NewOrder,1764751511.595117,20718,12,1
3,OrderStatus,1764751511.595171,9735,1,1
2,Payment,1764751511.596581,22868,7,1
1,NewOrder,1764751511.598188,27337,4,1
1,NewOrder,1764751511.601337,22955,8,1
2,Payment,1764751511.601461,12189,14,1
1,NewOrder,1764751511.601463,17943,5,1
2,Payment,1764751511.604871,19495,13,1
1,NewOrder,1764751511.604914,20930,1,1
2,Payment,1764751511.604984,10862,9,1
1,NewOrder,1764751511.605074,26838,6,1
1,NewOrder,1764751511.608048,23865,11,1
1,NewOrder,1764751511.612636,19332,15,1
2,Payment,1764751511.613658,12284,14,1
2,Payment,1764751511.613695,13008,0,1
2,Payment,1764751511.615841,23276,12,1
2,Payment,1764751511.615852,10883,9,1
5,StockLevel,1764751511.619412,12589,5,1
4,Delivery,1764751511.619455,34050,7,1
1,NewOrder,1764751511.624298,17689,8,1
2,Payment,1764751511.624316,29139,10,1
1,NewOrder,1764751511.624364,17563,3,1
1,NewOrder,1764751511.624372,20269,13,1
2,Payment,1764751511.624384,14735,2,1
1,NewOrder,1764751511.625533,24338,4,1
2,Payment,1764751511.625850,24280,1,1
2,Payment,1764751511.625948,13257,14,1
1,NewOrder,1764751511.626709,26745,0,1
2,Payment,1764751511.626741,12665,9,1
1,NewOrder,1764751511.631921,21652,6,1
4,Delivery,1764751511.631922,38605,11,1
5,StockLevel,1764751511.631971,12664,15,1
2,Payment,1764751511.632007,12683,5,1
4,Delivery,1764751511.639126,20047,12,1
2,Payment,1764751511.639127,24830,2,1
2,Payment,1764751511.639207,10666,14,1
1,NewOrder,1764751511.639412,19532,9,1
2,Payment,1764751511.641935,11687,3,1
1,NewOrder,1764751511.641993,21966,8,1
2,Payment,1764751511.644641,32893,15,1
1,NewOrder,1764751511.644647,19853,13,1
2,Payment,1764751511.644696,11154,5,1
3,OrderStatus,1764751511.649880,9114,4,1
2,Payment,1764751511.649881,14106,14,1
1,NewOrder,1764751511.650136,24173,1,1
2,Payment,1764751511.653461,10504,0,1
5,StockLevel,1764751511.653473,10516,10,1
2,Payment,1764751511.653511,10670,7,1
1,NewOrder,1764751511.653580,20713,6,1
1,NewOrder,1764751511.653625,20755,3,1
5,StockLevel,1764751511.655857,14633,5,1
5,StockLevel,1764751511.658950,18560,9,1
1,NewOrder,1764751511.658999,25422,4,1
2,Payment,1764751511.659177,18339,12,1
1,NewOrder,1764751511.663968,20349,2,1
2,Payment,1764751511.663969,13599,8,1
1,NewOrder,1764751511.663972,23923,0,1
5,StockLevel,1764751511.663994,13498,14,1
2,Payment,1764751511.663995,16182,10,1
2,Payment,1764751511.664187,15996,7,1
2,Payment,1764751511.664506,26465,13,1
2,Payment,1764751511.670502,14000,5,1
2,Payment,1764751511.670534,13831,11,1
1,NewOrder,1764751511.674302,21842,6,1
1,NewOrder,1764751511.674316,25303,1,1
1,NewOrder,1764751511.674387,29466,3,1
1,NewOrder,1764751511.677499,22189,14,1
1,NewOrder,1764751511.677517,29571,9,1
1,NewOrder,1764751511.677522,26370,12,1
1,NewOrder,1764751511.677540,29679,15,1
1,NewOrder,1764751511.677574,26337,8,1
2,Payment,1764751511.680183,13574,10,1
1,NewOrder,1764751511.680188,23663,7,1
2,Payment,1764751511.684324,11795,2,1
1,NewOrder,1764751511.684371,26927,11,1
2,Payment,1764751511.684427,22718,4,1
2,Payment,1764751511.684505,11603,5,1
2,Payment,1764751511.687902,11712,0,1
5,StockLevel,1764751511.690977,12899,13,1
1,NewOrder,1764751511.693782,19931,10,1
1,NewOrder,1764751511.696115,17670,5,1
2,Payment,1764751511.696124,11229,2,1
1,NewOrder,1764751511.696147,25870,6,1
2,Payment,1764751511.699624,14116,0,1
2,Payment,1764751511.699626,21991,1,1
2,Payment,1764751511.699691,16288,14,1
1,NewOrder,1764751511.703860,20103,7,1
2,Payment,1764751511.703861,11955,3,1
1,NewOrder,1764751511.703882,25797,13,1
1,NewOrder,1764751511.703895,20003,12,1
1,NewOrder,1764751511.703912,25826,8,1
1,NewOrder,1764751511.707096,33584,9,1
1,NewOrder,1764751511.707152,16784,4,1
2,Payment,1764751511.707227,28253,15,1
1,NewOrder,1764751511.707359,25864,2,1
1,NewOrder,1764751511.711306,22096,11,1
1,NewOrder,1764751511.713721,19444,10,1
2,Payment,1764751511.713747,10257,0,1
2,Payment,1764751511.713790,15887,5,1
1,NewOrder,1764751511.715836,17407,3,1
1,NewOrder,1764751511.715986,19482,14,1
2,Payment,1764751511.721625,11656,1,1
2,Payment,1764751511.722022,13787,6,1
2,Payment,1764751511.723905,11698,12,1
2,Payment,1764751511.723938,24761,4,1
2,Payment,1764751511.723965,24727,7,1
1,NewOrder,1764751511.724009,24943,0,1
1,NewOrder,1764751511.729685,23785,5,1
2,Payment,1764751511.729686,19101,13,1
1,NewOrder,1764751511.729750,26743,8,1
1,NewOrder,1764751511.733173,18271,10,1
2,Payment,1764751511.733224,15682,2,1
4,Delivery,1764751511.733251,39292,3,1
1,NewOrder,1764751511.733286,20164,1,1
2,Payment,1764751511.733408,15732,11,1
1,NewOrder,1764751511.735474,18026,14,1
2,Payment,1764751511.735487,15924,15,1
1,NewOrder,1764751511.735609,20902,12,1
1,NewOrder,1764751511.735814,27517,6,1
2,Payment,1764751511.740693,12817,9,1
2,Payment,1764751511.748704,14643,7,1
2,Payment,1764751511.748707,14673,4,1
2,Payment,1764751511.748791,14546,13,1
2,Payment,1764751511.748911,14422,2,1
1,NewOrder,1764751511.748955,16574,0,1
1,NewOrder,1764751511.749146,23108,11,1
5,StockLevel,1764751511.751417,13965,15,1
3,OrderStatus,1764751511.751450,1089,10,1
2,Payment,1764751511.752544,27708,10,1
2,Payment,1764751511.753456,21338,1,1
2,Payment,1764751511.753476,34407,5,1
1,NewOrder,1764751511.753506,18978,14,1
2,Payment,1764751511.753516,12014,9,1
2,Payment,1764751511.756498,11795,8,1
1,NewOrder,1764751511.756517,31291,12,1
2,Payment,1764751511.763339,11406,6,1
1,NewOrder,1764751511.763340,17014,2,1
1,NewOrder,1764751511.763342,19319,13,1
2,Payment,1764751511.763353,24425,7,1
2,Payment,1764751511.763382,13938,4,1
4,Delivery,1764751511.765389,34390,15,1
5,StockLevel,1764751511.765533,11866,0,1
1,NewOrder,1764751511.765536,20233,9,1
1,NewOrder,1764751511.768303,31532,8,1
1,NewOrder,1764751511.772295,27502,11,1
5,StockLevel,1764751511.772490,10195,14,1
2,Payment,1764751511.772549,15242,3,1
5,StockLevel,1764751511.774752,13022,6,1
1,NewOrder,1764751511.774800,6315,1,1
1,NewOrder,1764751511.777327,32862,4,1
1,NewOrder,1764751511.777406,22586,0,1
1,NewOrder,1764751511.780267,27872,10,1
1,NewOrder,1764751511.780361,23005,2,1
1,NewOrder,1764751511.781120,22126,1,1
4,Delivery,1764751511.782668,30255,13,1
1,NewOrder,1764751511.782687,17234,14,1
2,Payment,1764751511.785775,16205,9,1
2,Payment,1764751511.787781,14206,6,1
1,NewOrder,1764751511.787785,25087,7,1
2,Payment,1764751511.787797,14215,3,1
1,NewOrder,1764751511.787889,24981,5,1
2,Payment,1764751511.787925,14052,12,1
2,Payment,1764751511.799794,13008,15,1
2,Payment,1764751511.799806,23989,11,1
1,NewOrder,1764751511.799841,24007,8,1
2,Payment,1764751511.799927,26313,14,1
4,Delivery,1764751511.799995,41873,0,1
1,NewOrder,1764751511.801983,24397,12,1
1,NewOrder,1764751511.801986,21830,9,1
1,NewOrder,1764751511.801992,28236,6,1
2,Payment,1764751511.802018,14288,3,1
2,Payment,1764751511.803252,26744,1,1
2,Payment,1764751511.803374,12951,2,1
4,Delivery,1764751511.808364,50786,10,1
1,NewOrder,1764751511.810197,20112,4,1
2,Payment,1764751511.812837,29993,15,1
1,NewOrder,1764751511.812878,20677,5,1
2,Payment,1764751511.812879,13377,7,1
1,NewOrder,1764751511.812929,44180,13,1
2,Payment,1764751511.816314,13787,3,1
1,NewOrder,1764751511.816331,29155,2,1
1,NewOrder,1764751511.823806,27065,11,1
1,NewOrder,1764751511.823823,48441,9,1
2,Payment,1764751511.823855,14591,8,1
4,Delivery,1764751511.826247,36956,14,1
1,NewOrder,1764751511.826263,45695,7,1
2,Payment,1764751511.826386,15552,12,1
1,NewOrder,1764751511.830007,33108,1,1
2,Payment,1764751511.830108,15529,3,1
1,NewOrder,1764751511.830234,25770,6,1
1,NewOrder,1764751511.830316,33753,4,1
2,Payment,1764751511.833570,11910,5,1
2,Payment,1764751511.838467,17459,8,1
1,NewOrder,1764751511.841880,26508,0,1
1,NewOrder,1764751511.841940,22055,12,1
1,NewOrder,1764751511.842838,32249,15,1
1,NewOrder,1764751511.845493,22889,5,1
4,Delivery,1764751511.845496,50772,2,1
2,Payment,1764751511.845644,17513,3,1
1,NewOrder,1764751511.850882,28847,11,1
1,NewOrder,1764751511.855938,45038,8,1
2,Payment,1764751511.856015,16361,6,1
1,NewOrder,1764751511.857119,43766,13,1
1,NewOrder,1764751511.859158,36563,10,1
1,NewOrder,1764751511.863124,37809,1,1
4,Delivery,1764751511.863165,121239,3,1
2,Payment,1764751511.863210,20112,14,1
5,StockLevel,1764751511.864003,20388,12,1
3,OrderStatus,1764751511.864077,11048,4,1
2,Payment,1764751511.868392,16161,5,1
2,Payment,1764751511.868396,16082,0,1
1,NewOrder,1764751511.871966,105882,7,1
1,NewOrder,1764751511.872272,28633,9,1
5,StockLevel,1764751511.872379,19036,6,1
5,StockLevel,1764751511.875097,20587,15,1
1,NewOrder,1764751511.875133,102869,4,1
3,OrderStatus,1764751511.879744,3779,11,1
1,NewOrder,1764751511.883336,94678,14,1
1,NewOrder,1764751511.883532,94307,11,1
1,NewOrder,1764751511.884398,93442,12,1
2,Payment,1764751511.884485,16484,0,1
1,NewOrder,1764751511.884556,93613,5,1
3,OrderStatus,1764751511.891424,12626,6,1
4,Delivery,1764751511.895694,88881,15,1
1,NewOrder,1764751511.895728,88809,10,1
2,Payment,1764751511.896275,81676,2,1
2,Payment,1764751511.900897,83277,13,1
2,Payment,1764751511.900914,83524,9,1
1,NewOrder,1764751511.900943,116133,1,1
1,NewOrder,1764751511.900972,116124,0,1
1,NewOrder,1764751511.900983,107679,8,1
5,StockLevel,1764751511.904059,75612,6,1
1,NewOrder,1764751511.977856,39582,7,1
1,NewOrder,1764751511.977856,84757,11,1
1,NewOrder,1764751511.977856,39362,12,1
5,StockLevel,1764751511.977954,39477,2,1
2,Payment,1764751511.978005,39064,4,1
1,NewOrder,1764751511.978018,39018,14,1
1,NewOrder,1764751511.978173,93706,5,1
3,OrderStatus,1764751511.979677,1442,6,1
1,NewOrder,1764751511.981124,90771,6,1
2,Payment,1764751511.984181,33040,13,1
3,OrderStatus,1764751511.984411,19203,3,1
1,NewOrder,1764751511.984444,37554,9,1
1,NewOrder,1764751511.984541,32926,10,1
1,NewOrder,1764751511.984581,32621,15,1
1,NewOrder,1764751512.003628,68348,3,1
2,Payment,1764751512.008676,53911,8,1
2,Payment,1764751512.017051,56246,14,1
2,Payment,1764751512.017078,57369,4,1
1,NewOrder,1764751512.017082,56436,1,1
1,NewOrder,1764751512.017103,77155,0,1
2,Payment,1764751512.017208,85370,15,1
2,Payment,1764751512.017225,56160,12,1
1,NewOrder,1764751512.017227,56216,13,1
1,NewOrder,1764751512.017437,56634,2,1
1,NewOrder,1764751512.017443,72320,7,1
1,NewOrder,1764751512.017468,72241,10,1
2,Payment,1764751512.022010,51301,9,1
3,OrderStatus,1764751512.062604,27099,8,1
2,Payment,1764751512.062623,31587,11,1
1,NewOrder,1764751512.071899,30711,5,1
2,Payment,1764751512.071905,30830,6,1
1,NewOrder,1764751512.071981,31103,3,1
1,NewOrder,1764751512.073304,29553,14,1
2,Payment,1764751512.073317,29273,9,1
2,Payment,1764751512.073391,29987,12,1
1,NewOrder,1764751512.073447,31594,13,1
1,NewOrder,1764751512.073524,60126,1,1
2,Payment,1764751512.074077,28464,2,1
1,NewOrder,1764751512.074457,28369,4,1
1,NewOrder,1764751512.089717,22551,8,1
2,Payment,1764751512.089717,37012,10,1
3,OrderStatus,1764751512.089769,13139,7,1
1,NewOrder,1764751512.094216,32361,11,1
1,NewOrder,1764751512.094264,32386,0,1
2,Payment,1764751512.102555,24055,2,1
1,NewOrder,1764751512.102586,40592,15,1
3,OrderStatus,1764751512.102599,18832,9,1
1,NewOrder,1764751512.102611,30932,5,1
2,Payment,1764751512.102741,23993,6,1
2,Payment,1764751512.102828,23798,4,1
4,Delivery,1764751512.102862,30800,14,1
2,Payment,1764751512.102914,40292,7,1
1,NewOrder,1764751512.103089,30480,3,1
1,NewOrder,1764751512.103386,30199,12,1
2,Payment,1764751512.105047,21619,13,1
5,StockLevel,1764751512.112282,21237,8,1
1,NewOrder,1764751512.121446,30655,9,1
2,Payment,1764751512.126589,16693,11,1
1,NewOrder,1764751512.126620,37924,2,1
2,Payment,1764751512.126633,16527,4,1
1,NewOrder,1764751512.126657,37889,0,1
1,NewOrder,1764751512.126676,44369,13,1
1,NewOrder,1764751512.126734,37865,10,1
4,Delivery,1764751512.126741,44311,6,1
1,NewOrder,1764751512.133533,31130,8,1
2,Payment,1764751512.133552,37499,5,1
1,NewOrder,1764751512.133573,40403,3,1
1,NewOrder,1764751512.133592,92675,12,1
4,Delivery,1764751512.133653,40307,1,1
2,Payment,1764751512.133669,18083,14,1
1,NewOrder,1764751512.143174,31136,4,1
2,Payment,1764751512.143188,30862,15,1
2,Payment,1764751512.143213,27837,7,1
1,NewOrder,1764751512.143285,30847,11,1
4,Delivery,1764751512.151763,28847,14,1
1,NewOrder,1764751512.152109,28349,9,1
4,Delivery,1764751512.164557,65529,2,1
2,Payment,1764751512.164558,15999,0,1
2,Payment,1764751512.164605,18888,10,1
1,NewOrder,1764751512.164672,47115,8,1
1,NewOrder,1764751512.171052,95637,13,1
2,Payment,1764751512.171058,59040,7,1
1,NewOrder,1764751512.171060,54756,5,1
2,Payment,1764751512.171060,26243,6,1
2,Payment,1764751512.173971,23160,1,1
1,NewOrder,1764751512.173983,52097,3,1
2,Payment,1764751512.174057,22999,15,1
1,NewOrder,1764751512.174136,37647,11,1
4,Delivery,1764751512.174315,55841,4,1
5,StockLevel,1764751512.180471,16574,9,1
1,NewOrder,1764751512.180559,45492,0,1
1,NewOrder,1764751512.180618,49790,14,1
2,Payment,1764751512.183502,28284,10,1
1,NewOrder,1764751512.197069,35341,15,1
1,NewOrder,1764751512.197069,46988,9,1
2,Payment,1764751512.197138,33355,1,1
1,NewOrder,1764751512.197310,69282,6,1
2,Payment,1764751512.211801,19190,8,1
1,NewOrder,1764751512.211801,27975,10,1
5,StockLevel,1764751512.211801,27982,11,1
1,NewOrder,1764751512.225833,112964,5,1
1,NewOrder,1764751512.226062,40531,0,1
1,NewOrder,1764751512.226090,112616,3,1
2,Payment,1764751512.226273,40791,12,1
2,Payment,1764751512.230098,117489,2,1
2,Payment,1764751512.230106,36512,7,1
2,Payment,1764751512.230166,36499,4,1
2,Payment,1764751512.230415,36222,14,1
2,Payment,1764751512.230496,36383,1,1
1,NewOrder,1764751512.230997,116691,8,1
2,Payment,1764751512.232416,115095,15,1
2,Payment,1764751512.239792,98913,10,1
1,NewOrder,1764751512.239793,107707,11,1
1,NewOrder,1764751512.244072,119207,9,1
2,Payment,1764751512.266611,80965,6,1
1,NewOrder,1764751512.266612,81109,0,1
5,StockLevel,1764751512.266625,80941,7,1
1,NewOrder,1764751512.266643,81251,14,1
2,Payment,1764751512.266672,80831,4,1
2,Payment,1764751512.266691,80991,13,1
1,NewOrder,1764751512.266883,88285,1,1
1,NewOrder,1764751512.267069,80530,12,1
1,NewOrder,1764751512.338723,29260,10,1
2,Payment,1764751512.338724,21770,3,1
1,NewOrder,1764751512.338801,95805,5,1
2,Payment,1764751512.347517,17995,4,1
2,Payment,1764751512.347517,17939,11,1
2,Payment,1764751512.347518,15577,15,1
5,StockLevel,1764751512.347568,15621,7,1
1,NewOrder,1764751512.347579,266614,6,1
3,OrderStatus,1764751512.347590,3575,2,1
3,OrderStatus,1764751512.347600,15454,12,1
1,NewOrder,1764751512.347688,266581,13,1
1,NewOrder,1764751512.347707,265133,8,1
3,OrderStatus,1764751512.347723,15343,0,1
1,NewOrder,1764751512.347896,290346,14,1
2,Payment,1764751512.351172,16811,2,1
1,NewOrder,1764751512.355178,282034,1,1
2,Payment,1764751512.360506,252466,3,1
1,NewOrder,1764751512.363065,269123,12,1
1,NewOrder,1764751512.363074,274094,0,1
1,NewOrder,1764751512.363101,274184,15,1
2,Payment,1764751512.363195,268802,7,1
2,Payment,1764751512.363285,249657,9,1
1,NewOrder,1764751512.365464,271989,11,1
1,NewOrder,1764751512.365515,273507,4,1
2,Payment,1764751512.367994,307796,10,1
1,NewOrder,1764751512.367995,269176,2,1
2,Payment,1764751512.434624,202662,5,1
2,Payment,1764751512.612857,30342,8,1
2,Payment,1764751512.612952,30260,9,1
1,NewOrder,1764751512.612978,62153,3,1
1,NewOrder,1764751512.614198,61770,6,1
2,Payment,1764751512.614272,28959,13,1
2,Payment,1764751512.632007,23965,7,1
1,NewOrder,1764751512.632194,17406,12,1
2,Payment,1764751512.637175,37875,0,1
4,Delivery,1764751512.637178,85704,2,1
2,Payment,1764751512.637218,38748,1,1
2,Payment,1764751512.637291,37700,15,1
2,Payment,1764751512.637293,37661,5,1
1,NewOrder,1764751512.637457,66067,11,1
1,NewOrder,1764751512.638248,65292,14,1
1,NewOrder,1764751512.639028,184357,4,1
1,NewOrder,1764751512.643207,79682,8,1
3,OrderStatus,1764751512.643218,32443,9,1
2,Payment,1764751512.643236,32203,13,1
1,NewOrder,1764751512.649605,108304,12,1
2,Payment,1764751512.655983,66923,7,1
3,OrderStatus,1764751512.674970,27844,5,1
3,OrderStatus,1764751512.674999,899,15,1
2,Payment,1764751512.675065,82904,0,1
1,NewOrder,1764751512.675137,148193,3,1
1,NewOrder,1764751512.675445,82494,13,1
2,Payment,1764751512.675667,82300,9,1
1,NewOrder,1764751512.675795,179025,10,1
4,Delivery,1764751512.675902,82026,15,1
1,NewOrder,1764751512.675972,81965,1,1
2,Payment,1764751512.675973,175250,6,1
2,Payment,1764751512.702825,120344,5,1
1,NewOrder,1764751512.703534,119697,11,1
2,Payment,1764751512.703577,119564,14,1
5,StockLevel,1764751512.722899,123538,2,1
1,NewOrder,1764751512.722907,131804,8,1
1,NewOrder,1764751512.722922,131853,7,1
1,NewOrder,1764751512.757924,97089,12,1
1,NewOrder,1764751512.757936,133207,15,1
5,StockLevel,1764751512.757943,96728,1,1
2,Payment,1764751512.757945,97100,13,1
1,NewOrder,1764751512.757973,137828,9,1
1,NewOrder,1764751512.757975,132958,0,1
2,Payment,1764751512.823162,67928,14,1
1,NewOrder,1764751512.823179,67963,5,1
2,Payment,1764751512.823236,67597,11,1
2,Payment,1764751512.823336,67505,3,1
2,Payment,1764751512.823389,67974,4,1
2,Payment,1764751512.846451,48081,2,1
2,Payment,1764751512.851234,64984,6,1
1,NewOrder,1764751512.854680,368511,1,1
5,StockLevel,1764751512.854714,61603,8,1
1,NewOrder,1764751512.854783,368506,7,1
1,NewOrder,1764751512.854826,368177,10,1
4,Delivery,1764751512.855018,61379,12,1
2,Payment,1764751512.855050,62935,13,1
1,NewOrder,1764751512.890850,334918,11,1
2,Payment,1764751512.890850,332033,3,1
2,Payment,1764751512.890939,332132,0,1
1,NewOrder,1764751512.891104,334995,14,1
1,NewOrder,1764751512.891147,423601,5,1
2,Payment,1764751512.891150,331731,15,1
1,NewOrder,1764751512.891367,334987,4,1
1,NewOrder,1764751512.894542,419047,2,1
1,NewOrder,1764751512.895810,417826,9,1
1,NewOrder,1764751512.916233,397407,6,1
2,Payment,1764751512.916319,376289,8,1
1,NewOrder,1764751512.916405,397150,12,1
5,StockLevel,1764751512.917992,395680,13,1
1,NewOrder,1764751513.222899,94245,15,1
2,Payment,1764751513.222899,94246,3,1
1,NewOrder,1764751513.223008,94518,10,1
2,Payment,1764751513.223076,93662,0,1
2,Payment,1764751513.223196,93729,1,1
1,NewOrder,1764751513.223294,94634,7,1
2,Payment,1764751513.225773,91138,11,1
2,Payment,1764751513.226104,90955,14,1
2,Payment,1764751513.226359,90785,4,1
1,NewOrder,1764751513.292624,6454,8,1
1,NewOrder,1764751513.299086,35064,8,1
1,NewOrder,1764751513.313571,55780,12,1
2,Payment,1764751513.313598,25267,2,1
2,Payment,1764751513.313638,25111,9,1
1,NewOrder,1764751513.313643,24928,6,1
1,NewOrder,1764751513.313673,76094,13,1
4,Delivery,1764751513.314754,75324,5,1
1,NewOrder,1764751513.316744,73024,0,1
2,Payment,1764751513.316917,72858,11,1
3,OrderStatus,1764751513.316931,22560,1,1
1,NewOrder,1764751513.317064,72911,14,1
2,Payment,1764751513.317147,52222,15,1
1,NewOrder,1764751513.317149,72673,4,1
2,Payment,1764751513.317150,21424,3,1
1,NewOrder,1764751513.317531,72286,10,1
1,NewOrder,1764751513.317933,72097,7,1
1,NewOrder,1764751513.334177,79510,8,1
1,NewOrder,1764751513.338587,71339,6,1
4,Delivery,1764751513.338588,51423,3,1
2,Payment,1764751513.338753,51161,9,1
1,NewOrder,1764751513.338871,50997,2,1
3,OrderStatus,1764751513.339495,24603,1,1
2,Payment,1764751513.364114,45252,1,1
2,Payment,1764751513.369364,40029,12,1
2,Payment,1764751513.369377,40051,15,1
1,NewOrder,1764751513.389785,36895,11,1
2,Payment,1764751513.389786,33754,0,1
2,Payment,1764751513.389787,36867,13,1
1,NewOrder,1764751513.389822,36777,10,1
1,NewOrder,1764751513.389824,33713,4,1
1,NewOrder,1764751513.389870,43246,2,1
1,NewOrder,1764751513.389916,33880,9,1
1,NewOrder,1764751513.389981,41455,14,1
3,OrderStatus,1764751513.390023,9488,3,1
2,Payment,1764751513.390033,33575,7,1
4,Delivery,1764751513.390080,41414,5,1
1,NewOrder,1764751513.399526,27158,3,1
1,NewOrder,1764751513.409382,29964,1,1
1,NewOrder,1764751513.409401,22035,12,1
1,NewOrder,1764751513.409432,22058,15,1
1,NewOrder,1764751513.409931,90066,6,1
2,Payment,1764751513.413693,17778,8,1
2,Payment,1764751513.423550,19024,4,1
1,NewOrder,1764751513.423550,24246,0,1
1,NewOrder,1764751513.423615,24168,7,1
1,NewOrder,1764751513.423800,23979,9,1
2,Payment,1764751513.426606,15870,10,1
1,NewOrder,1764751513.426660,55969,13,1
2,Payment,1764751513.426686,15839,11,1
1,NewOrder,1764751513.426690,55893,3,1
2,Payment,1764751513.431447,71980,14,1
4,Delivery,1764751513.431447,51131,12,1
1,NewOrder,1764751513.431473,68539,8,1
2,Payment,1764751513.431492,16512,15,1
2,Payment,1764751513.431499,68469,5,1
2,Payment,1764751513.433124,49560,2,1
2,Payment,1764751513.439366,132314,1,1
1,NewOrder,1764751513.442484,61049,10,1
1,NewOrder,1764751513.442531,60853,11,1
5,StockLevel,1764751513.442580,57434,4,1
3,OrderStatus,1764751513.447787,823,9,1
2,Payment,1764751513.447789,55689,7,1
2,Payment,1764751513.447802,55751,0,1
2,Payment,1764751513.448010,123702,15,1
1,NewOrder,1764751513.448614,55135,9,1
2,Payment,1764751513.482594,20925,3,1
2,Payment,1764751513.482594,21087,12,1
5,StockLevel,1764751513.482634,20824,13,1
2,Payment,1764751513.482690,20717,2,1
4,Delivery,1764751513.499990,74038,5,1
2,Payment,1764751513.500013,71674,6,1
2,Payment,1764751513.500017,66912,8,1
1,NewOrder,1764751513.500020,74178,4,1
1,NewOrder,1764751513.503389,70603,11,1
3,OrderStatus,1764751513.503423,3216,2,1
1,NewOrder,1764751513.503432,70899,14,1
1,NewOrder,1764751513.503460,70509,13,1
2,Payment,1764751513.503484,105690,7,1
1,NewOrder,1764751513.503524,70551,3,1
2,Payment,1764751513.503536,105584,10,1
1,NewOrder,1764751513.503554,70350,0,1
1,NewOrder,1764751513.503686,70248,12,1
2,Payment,1764751513.503753,70259,9,1
2,Payment,1764751513.506646,102472,2,1
2,Payment,1764751513.566946,32697,8,1
3,OrderStatus,1764751513.571688,17889,1,1
1,NewOrder,1764751513.571696,46669,6,1
1,NewOrder,1764751513.571717,37750,15,1
1,NewOrder,1764751513.573912,35268,0,1
2,Payment,1764751513.573939,35181,12,1
2,Payment,1764751513.573974,53260,13,1
1,NewOrder,1764751513.573998,35232,11,1
1,NewOrder,1764751513.574015,64191,9,1
1,NewOrder,1764751513.574031,35329,5,1
2,Payment,1764751513.574080,35131,3,1
2,Payment,1764751513.574202,35070,4,1
2,Payment,1764751513.574338,35179,14,1
2,Payment,1764751513.589592,37610,1,1
1,NewOrder,1764751513.599662,27538,8,1
1,NewOrder,1764751513.609132,25494,2,1
1,NewOrder,1764751513.609132,21850,10,1
2,Payment,1764751513.609132,29102,12,1
2,Payment,1764751513.609180,18049,7,1
4,Delivery,1764751513.609186,32202,0,1
4,Delivery,1764751513.609213,32028,3,1
1,NewOrder,1764751513.609231,25382,11,1
1,NewOrder,1764751513.609274,21772,4,1
1,NewOrder,1764751513.609366,25249,5,1
2,Payment,1764751513.609473,17687,15,1
1,NewOrder,1764751513.609522,21475,14,1
1,NewOrder,1764751513.618377,104311,6,1
1,NewOrder,1764751513.627171,25163,15,1
2,Payment,1764751513.627207,14026,8,1
1,NewOrder,1764751513.627209,90137,1,1
2,Payment,1764751513.627235,11095,7,1
3,OrderStatus,1764751513.627240,1452,13,1
2,Payment,1764751513.628697,132789,13,1
1,NewOrder,1764751513.630988,86243,10,1
1,NewOrder,1764751513.631002,115903,14,1
1,NewOrder,1764751513.631049,92183,4,1
2,Payment,1764751513.634621,17651,11,1
1,NewOrder,1764751513.634621,88566,5,1
2,Payment,1764751513.634631,17714,2,1
1,NewOrder,1764751513.638238,84188,9,1
2,Payment,1764751513.638241,84271,12,1
2,Payment,1764751513.638335,84707,7,1
1,NewOrder,1764751513.641241,81861,8,1
3,OrderStatus,1764751513.641247,81339,3,1
2,Payment,1764751513.641395,81522,0,1
5,StockLevel,1764751513.652282,94617,11,1
1,NewOrder,1764751513.652341,94614,15,1
1,NewOrder,1764751513.652351,94611,2,1
2,Payment,1764751513.717249,30534,10,1
2,Payment,1764751513.717351,30097,1,1
2,Payment,1764751513.722431,61819,9,1
2,Payment,1764751513.722517,61280,12,1
1,NewOrder,1764751513.722592,46572,3,1
3,OrderStatus,1764751513.722693,1426,6,1
1,NewOrder,1764751513.722922,46232,0,1
1,NewOrder,1764751513.723048,46297,7,1
1,NewOrder,1764751513.723104,56775,8,1
2,Payment,1764751513.723191,37682,5,1
2,Payment,1764751513.723234,60620,4,1
3,OrderStatus,1764751513.724124,45196,6,1
3,OrderStatus,1764751513.746916,1121,11,1
3,OrderStatus,1764751513.746916,32935,14,1
2,Payment,1764751513.746958,36899,15,1
1,NewOrder,1764751513.746968,36815,2,1
1,NewOrder,1764751513.747454,47903,1,1
1,NewOrder,1764751513.747787,47580,10,1
1,NewOrder,1764751513.748042,35734,11,1
1,NewOrder,1764751513.760886,34625,5,1
5,StockLevel,1764751513.761493,22346,13,1
1,NewOrder,1764751513.769168,29873,0,1
2,Payment,1764751513.769173,26299,3,1
1,NewOrder,1764751513.769326,29508,6,1
1,NewOrder,1764751513.769348,29469,7,1
2,Payment,1764751513.779863,18864,14,1
2,Payment,1764751513.779886,18940,8,1
5,StockLevel,1764751513.783782,15105,11,1
2,Payment,1764751513.783788,15124,2,1
1,NewOrder,1764751513.783801,33175,12,1
1,NewOrder,1764751513.783842,30166,13,1
2,Payment,1764751513.783860,15265,4,1
4,Delivery,1764751513.783862,32597,15,1
2,Payment,1764751513.784263,15335,9,1
1,NewOrder,1764751513.795367,35036,1,1
2,Payment,1764751513.795374,20698,10,1
1,NewOrder,1764751513.795478,21671,3,1
5,StockLevel,1764751513.795514,18495,5,1
1,NewOrder,1764751513.798734,23170,14,1
1,NewOrder,1764751513.798818,22730,7,1
1,NewOrder,1764751513.798832,27828,8,1
2,Payment,1764751513.798835,17314,6,1
1,NewOrder,1764751513.798892,22626,11,1
1,NewOrder,1764751513.798918,17316,2,1
1,NewOrder,1764751513.799046,27440,0,1
2,Payment,1764751513.799130,16957,4,1
2,Payment,1764751513.799604,31628,9,1
1,NewOrder,1764751513.814020,34278,5,1
2,Payment,1764751513.814021,18158,13,1
1,NewOrder,1764751513.816078,19691,10,1
1,NewOrder,1764751513.816092,19615,4,1
3,OrderStatus,1764751513.816155,1072,6,1
2,Payment,1764751513.816240,14556,2,1
4,Delivery,1764751513.816464,33035,15,1
2,Payment,1764751513.816982,31386,12,1
1,NewOrder,1764751513.817154,31272,3,1
4,Delivery,1764751513.817232,31227,6,1
1,NewOrder,1764751513.821526,27883,11,1
2,Payment,1764751513.821554,14205,7,1
2,Payment,1764751513.821909,13798,14,1
2,Payment,1764751513.826497,21927,0,1
2,Payment,1764751513.826667,21680,8,1
1,NewOrder,1764751513.830411,19010,1,1
2,Payment,1764751513.830804,17546,2,1
5,StockLevel,1764751513.831239,18092,9,1
2,Payment,1764751513.832185,51373,13,1
2,Payment,1764751513.835718,13743,4,1
2,Payment,1764751513.835719,13749,14,1
1,NewOrder,1764751513.835761,47962,7,1
2,Payment,1764751513.835774,13499,10,1
1,NewOrder,1764751513.848311,35256,5,1
5,StockLevel,1764751513.848355,35213,8,1
2,Payment,1764751513.848356,35217,2,1
2,Payment,1764751513.848373,52355,12,1
2,Payment,1764751513.848429,35124,0,1
1,NewOrder,1764751513.848432,35638,3,1
2,Payment,1764751513.848461,35140,6,1
5,StockLevel,1764751513.849279,34274,10,1
1,NewOrder,1764751513.849337,46603,9,1
1,NewOrder,1764751513.849411,41666,11,1
2,Payment,1764751513.849427,51399,1,1
2,Payment,1764751513.849467,34484,4,1
1,NewOrder,1764751513.849473,34198,14,1
1,NewOrder,1764751513.849502,34246,15,1
5,StockLevel,1764751513.883569,17125,10,1
1,NewOrder,1764751513.883569,29712,13,1
1,NewOrder,1764751513.883569,31696,0,1
2,Payment,1764751513.883573,17136,5,1
4,Delivery,1764751513.883574,39358,8,1
2,Payment,1764751513.883579,31543,2,1
5,StockLevel,1764751513.883607,17169,6,1
2,Payment,1764751513.883674,17049,14,1
1,NewOrder,1764751513.883726,31513,7,1
1,NewOrder,1764751513.883749,29450,15,1
4,Delivery,1764751513.883956,29251,4,1
2,Payment,1764751513.884075,18239,3,1
2,Payment,1764751513.891090,16620,11,1
2,Payment,1764751513.895952,17383,9,1
4,Delivery,1764751513.900704,34139,10,1
1,NewOrder,1764751513.900717,24947,5,1
2,Payment,1764751513.900724,14373,14,1
2,Payment,1764751513.900735,14718,12,1
2,Payment,1764751513.900782,14379,6,1
1,NewOrder,1764751513.900829,30554,1,1
1,NewOrder,1764751513.902320,22249,3,1
2,Payment,1764751513.907718,15229,11,1
2,Payment,1764751513.913206,18016,15,1
1,NewOrder,1764751513.913213,30007,4,1
2,Payment,1764751513.913284,33028,13,1
1,NewOrder,1764751513.913341,30122,9,1
1,NewOrder,1764751513.915105,28370,14,1
1,NewOrder,1764751513.915129,24526,2,1
1,NewOrder,1764751513.915167,28115,6,1
5,StockLevel,1764751513.915245,24918,7,1
2,Payment,1764751513.915267,15733,0,1
2,Payment,1764751513.915458,15765,12,1
1,NewOrder,1764751513.922958,35254,11,1
5,StockLevel,1764751513.922996,18742,8,1
2,Payment,1764751513.924576,15818,3,1
2,Payment,1764751513.925673,17737,5,1
1,NewOrder,1764751513.931012,32176,0,1
2,Payment,1764751513.931232,34043,12,1
2,Payment,1764751513.931234,15011,15,1
2,Payment,1764751513.931389,14859,1,1
1,NewOrder,1764751513.934851,32519,10,1
4,Delivery,1764751513.939668,61810,2,1
2,Payment,1764751513.940171,23203,7,1
2,Payment,1764751513.940411,19268,3,1
1,NewOrder,1764751513.941746,36223,8,1
1,NewOrder,1764751513.943228,24142,4,1
1,NewOrder,1764751513.943289,24184,6,1
5,StockLevel,1764751513.943417,19770,5,1
3,OrderStatus,1764751513.943469,19868,9,1
2,Payment,1764751513.943479,63400,14,1
2,Payment,1764751513.946254,21392,15,1
1,NewOrder,1764751513.946259,31695,1,1
1,NewOrder,1764751513.946314,55155,13,1
2,Payment,1764751513.958226,19720,11,1
2,Payment,1764751513.959690,25397,3,1
2,Payment,1764751513.963198,38278,5,1
4,Delivery,1764751513.963199,50161,0,1
3,OrderStatus,1764751513.963344,21763,9,1
2,Payment,1764751513.963383,38152,7,1
1,NewOrder,1764751513.965282,41719,12,1
2,Payment,1764751513.967377,39969,10,1
1,NewOrder,1764751513.967378,55259,4,1
1,NewOrder,1764751513.967476,55847,6,1
1,NewOrder,1764751513.967653,39263,15,1
4,Delivery,1764751513.977958,51790,11,1
1,NewOrder,1764751513.977963,35400,1,1
4,Delivery,1764751513.977974,44524,8,1
1,NewOrder,1764751513.985098,31983,3,1
2,Payment,1764751513.985114,37790,9,1
2,Payment,1764751514.001483,15470,13,1
2,Payment,1764751514.001483,15448,5,1
4,Delivery,1764751514.001486,41853,2,1
2,Payment,1764751514.001538,15483,7,1
2,Payment,1764751514.006887,15575,14,1
1,NewOrder,1764751514.006918,24908,15,1
1,NewOrder,1764751514.007008,36446,12,1
1,NewOrder,1764751514.007352,29856,10,1
2,Payment,1764751514.013371,18451,0,1
1,NewOrder,1764751514.013372,23796,1,1
1,NewOrder,1764751514.016940,27070,5,1
4,Delivery,1764751514.016967,29111,13,1
1,NewOrder,1764751514.017027,26933,7,1
2,Payment,1764751514.017087,14736,3,1
2,Payment,1764751514.022474,20947,14,1
2,Payment,1764751514.022514,14755,8,1
5,StockLevel,1764751514.022654,14608,4,1
2,Payment,1764751514.022908,21061,9,1
4,Delivery,1764751514.023329,20797,6,1
1,NewOrder,1764751514.029756,23780,11,1
1,NewOrder,1764751514.031830,131417,3,1
1,NewOrder,1764751514.031831,18807,0,1
5,StockLevel,1764751514.031833,12230,15,1
1,NewOrder,1764751514.037175,134016,1,1
1,NewOrder,1764751514.037214,133842,10,1
1,NewOrder,1764751514.037268,131256,4,1
2,Payment,1764751514.037276,13490,8,1
5,StockLevel,1764751514.043350,119909,2,1
2,Payment,1764751514.043428,119906,14,1
2,Payment,1764751514.043460,119786,12,1
1,NewOrder,1764751514.043965,127403,7,1
1,NewOrder,1764751514.043976,127106,9,1
2,Payment,1764751514.044012,124472,5,1
1,NewOrder,1764751514.044065,127257,15,1
2,Payment,1764751514.044128,124381,6,1
2,Payment,1764751514.046085,128524,13,1
2,Payment,1764751514.050651,120423,0,1
1,NewOrder,1764751514.050774,120547,8,1
2,Payment,1764751514.053545,117545,11,1
1,NewOrder,1764751514.163263,29043,12,1
2,Payment,1764751514.163264,11534,3,1
2,Payment,1764751514.163265,11576,2,1
2,Payment,1764751514.163337,11254,14,1
2,Payment,1764751514.168496,12965,5,1
2,Payment,1764751514.168517,12949,6,1
1,NewOrder,1764751514.168530,28644,4,1
1,NewOrder,1764751514.171062,30872,10,1
4,Delivery,1764751514.171081,42251,0,1
5,StockLevel,1764751514.171088,12564,9,1
1,NewOrder,1764751514.171092,34741,11,1
2,Payment,1764751514.171194,20996,1,1
5,StockLevel,1764751514.171325,14480,8,1
1,NewOrder,1764751514.171328,27997,15,1
2,Payment,1764751514.171372,27897,7,1
1,NewOrder,1764751514.174597,27341,14,1
4,Delivery,1764751514.174615,41741,13,1
2,Payment,1764751514.174802,12820,3,1
1,NewOrder,1764751514.174844,22343,2,1
1,NewOrder,1764751514.181476,28176,5,1
4,Delivery,1764751514.181478,24020,6,1
2,Payment,1764751514.183659,13535,9,1
2,Payment,1764751514.185828,13347,8,1
3,OrderStatus,1764751514.187631,13364,3,1
1,NewOrder,1764751514.192202,32196,1,1
1,NewOrder,1764751514.192312,27993,12,1
2,Payment,1764751514.197188,16169,4,1
1,NewOrder,1764751514.197196,19233,2,1
2,Payment,1764751514.197202,16304,9,1
1,NewOrder,1764751514.199183,14369,8,1
2,Payment,1764751514.199276,14077,7,1
1,NewOrder,1764751514.199351,20948,15,1
5,StockLevel,1764751514.201004,12442,3,1
2,Payment,1764751514.201941,24882,10,1
2,Payment,1764751514.201944,14330,14,1
1,NewOrder,1764751514.205510,31654,6,1
2,Payment,1764751514.205842,14354,11,1
2,Payment,1764751514.209665,17062,5,1
2,Payment,1764751514.213344,10841,0,1
2,Payment,1764751514.213362,11176,7,1
1,NewOrder,1764751514.213363,35548,4,1
2,Payment,1764751514.213454,10589,3,1
1,NewOrder,1764751514.213512,23602,9,1
2,Payment,1764751514.213559,10177,8,1
2,Payment,1764751514.216284,10274,14,1
1,NewOrder,1764751514.216363,23859,13,1
2,Payment,1764751514.216435,13740,2,1
1,NewOrder,1764751514.220212,35715,11,1
2,Payment,1764751514.220308,19065,15,1
1,NewOrder,1764751514.220311,23351,12,1
1,NewOrder,1764751514.223748,25234,8,1
1,NewOrder,1764751514.224052,24918,3,1
3,OrderStatus,1764751514.224194,773,0,1
2,Payment,1764751514.224405,19281,1,1
2,Payment,1764751514.224544,15528,7,1
2,Payment,1764751514.224973,14415,0,1
2,Payment,1764751514.226569,39345,14,1
5,StockLevel,1764751514.226733,16926,5,1
2,Payment,1764751514.226830,12566,10,1
1,NewOrder,1764751514.230187,25931,2,1
1,NewOrder,1764751514.237129,22223,9,1
2,Payment,1764751514.237174,18590,6,1
2,Payment,1764751514.239381,13711,15,1
2,Payment,1764751514.239395,16477,0,1
1,NewOrder,1764751514.239403,19802,10,1
2,Payment,1764751514.240078,27076,7,1
2,Payment,1764751514.240228,15757,13,1
2,Payment,1764751514.243671,12286,5,1
2,Payment,1764751514.243673,23789,12,1
2,Payment,1764751514.243692,12288,1,1
1,NewOrder,1764751514.248922,35697,4,1
2,Payment,1764751514.248977,13248,3,1
1,NewOrder,1764751514.248989,22127,8,1
2,Payment,1764751514.253102,27738,15,1
1,NewOrder,1764751514.255774,32545,6,1
2,Payment,1764751514.255880,11178,0,1
1,NewOrder,1764751514.255929,40745,11,1
5,StockLevel,1764751514.255965,11064,5,1
2,Payment,1764751514.255983,11148,1,1
2,Payment,1764751514.255989,25016,13,1
2,Payment,1764751514.256125,32211,2,1
1,NewOrder,1764751514.259213,32502,10,1
2,Payment,1764751514.259359,11730,9,1
1,NewOrder,1764751514.262233,31576,3,1
1,NewOrder,1764751514.265926,30981,14,1
5,StockLevel,1764751514.267038,4728,5,1
1,NewOrder,1764751514.267066,29748,0,1
4,Delivery,1764751514.267138,26423,1,1
2,Payment,1764751514.267161,21196,7,1
1,NewOrder,1764751514.267468,29291,12,1
2,Payment,1764751514.271099,17252,9,1
1,NewOrder,1764751514.271123,22447,8,1
1,NewOrder,1764751514.271773,16788,5,1
2,Payment,1764751514.280855,12804,15,1
2,Payment,1764751514.281016,12715,13,1
1,NewOrder,1764751514.284629,17866,4,1
2,Payment,1764751514.288331,14365,6,1
2,Payment,1764751514.288344,11330,2,1
3,OrderStatus,1764751514.288363,1105,9,1
2,Payment,1764751514.288364,27998,7,1
4,Delivery,1764751514.288564,37682,5,1
2,Payment,1764751514.289474,12826,9,1
2,Payment,1764751514.291721,38224,10,1
2,Payment,1764751514.293568,34575,1,1
1,NewOrder,1764751514.293577,23677,8,1
1,NewOrder,1764751514.293666,23644,15,1
2,Payment,1764751514.293734,12165,13,1
1,NewOrder,1764751514.293815,22456,3,1
1,NewOrder,1764751514.296684,29522,11,1
1,NewOrder,1764751514.296766,26518,12,1
2,Payment,1764751514.296821,12259,0,1
2,Payment,1764751514.296913,17036,14,1
2,Payment,1764751514.299705,13158,2,1
2,Payment,1764751514.302309,13850,9,1
2,Payment,1764751514.302503,13855,4,1
2,Payment,1764751514.302701,26999,6,1
3,OrderStatus,1764751514.305906,10275,13,1
1,NewOrder,1764751514.309089,25311,0,1
1,NewOrder,1764751514.312872,16965,2,1
3,OrderStatus,1764751514.313957,9076,14,1
1,NewOrder,1764751514.316167,23093,9,1
3,OrderStatus,1764751514.316190,867,13,1
2,Payment,1764751514.316274,13731,3,1
4,Delivery,1764751514.316365,38902,4,1
4,Delivery,1764751514.316369,48292,7,1
1,NewOrder,1764751514.317062,19949,13,1
2,Payment,1764751514.317260,17034,8,1
2,Payment,1764751514.317316,12398,15,1
1,NewOrder,1764751514.323047,41671,14,1
2,Payment,1764751514.323290,13364,12,1
2,Payment,1764751514.326224,13033,11,1
1,NewOrder,1764751514.326254,28853,5,1
1,NewOrder,1764751514.328170,34359,1,1
2,Payment,1764751514.329708,13008,6,1
2,Payment,1764751514.329722,15574,15,1
2,Payment,1764751514.329843,12891,2,1
1,NewOrder,1764751514.329952,26578,10,1
1,NewOrder,1764751514.330011,19119,3,1
1,NewOrder,1764751514.334304,39355,8,1
1,NewOrder,1764751514.334402,30345,0,1
1,NewOrder,1764751514.336662,27891,12,1
2,Payment,1764751514.338518,16638,13,1
2,Payment,1764751514.339265,15886,11,1
1,NewOrder,1764751514.339268,37807,9,1
2,Payment,1764751514.342725,12577,6,1
2,Payment,1764751514.342742,16198,2,1
1,NewOrder,1764751514.345306,28269,15,1
2,Payment,1764751514.349142,13411,3,1
2,Payment,1764751514.355119,18555,5,1
1,NewOrder,1764751514.355161,30735,11,1
2,Payment,1764751514.355164,9772,13,1
3,OrderStatus,1764751514.355270,1594,4,1
2,Payment,1764751514.355309,18309,6,1
1,NewOrder,1764751514.356536,24533,10,1
3,OrderStatus,1764751514.356870,7685,4,1
1,NewOrder,1764751514.358951,26767,2,1
1,NewOrder,1764751514.362539,27422,1,1
1,NewOrder,1764751514.362561,32020,3,1
1,NewOrder,1764751514.364560,33079,12,1
5,StockLevel,1764751514.364561,16498,4,1
2,Payment,1764751514.364668,25418,7,1
1,NewOrder,1764751514.364720,26197,14,1
2,Payment,1764751514.364751,16328,0,1
2,Payment,1764751514.364939,16009,13,1
1,NewOrder,1764751514.373589,27390,15,1
2,Payment,1764751514.373666,16373,8,1
2,Payment,1764751514.373680,16273,5,1
1,NewOrder,1764751514.373820,27201,6,1
1,NewOrder,1764751514.377084,24424,9,1
2,Payment,1764751514.380959,16718,13,1
1,NewOrder,1764751514.381062,35006,4,1
1,NewOrder,1764751514.381077,20363,10,1
1,NewOrder,1764751514.381081,27302,0,1
1,NewOrder,1764751514.385727,25206,2,1
1,NewOrder,1764751514.385906,26954,11,1
2,Payment,1764751514.389966,13935,5,1
1,NewOrder,1764751514.389970,23144,1,1
5,StockLevel,1764751514.390046,13822,8,1
2,Payment,1764751514.390089,13789,7,1
2,Payment,1764751514.390924,13002,14,1
2,Payment,1764751514.394592,14704,3,1
3,OrderStatus,1764751514.397648,1285,12,1
2,Payment,1764751514.397685,11763,13,1
1,NewOrder,1764751514.398939,23948,12,1
3,OrderStatus,1764751514.400986,944,15,1
2,Payment,1764751514.401028,15054,6,1
2,Payment,1764751514.401447,14658,10,1
2,Payment,1764751514.401514,27028,9,1
1,NewOrder,1764751514.401936,24152,15,1
1,NewOrder,1764751514.403876,21336,8,1
1,NewOrder,1764751514.403885,15920,7,1
2,Payment,1764751514.403903,19012,5,1
1,NewOrder,1764751514.403933,26550,14,1
1,NewOrder,1764751514.408393,27430,0,1
1,NewOrder,1764751514.409304,6586,3,1
1,NewOrder,1764751514.409462,19138,13,1
3,OrderStatus,1764751514.410941,2876,2,1
1,NewOrder,1764751514.412867,17768,11,1
1,NewOrder,1764751514.413119,28344,1,1
1,NewOrder,1764751514.413824,16626,2,1
1,NewOrder,1764751514.415896,23227,3,1
2,Payment,1764751514.416071,31650,4,1
3,OrderStatus,1764751514.416091,12364,6,1
1,NewOrder,1764751514.416107,31351,10,1
1,NewOrder,1764751514.419814,27682,7,1
1,NewOrder,1764751514.422897,18753,12,1
2,Payment,1764751514.422923,9643,5,1
1,NewOrder,1764751514.425220,27988,8,1
1,NewOrder,1764751514.426096,30437,15,1
1,NewOrder,1764751514.428462,28250,6,1
2,Payment,1764751514.428549,19056,9,1
1,NewOrder,1764751514.428606,27818,13,1
1,NewOrder,1764751514.430457,25913,2,1
5,StockLevel,1764751514.430490,17269,14,1
1,NewOrder,1764751514.430639,22403,11,1
3,OrderStatus,1764751514.432573,4088,5,1
1,NewOrder,1764751514.435832,20918,0,1
3,OrderStatus,1764751514.436670,1120,5,1
1,NewOrder,1764751514.437796,40796,5,1
5,StockLevel,1764751514.439130,17238,3,1
1,NewOrder,1764751514.441473,22397,1,1
1,NewOrder,1764751514.441654,22112,12,1
2,Payment,1764751514.447469,16306,10,1
2,Payment,1764751514.447505,16371,7,1
1,NewOrder,1764751514.447611,23187,9,1
1,NewOrder,1764751514.447724,27474,4,1
4,Delivery,1764751514.447761,27264,14,1
2,Payment,1764751514.453059,10816,11,1
2,Payment,1764751514.453217,13820,8,1
2,Payment,1764751514.456376,14363,3,1
2,Payment,1764751514.456378,14410,2,1
2,Payment,1764751514.456430,18579,13,1
5,StockLevel,1764751514.456541,14191,15,1
1,NewOrder,1764751514.456718,26444,6,1
1,NewOrder,1764751514.456756,21858,0,1
2,Payment,1764751514.463777,67695,12,1
2,Payment,1764751514.463783,11212,10,1
4,Delivery,1764751514.463877,23540,1,1
1,NewOrder,1764751514.463878,30406,11,1
2,Payment,1764751514.463883,14841,7,1
2,Payment,1764751514.467043,16090,8,1
1,NewOrder,1764751514.470741,23347,15,1
1,NewOrder,1764751514.470746,23329,3,1
2,Payment,1764751514.470791,16634,2,1
1,NewOrder,1764751514.470805,27922,9,1
1,NewOrder,1764751514.475015,29412,10,1
2,Payment,1764751514.475018,12671,13,1
2,Payment,1764751514.475034,12706,14,1
1,NewOrder,1764751514.475205,29206,4,1
1,NewOrder,1764751514.478601,20481,5,1
1,NewOrder,1764751514.478622,25789,0,1
2,Payment,1764751514.478731,15338,7,1
2,Payment,1764751514.483143,15588,8,1
2,Payment,1764751514.483170,41803,6,1
1,NewOrder,1764751514.487431,20295,1,1
2,Payment,1764751514.487433,16972,2,1
2,Payment,1764751514.487694,17357,13,1
2,Payment,1764751514.487742,16704,14,1
1,NewOrder,1764751514.494079,30936,7,1
1,NewOrder,1764751514.494083,36945,3,1
2,Payment,1764751514.494095,59101,15,1
2,Payment,1764751514.494291,30692,11,1
2,Payment,1764751514.498737,26351,9,1
1,NewOrder,1764751514.498738,49984,8,1
1,NewOrder,1764751514.499088,49715,5,1
2,Payment,1764751514.504417,26680,2,1
3,OrderStatus,1764751514.504419,3438,0,1
2,Payment,1764751514.504420,26634,4,1
2,Payment,1764751514.504433,48717,10,1
2,Payment,1764751514.504448,26838,14,1
2,Payment,1764751514.505300,47919,13,1
2,Payment,1764751514.507734,66597,1,1
1,NewOrder,1764751514.507864,40866,0,1
4,Delivery,1764751514.524990,28197,6,1
2,Payment,1764751514.524993,28123,11,1
1,NewOrder,1764751514.525021,34213,7,1
3,OrderStatus,1764751514.525094,23658,9,1
1,NewOrder,1764751514.531037,22307,3,1
2,Payment,1764751514.531062,22163,4,1
2,Payment,1764751514.531103,22955,2,1
2,Payment,1764751514.531292,43021,14,1
5,StockLevel,1764751514.531478,22165,12,1
2,Payment,1764751514.548739,20431,8,1
2,Payment,1764751514.548740,20324,0,1
1,NewOrder,1764751514.548758,28785,9,1
4,Delivery,1764751514.548806,32588,5,1
1,NewOrder,1764751514.553125,28058,11,1
2,Payment,1764751514.553157,16227,10,1
2,Payment,1764751514.553189,15899,6,1
1,NewOrder,1764751514.553202,25669,15,1
1,NewOrder,1764751514.553225,28602,13,1
5,StockLevel,1764751514.553227,16794,4,1
1,NewOrder,1764751514.553347,24210,3,1
4,Delivery,1764751514.553649,25258,12,1
1,NewOrder,1764751514.554064,23519,2,1
1,NewOrder,1764751514.559244,41270,7,1
2,Payment,1764751514.569076,12130,0,1
1,NewOrder,1764751514.569096,26542,6,1
2,Payment,1764751514.569173,12214,8,1
5,StockLevel,1764751514.569393,11849,10,1
1,NewOrder,1764751514.570027,20117,4,1
2,Payment,1764751514.574320,15924,14,1
3,OrderStatus,1764751514.574338,4004,1,1
1,NewOrder,1764751514.577551,28227,9,1
1,NewOrder,1764751514.577564,18159,3,1
1,NewOrder,1764751514.577589,18084,2,1
5,StockLevel,1764751514.578348,13922,1,1
2,Payment,1764751514.578878,26885,15,1
2,Payment,1764751514.578914,16720,12,1
1,NewOrder,1764751514.581190,24578,11,1
1,NewOrder,1764751514.581213,28541,0,1
2,Payment,1764751514.581249,14439,10,1
2,Payment,1764751514.581390,19006,8,1
1,NewOrder,1764751514.581399,31614,5,1
1,NewOrder,1764751514.581831,23937,13,1
1,NewOrder,1764751514.590154,32988,4,1
1,NewOrder,1764751514.590251,22874,14,1
2,Payment,1764751514.592276,17234,1,1
1,NewOrder,1764751514.595642,20773,12,1
2,Payment,1764751514.595646,13829,6,1
2,Payment,1764751514.595680,27481,2,1
2,Payment,1764751514.595694,13795,10,1
1,NewOrder,1764751514.595731,27556,3,1
2,Payment,1764751514.600407,12605,8,1
1,NewOrder,1764751514.600521,27136,7,1
2,Payment,1764751514.605773,13938,15,1
1,NewOrder,1764751514.605775,22209,11,1
2,Payment,1764751514.605777,13915,13,1
2,Payment,1764751514.605786,17736,9,1
1,NewOrder,1764751514.609484,17681,6,1
2,Payment,1764751514.609496,28799,10,1
2,Payment,1764751514.609513,48152,1,1
2,Payment,1764751514.609760,13554,0,1
2,Payment,1764751514.613019,14057,8,1
1,NewOrder,1764751514.613020,29549,5,1
1,NewOrder,1764751514.613127,34225,14,1
1,NewOrder,1764751514.616422,34213,12,1
1,NewOrder,1764751514.619698,31031,13,1
1,NewOrder,1764751514.619717,22931,15,1
1,NewOrder,1764751514.623153,30560,4,1
2,Payment,1764751514.623168,19467,2,1
1,NewOrder,1764751514.623294,27331,3,1
2,Payment,1764751514.623318,19260,0,1
1,NewOrder,1764751514.623528,29886,9,1
3,OrderStatus,1764751514.627084,15506,8,1
3,OrderStatus,1764751514.627174,1636,6,1
1,NewOrder,1764751514.627665,25916,7,1
2,Payment,1764751514.627990,20170,11,1
1,NewOrder,1764751514.628817,24773,6,1
1,NewOrder,1764751514.638311,24848,10,1
2,Payment,1764751514.642582,14997,5,1
2,Payment,1764751514.642587,15018,0,1
1,NewOrder,1764751514.642597,26246,8,1
5,StockLevel,1764751514.642637,11155,2,1
1,NewOrder,1764751514.642659,20498,15,1
5,StockLevel,1764751514.647359,13464,14,1
1,NewOrder,1764751514.648222,22972,11,1
2,Payment,1764751514.650632,11722,3,1
1,NewOrder,1764751514.650641,30607,12,1
2,Payment,1764751514.650736,12411,13,1
2,Payment,1764751514.653423,9790,9,1
2,Payment,1764751514.653588,52930,7,1
2,Payment,1764751514.653593,17653,6,1
1,NewOrder,1764751514.653721,27135,4,1
1,NewOrder,1764751514.653799,39470,2,1
2,Payment,1764751514.657586,13546,5,1
2,Payment,1764751514.657613,13401,0,1
2,Payment,1764751514.657673,13432,1,1
2,Payment,1764751514.660830,13564,14,1
1,NewOrder,1764751514.662362,34464,3,1
3,OrderStatus,1764751514.663157,1659,13,1
2,Payment,1764751514.663164,27038,15,1
1,NewOrder,1764751514.663166,26996,10,1
1,NewOrder,1764751514.663220,30013,9,1
1,NewOrder,1764751514.664822,25371,13,1
1,NewOrder,1764751514.668850,21365,8,1
1,NewOrder,1764751514.671020,35595,0,1
1,NewOrder,1764751514.671112,25717,1,1
1,NewOrder,1764751514.671139,25692,5,1
5,StockLevel,1764751514.671202,14345,11,1
2,Payment,1764751514.671250,18935,6,1
1,NewOrder,1764751514.674401,27367,14,1
1,NewOrder,1764751514.680864,20930,4,1
2,Payment,1764751514.681256,15786,12,1
1,NewOrder,1764751514.685561,20892,11,1
1,NewOrder,1764751514.690171,20014,10,1
1,NewOrder,1764751514.690192,25946,6,1
4,Delivery,1764751514.690200,35460,13,1
5,StockLevel,1764751514.690209,16414,15,1
1,NewOrder,1764751514.690222,20047,8,1
2,Payment,1764751514.693242,13304,9,1
2,Payment,1764751514.693279,13167,2,1
2,Payment,1764751514.696834,13349,3,1
1,NewOrder,1764751514.696838,33377,1,1
2,Payment,1764751514.696839,13381,5,1
2,Payment,1764751514.697047,13177,12,1
1,NewOrder,1764751514.701775,28363,14,1
2,Payment,1764751514.701801,31956,4,1
2,Payment,1764751514.706452,13336,2,1
1,NewOrder,1764751514.706460,19241,11,1
2,Payment,1764751514.706524,13403,7,1
1,NewOrder,1764751514.706550,34030,9,1
2,Payment,1764751514.706622,19155,0,1
2,Payment,1764751514.706626,12207,15,1
2,Payment,1764751514.710191,12358,10,1
1,NewOrder,1764751514.710192,19973,3,1
2,Payment,1764751514.710226,12361,5,1
2,Payment,1764751514.710230,12355,12,1
2,Payment,1764751514.710271,15426,8,1
2,Payment,1764751514.716148,14012,6,1
1,NewOrder,1764751514.718842,18720,15,1
4,Delivery,1764751514.719796,40732,2,1
2,Payment,1764751514.719934,21927,7,1
2,Payment,1764751514.722557,10823,10,1
2,Payment,1764751514.722591,14598,12,1
2,Payment,1764751514.722594,21656,5,1
2,Payment,1764751514.725669,26602,13,1
3,OrderStatus,1764751514.725705,11328,8,1
1,NewOrder,1764751514.725708,36833,11,1
5,StockLevel,1764751514.725784,14850,0,1
1,NewOrder,1764751514.730147,22208,14,1
1,NewOrder,1764751514.730169,26000,6,1
1,NewOrder,1764751514.730171,30821,3,1
1,NewOrder,1764751514.730221,26229,1,1
1,NewOrder,1764751514.733389,29145,10,1
1,NewOrder,1764751514.733764,27033,4,1
2,Payment,1764751514.737040,15242,8,1
1,NewOrder,1764751514.737196,30139,12,1
1,NewOrder,1764751514.737568,24922,15,1
1,NewOrder,1764751514.740586,26681,9,1
2,Payment,1764751514.740637,15772,0,1
4,Delivery,1764751514.741868,31708,7,1
1,NewOrder,1764751514.744267,26794,5,1
1,NewOrder,1764751514.752288,18785,13,1
2,Payment,1764751514.752293,14965,8,1
1,NewOrder,1764751514.752358,24477,14,1
1,NewOrder,1764751514.756178,17682,6,1
1,NewOrder,1764751514.756416,38149,0,1
2,Payment,1764751514.756452,12831,1,1
1,NewOrder,1764751514.760538,37294,2,1
1,NewOrder,1764751514.760805,24340,4,1
1,NewOrder,1764751514.761000,29534,3,1
1,NewOrder,1764751514.762497,22556,15,1
2,Payment,1764751514.762540,10927,10,1
2,Payment,1764751514.762547,14244,11,1
3,OrderStatus,1764751514.767268,1117,8,1
1,NewOrder,1764751514.767275,30520,9,1
2,Payment,1764751514.767342,13158,12,1
2,Payment,1764751514.768392,16650,8,1
2,Payment,1764751514.769290,15737,1,1
2,Payment,1764751514.771080,26800,13,1
2,Payment,1764751514.771290,19244,5,1
2,Payment,1764751514.773474,17667,10,1
2,Payment,1764751514.773582,16972,7,1
2,Payment,1764751514.773867,29981,6,1
1,NewOrder,1764751514.776800,23324,11,1
3,OrderStatus,1764751514.776842,1377,14,1
2,Payment,1764751514.778227,16330,14,1
1,NewOrder,1764751514.780509,23483,12,1
4,Delivery,1764751514.785036,22404,1,1
1,NewOrder,1764751514.785049,25282,8,1
4,Delivery,1764751514.785059,56263,15,1
2,Payment,1764751514.785152,19020,4,1
1,NewOrder,1764751514.790546,21600,5,1
2,Payment,1764751514.790546,13311,3,1
2,Payment,1764751514.790561,32062,7,1
1,NewOrder,1764751514.791148,22602,10,1
2,Payment,1764751514.794565,12877,14,1
3,OrderStatus,1764751514.794573,3520,0,1
1,NewOrder,1764751514.797802,43821,9,1
1,NewOrder,1764751514.797838,45698,2,1
2,Payment,1764751514.797887,12152,13,1
2,Payment,1764751514.798099,13898,0,1
1,NewOrder,1764751514.800130,42459,11,1
3,OrderStatus,1764751514.803855,1249,6,1
1,NewOrder,1764751514.803864,45382,3,1
2,Payment,1764751514.803994,57053,12,1
2,Payment,1764751514.804178,18524,4,1
3,OrderStatus,1764751514.805111,2845,6,1
2,Payment,1764751514.807447,43400,1,1
2,Payment,1764751514.807515,42832,14,1
5,StockLevel,1764751514.807962,42047,6,1
2,Payment,1764751514.810046,33117,13,1
1,NewOrder,1764751514.810338,42851,8,1
2,Payment,1764751514.812003,53275,0,1
1,NewOrder,1764751514.812153,53152,5,1
2,Payment,1764751514.813756,27738,10,1
4,Delivery,1764751514.822635,58080,7,1
2,Payment,1764751514.822706,38493,4,1
2,Payment,1764751514.841340,24153,15,1
2,Payment,1764751514.841504,19493,10,1
2,Payment,1764751514.841629,35038,9,1
1,NewOrder,1764751514.842594,31461,11,1
1,NewOrder,1764751514.843168,30892,13,1
1,NewOrder,1764751514.843543,25197,2,1
1,NewOrder,1764751514.849278,27331,3,1
1,NewOrder,1764751514.850018,36223,6,1
3,OrderStatus,1764751514.850353,14875,14,1
3,OrderStatus,1764751514.850853,14366,1,1
1,NewOrder,1764751514.853198,27905,8,1
1,NewOrder,1764751514.861008,25213,10,1
2,Payment,1764751514.861055,15557,12,1
2,Payment,1764751514.861202,15421,4,1
1,NewOrder,1764751514.865228,22293,1,1
2,Payment,1764751514.865235,15431,14,1
2,Payment,1764751514.865285,15421,0,1
1,NewOrder,1764751514.865308,35765,5,1
1,NewOrder,1764751514.865496,29924,15,1
1,NewOrder,1764751514.868747,23558,2,1
2,Payment,1764751514.874062,13537,11,1
1,NewOrder,1764751514.874067,26976,13,1
2,Payment,1764751514.876617,11261,3,1
3,OrderStatus,1764751514.876619,10868,12,1
1,NewOrder,1764751514.876629,24448,4,1
5,StockLevel,1764751514.876673,10813,9,1
1,NewOrder,1764751514.880673,24751,14,1
1,NewOrder,1764751514.880713,27302,0,1
2,Payment,1764751514.880723,20342,7,1
1,NewOrder,1764751514.881110,29257,8,1
1,NewOrder,1764751514.886232,21751,10,1
2,Payment,1764751514.886249,42214,6,1
2,Payment,1764751514.887492,17925,9,1
2,Payment,1764751514.887495,17885,12,1
1,NewOrder,1764751514.887527,26757,1,1
2,Payment,1764751514.887606,17757,11,1
5,StockLevel,1764751514.887884,17482,3,1
3,OrderStatus,1764751514.892313,3578,2,1
3,OrderStatus,1764751514.895429,10371,15,1
2,Payment,1764751514.895898,12133,2,1
2,Payment,1764751514.901050,15985,13,1
2,Payment,1764751514.901072,13099,7,1
4,Delivery,1764751514.901079,32014,5,1
2,Payment,1764751514.901083,13021,4,1
2,Payment,1764751514.905371,12512,11,1
2,Payment,1764751514.905372,11644,3,1
1,NewOrder,1764751514.905386,33141,12,1
1,NewOrder,1764751514.905423,22965,9,1
4,Delivery,1764751514.905431,33240,14,1
1,NewOrder,1764751514.905807,22681,15,1
2,Payment,1764751514.907990,13885,10,1
1,NewOrder,1764751514.908021,32428,0,1
2,Payment,1764751514.908033,12766,2,1
1,NewOrder,1764751514.910373,31003,8,1
2,Payment,1764751514.914143,14244,4,1
2,Payment,1764751514.914179,27342,7,1
1,NewOrder,1764751514.914291,27278,1,1
2,Payment,1764751514.917026,11451,3,1
4,Delivery,1764751514.917042,44338,13,1
2,Payment,1764751514.917890,20640,11,1
2,Payment,1764751514.920810,17584,2,1
3,OrderStatus,1764751514.921883,1495,10,1
2,Payment,1764751514.923386,15897,10,1
2,Payment,1764751514.928402,35269,9,1
2,Payment,1764751514.928402,13019,4,1
4,Delivery,1764751514.928471,32730,6,1
1,NewOrder,1764751514.928484,27511,3,1
1,NewOrder,1764751514.928494,32664,15,1
1,NewOrder,1764751514.933101,31500,5,1
1,NewOrder,1764751514.938403,26293,2,1
1,NewOrder,1764751514.938534,48102,11,1
2,Payment,1764751514.938536,17466,12,1
1,NewOrder,1764751514.938678,31976,14,1
1,NewOrder,1764751514.939290,24618,10,1
1,NewOrder,1764751514.940456,27907,0,1
3,OrderStatus,1764751514.941381,14618,8,1
4,Delivery,1764751514.941428,31768,4,1
4,Delivery,1764751514.941527,20391,7,1
2,Payment,1764751514.941573,19614,1,1
5,StockLevel,1764751514.956011,17565,3,1
2,Payment,1764751514.956011,17135,12,1
2,Payment,1764751514.956012,17143,8,1
1,NewOrder,1764751514.961167,25442,15,1
1,NewOrder,1764751514.961195,25390,1,1
2,Payment,1764751514.961208,14230,6,1
2,Payment,1764751514.963677,18598,9,1
2,Payment,1764751514.964607,22040,5,1
2,Payment,1764751514.964699,17555,2,1
1,NewOrder,1764751514.970662,31622,14,1
2,Payment,1764751514.973157,13506,12,1
2,Payment,1764751514.973162,29113,8,1
2,Payment,1764751514.973583,28650,3,1
2,Payment,1764751514.975444,26850,6,1
